Line of Business,Client,Project ,Manager/Director,Project Manager,Contract Type,Status,Budget,Assigned To,Review,Internal Completion Date ,Due Date (External),BQE Project #,Region,ISO/TSO/Utility,Technology,Project Source,Notes,Column1
,,,,,"(Fixed, TM, TM+Cap)",,,,,,,,(ERCOT/WECC),,,,,
Generation Interconnection, ,Hawkeye Data 4 T3 - T3 FIS Scoping Meeting & Assistance in Negotiation of the FIS Scope,Joelle Abi-Nahed,Joelle Abi-Nahed,Fixed,Mark as Cancelled,"3,000",Georgette Khanfour,Bikram Bhandari,,1-Dec-25,,ERCOT,,BESS,,,
Generation Interconnection,"Circal USA Services, LLC",Perigee Solar TASK 2: ERCOT PSS/E MODEL QUALITY TEST AND TUNING,Joelle Abi-Nahed,Sonjoy Roy,Fixed,Can be Invoiced and Closed,"11,000",Mary Fadlallah,Sonjoy Roy,3/15/2026,30-Mar-26,403681,ERCOT,,Solar,,,
Generation Interconnection,"Circal USA Services, LLC",Perigee Solar TASK 1: ERCOT EXPEDITED SS & FIS APPLICATION,Joelle Abi-Nahed,Sonjoy Roy,Fixed,Can be Invoiced and Closed,"18,000",Mary Fadlallah,Sonjoy Roy,2/21/2026,28-Feb-26,403681,ERCOT,,Solar,,"RFI Sent out, waiting for response",
Generation Interconnection,"Circal USA Services, LLC",Perigee Solar TASK 3: GENERAL INTERCONNECTION SUPPORT & MEETINGS,Joelle Abi-Nahed,Sonjoy Roy,HNTE,Invoice time spent at end of month,"10,000",,Sonjoy Roy,,1-Dec-26,403681,ERCOT,,Solar,,,
Generation Interconnection,Plug Power,Task 1: PSCAD™ Plant Model Development ,Joelle Abi-Nahed,Joelle Abi-Nahed,Fixed,Can be Invoiced - leave open,"30,000",Bikram Bhandari,Joelle Abi Nahed,11/18/2024,20-Nov-24,,ERCOT,,,,Follow-up on the info required.,
Generation Interconnection,Plug Power,Task 2: Project Support,Joelle Abi-Nahed,Joelle Abi-Nahed,HNTE,,,,,,1-Dec-26,,ERCOT,,,,,
Generation Interconnection,174 Power Global LLC ,DI-4 Load Interconnection T2 - T2 Project Interconnection Support,Joelle Abi-Nahed,Joelle Abi-Nahed,HNTE,Mark as Cancelled,"5,000",,,,1-Dec-25,,ERCOT,,,,,
Generation Interconnection,174 Power Global LLC ,DI-4 Load Interconnection T3 - T3 PSSE Model Development,Joelle Abi-Nahed,Joelle Abi-Nahed,Fixed,Mark as Cancelled,"7,000",,,,1-Dec-24,,ERCOT,,,,we did form not models,
Generation Interconnection,174 Power Global LLC ,DI-4 Load Interconnection T4 - T4 Dynamic Load Model,Joelle Abi-Nahed,Joelle Abi-Nahed,Fixed,Mark as Cancelled,"10,000",,,,1-Dec-24,,ERCOT,,,,,
Generation Interconnection,174 Power Global LLC ,Hawkeye Data 4 T4 - T4 Project Interconnection Support,Joelle Abi-Nahed,Joelle Abi-Nahed,HNTE,Mark as Cancelled,"15,000",,,,1-Dec-25,,ERCOT,,BESS,,not yet submitted on rioo,
TPGEN,"536 Development, LLC ",ERCOT Site Selection Support T1 - T1 Site Selection Support,Joelle Abi-Nahed,Joelle Abi-Nahed,HNTE,Mark as Cancelled,"2,000",,,,1-Dec-25,,ERCOT,,,,,
Generation Interconnection,AC Digital Corp,Longbow TASK 1: LOAD INTERCONNECTION,Joelle Abi-Nahed,Joelle Abi-Nahed,HNTE,In progress,"15,000",Bikram Bhandari,Joelle Abi-Nahed,,1-Dec-26,203761,ERCOT,,BESS,,finalize reactive,
,,SUPPORT,,,,,,,,,,,,,,,fill out rioo - TO received awaiting for budge,
Generation Interconnection,AC Digital Corp,Longbow TASK 5: REACTIVE POWER COMPENSATION STUDY – SOLAR GENERATION + PUN LOAD,Joelle Abi-Nahed,Sonjoy Roy,Fixed,Can be Invoiced and Closed,"20,000",Sonjoy Roy,Joelle Abi-Nahed,6/30/2025,30-Jun-25,203761,ERCOT,,PV+load,,share with CNP once done,
,,,,,,,,,,,,,,,,,repower process?,
Generation Interconnection,AC digital Corp,Longbow Solar T7-: DEVELOP COMBINED PLANT DETAILED MODEL - LONGBOW SOLAR (PV+LOAD) + LONGBOW BESS,Joelle Abi-Nahed,Sonjoy Roy,Fixed,Can be Invoiced and Closed,"5,000",Ghida Hajj Hassan,Sonjoy Roy,12/10/2025,26-Dec-25,203761,ERCOT,,PV+load,,,
Generation Interconnection,AC digital Corp,Longbow Solar T8 SENSITIVITY - COMBINED,Joelle Abi-Nahed,Sonjoy Roy,Fixed,Can be Invoiced and Closed,"17,500",Ghida Hajj Hassan,Sonjoy Roy,12/10/2025,26-Dec-25,203761,ERCOT,,PV+load,,EPS meter design approval,
,,REACTIVE POWER SCENARIOS – (LONGBOW SOLAR + PUN LOAD + LONGBOW BESS) ,,,,,,,,,,,,,,,• If ERCOT held to 90 day notice and our submittal is 12/20 that would put us to 3/20/26. Need to confirm with ERCOT as this is an update per their request. ,
Generation Interconnection,"ACE DevCo NC, LLC  (AES)",Black Hawk TASK 1: PSSE EQUIVALENT MODEL,Joelle Abi-Nahed,Sonjoy Roy,Fixed,Can be Invoiced and Closed,"9,000",Mary Fadlallah,Sonjoy Roy,4/17/2026,1-May-26,403797,ERCOT,,PV,,PO?,
Generation Interconnection,"ACE DevCo NC, LLC  (AES)",Black Hawk TASK 2: ERCOT PSS/E MODEL QUALITY TEST AND TUNING,Joelle Abi-Nahed,Sonjoy Roy,Fixed,Can be Invoiced and Closed,"11,000",Mary Fadlallah,Sonjoy Roy,4/17/2026,28-Apr-26,403797,ERCOT,,PV,,,
Generation Interconnection,Advanced Power,"Alina Solar  Task 8: PSS/E MODEL, MODEL QUALITY TEST AND TUNING UDPATE – SOLAR ONLY – SMA SC4400",Joelle Abi-Nahed,Lea El Khoury,Fixed,Can be Invoiced and Closed,"20,000",Marise El Nacouzi,Perla Boulos,5/5/2026,14-May-26,200044,ERCOT,,solar,,HVRT with new dyr?,
Generation Interconnection,Advanced Power,Alina Solar Task 9: ERCOT FIS APPLICATION MATERIAL UPDATE – SMA SC4400,Joelle Abi-Nahed,Lea El Khoury,Fixed,Mark as Cancelled,"10,000",Marise El Nacouzi,Perla Boulos,,2-Jul-26,200044,ERCOT,,solar,,,
Generation Interconnection,Advanced Power,Alina Solar Task 10: PROJECT INTERCONNECTION SUPPORT,Joelle Abi-Nahed,Lea El Khoury,HNTE,Invoice time spent at end of month,"5,000",Lea El Khoury,Lea El Khoury,,1-Dec-26,200044,ERCOT,,solar,,,
Generation Interconnection,Advanced Power,Genesis (ironwood/callahan) T1- Load General Support,Joelle Abi-Nahed,Sonjoy Roy,HNTE,Invoice time spent at end of month,"10,000",Mary Fadlallah,Sonjoy Roy,,1-Dec-26,405568,ERCOT,,load,,,
Generation Interconnection,Advanced Power,Genesis (ironwood/callahan) T2- Load PSSE Model,Joelle Abi-Nahed,Sonjoy Roy,Fixed,Can be Invoiced - leave open,20000,Mary Fadlallah,Sonjoy Roy,25-May,30-May-26,405568,ERCOT,,load,,,
Generation Interconnection,Advanced Power,Eastland T1- Load General Support,Joelle Abi-Nahed,Sonjoy Roy,HNTE,Invoice time spent at end of month,"10,000",Ghida Hajj Hassan,Sonjoy Roy,,1-Dec-26,406056,ERCOT,,load,,,
Generation Interconnection,Advanced Power,Eastland T2- Load PSSE Model,Joelle Abi-Nahed,Sonjoy Roy,Fixed,Can be Invoiced and Closed,"20,000",Ghida Hajj Hassan,Sonjoy Roy,10-Jun,22-Jun-26,406056,ERCOT,,load,,,
Generation Interconnection,Advanced Power,Elio T1- Load General Support,Joelle Abi-Nahed,Sonjoy Roy,HNTE,Invoice time spent at end of month,"10,000",,Sonjoy Roy,,1-Dec-26,406646,ERCOT,,load,,TO?,
Generation Interconnection,Advanced Power,Elio T2- Load PSSE Model,Joelle Abi-Nahed,Sonjoy Roy,Fixed,In progress,"8,000",,Sonjoy Roy,,1-Dec-26,406646,ERCOT,,load,,,
Generation Interconnection,Advanced Power,Elio T 3: LOAD DYNAMIC LOAD MODEL,Joelle Abi-Nahed,Sonjoy Roy,Fixed,In progress,"15,000",,Sonjoy Roy,,1-Dec-26,406646,ERCOT,,load,,,
Generation Interconnection,Advanced Power,Stone Creek  T1- Load General Support,Joelle Abi-Nahed,Sonjoy Roy,HNTE,Invoice time spent at end of month,"10,000",,Sonjoy Roy,,1-Dec-26,406639,ERCOT,,load,,TO?,
Generation Interconnection,Advanced Power,Stone Creek  T2- Load PSSE Model,Joelle Abi-Nahed,Sonjoy Roy,Fixed,In progress,"8,000",,Sonjoy Roy,,1-Dec-26,406639,ERCOT,,load,,,
Generation Interconnection,Advanced Power,Stone Creek  T 3: LOAD DYNAMIC LOAD MODEL,Joelle Abi-Nahed,Sonjoy Roy,Fixed,In progress,"15,000",,Sonjoy Roy,,1-Dec-26,406639,ERCOT,,load,,,
Generation Interconnection,Advanced Power (NA) ,Calypte Solar T1 - T1 TEP Interconnection Application,Joelle Abi-Nahed,Joelle Abi-Nahed,Fixed,can be invoiced and closed,"14,000",Georgette Khanfour,Yang Zhou,3-Apr,12-Apr-24,,WECC,,solar,,,
Generation Interconnection,Advanced Power (NA) ,Calypte Storage T1 - T1 TEP Interconnection Application,Joelle Abi-Nahed,Joelle Abi-Nahed,Fixed,can be invoiced and closed,"14,000",Georgette Khanfour,Yang Zhou,3-Apr,12-Apr-24,,WECC,,Solar,,,
Generation Interconnection,Advanced Power (NA) ,Verdin Solar T1 - T1 APS Interconnection Application,Joelle Abi-Nahed,Joelle Abi-Nahed,Fixed,can be invoiced and closed,"14,000",Georgette Khanfour,Yang Zhou,29-Apr,8-May-24,,WECC,,Solar,,,
Generation Interconnection,Advanced Power (NA) ,Verdin Storage T1 - T1 APS Interconnection Application,Joelle Abi-Nahed,Joelle Abi-Nahed,Fixed,can be invoiced and closed,"14,000",Georgette Khanfour,Yang Zhou,29-Apr,8-May-24,,WECC,,BESS,,,
Generation Interconnection,Advanced Power (NA) ,Verdin solar T3 - T3 PSCAD model,Joelle Abi-Nahed,Joelle Abi-Nahed,Fixed,can be invoiced and closed,"22,000",Yang Zhou,Joelle Abi Nahed,,8-May-24,,WECC,,BESS,,,
Generation Interconnection,Advanced Power (NA) ,Calypte Solar T2 - T2 Project Interconnection Support,Joelle Abi-Nahed,Joelle Abi-Nahed,HNTE,Invoice time spent at end of month,"5,000",Georgette Khanfour,Yang Zhou,,1-Dec-26,,WECC,,solar,,TEP window closes on MAy 3rd,
Generation Interconnection,Advanced Power (NA) ,Calypte Storage T2 - T2 Project Interconnection Support,Joelle Abi-Nahed,Joelle Abi-Nahed,HNTE,Invoice time spent at end of month,"5,000",Georgette Khanfour,Yang Zhou,,1-Dec-26,,WECC,,BESS,,TEP window closes on MAy 3rd,
Generation Interconnection,Advanced Power (NA) ,Verdin Solar T2 - T2 Project Interconnection Support,Joelle Abi-Nahed,Joelle Abi-Nahed,HNTE,Invoice time spent at end of month,"5,000",,,,1-Dec-26,powerclerk (106 but only 53 operational at the time) pscad- flat +bump,WECC,,Solar,,resubmit now. May 15?,
Generation Interconnection,Advanced Power (NA) ,Verdin Storage T2 - T2 Project Interconnection Support,Joelle Abi-Nahed,Joelle Abi-Nahed,HNTE,Invoice time spent at end of month,"5,000",Georgette Khanfour,Yang Zhou,,1-Dec-26,,WECC,,BESS,,,
Generation Interconnection,Advanced Power Services Inc,Eastland TASK 1: ERCOT SS & FIS INTERCONNECTION APPLICATION (CONVENTIONAL) ,Joelle Abi-Nahed,Joelle Abi-Nahed,Fixed,Can be Invoiced and Closed,"27,200",Georgette Khanfour,Bikram Bhandari,3/13/2026,30-Mar-26,404135,ERCOT,,reciprocating engine,,no PUN for now. maybe later,
Generation Interconnection,Advanced Power Services Inc,Eastland  Task 2: ERCOT PSS/E Model Quality Test and,Joelle Abi-Nahed,Joelle Abi-Nahed,Fixed,Hold (other reason),"26,000",Georgette Khanfour,Bikram Bhandari,,1-Dec-26,404135,ERCOT,,reciprocating engine,,,
,,Tuning (Conventional) ,,,,,,,,,,,,,,,,
Generation Interconnection,Advanced Power Services Inc,Eastland  Task 3: General Interconnection Support ,Joelle Abi-Nahed,Joelle Abi-Nahed,HNTE,Invoice time spent at end of month,"5,000",Georgette Khanfour,Bikram Bhandari,,1-Dec-26,404135,ERCOT,,reciprocating engine,,,
Generation Interconnection,Advanced Power Services Inc,callahan TASK 1: ERCOT SS & FIS INTERCONNECTION APPLICATION (CONVENTIONAL) ,Joelle Abi-Nahed,Joelle Abi-Nahed,Fixed,Can be Invoiced and Closed,"34,000",Georgette Khanfour,Bikram Bhandari,3/20/2026,30-Mar-26,404134,ERCOT,,reciprocating engine,,no PUN for now. maybe later,
Generation Interconnection,Advanced Power Services Inc,callahan Task 2: ERCOT PSS/E Model Quality Test and,Joelle Abi-Nahed,Joelle Abi-Nahed,Fixed,Hold (other reason),"33,000",Georgette Khanfour,Bikram Bhandari,,1-Dec-26,404134,ERCOT,,reciprocating engine,,,
,,Tuning (Conventional) ,,,,,,,,,,,,,,,,
Generation Interconnection,Advanced Power Services Inc,callahan Task 3: General Interconnection Support ,Joelle Abi-Nahed,Joelle Abi-Nahed,HNTE,Invoice time spent at end of month,"5,000",Georgette Khanfour,Bikram Bhandari,,1-Dec-26,404134,ERCOT,,reciprocating engine,,,
Generation Interconnection,AES,Crescent (Dundee) Wind T2- PSSE MQT,Joelle Abi-Nahed,Joelle Abi-Nahed,Fixed,In progress,"25,000",,Bikram Bhandari,14-Aug,21-Aug-26,402172,ERCOT,,wind,,feb 2027 qsa,
Generation Interconnection,AES,Crescent (Dundee) Wind T4-PSCAD model development,Joelle Abi-Nahed,Joelle Abi-Nahed,Fixed,In progress,"25,000",,Bikram Bhandari,14-Aug,21-Aug-26,402172,ERCOT,,wind,,,
Generation Interconnection,AES,Crescent (Dundee) Wind T5-PSCAD MQT,Joelle Abi-Nahed,Joelle Abi-Nahed,Fixed,In progress,"32,000",,Bikram Bhandari,14-Aug,21-Aug-26,402172,ERCOT,,wind,,,
Generation Interconnection,AES,"Crescent (Dundee) Wind T6-PSSE , PSCAD benchmarking",Joelle Abi-Nahed,Joelle Abi-Nahed,Fixed,In progress,"12,000",,Bikram Bhandari,14-Aug,21-Aug-26,402172,ERCOT,,wind,,,
Generation Interconnection,AES,Crescent (Dundee) Wind T7-TSAT model development,Joelle Abi-Nahed,Joelle Abi-Nahed,Fixed,In progress,"22,000",,Bikram Bhandari,,1-Dec-26,402172,ERCOT,,wind,,,
Generation Interconnection,AES,Crescent (Dundee) Wind T8-TSAT MQT,Joelle Abi-Nahed,Joelle Abi-Nahed,Fixed,In progress,"28,000",,Bikram Bhandari,,1-Dec-26,402172,ERCOT,,wind,,,
Generation Interconnection,AES,Crescent (Dundee) Wind T10-planning,Joelle Abi-Nahed,Joelle Abi-Nahed,Fixed,Hold (other reason),"25,000",,Bikram Bhandari,,1-Dec-26,402172,ERCOT,,wind,,,
Generation Interconnection,AES,Crescent (Dundee) Wind T11-Support,Joelle Abi-Nahed,Joelle Abi-Nahed,HNTE,Invoice time spent at end of month,"30,000",,Bikram Bhandari,,1-Dec-26,402172,ERCOT,,wind,,,
Generation Interconnection,AES,Crescent (Dundee) Wind T12-Aspen,Joelle Abi-Nahed,Joelle Abi-Nahed,Fixed,In progress,"5,000",,Bikram Bhandari,14-Aug,21-Aug-26,402172,ERCOT,,wind,,PO?,
Generation Interconnection,AES,Crescent (Dundee) Solar T2- PSSE MQT,Joelle Abi-Nahed,Joelle Abi-Nahed,Fixed,In progress,"17,000",,Bikram Bhandari,,31-Oct-26,402171,ERCOT,,PV,,sow for combined?,
Generation Interconnection,AES,Crescent (Dundee) Solar T4-PSCAD model development,Joelle Abi-Nahed,Joelle Abi-Nahed,Fixed,In progress,"17,000",,Bikram Bhandari,,31-Oct-26,402171,ERCOT,,PV,,,
Generation Interconnection,AES,Crescent (Dundee) Solar T5-PSCAD MQT,Joelle Abi-Nahed,Joelle Abi-Nahed,Fixed,In progress,"21,000",,Bikram Bhandari,,31-Oct-26,402171,ERCOT,,PV,,,
Generation Interconnection,AES,"Crescent (Dundee) Solar T6-PSSE , PSCAD benchmarking",Joelle Abi-Nahed,Joelle Abi-Nahed,Fixed,In progress,"9,000",,Bikram Bhandari,,31-Oct-26,402171,ERCOT,,PV,,,
Generation Interconnection,AES,Crescent (Dundee) Solar T7-reactive study,Joelle Abi-Nahed,Joelle Abi-Nahed,Fixed,Hold (other reason),"20,000",,Bikram Bhandari,,5-Dec-26,402171,ERCOT,,PV,,cancel?,
Generation Interconnection,AES,Crescent (Dundee) Solar T8-planning,Joelle Abi-Nahed,Joelle Abi-Nahed,Fixed,Hold (other reason),"25,000",,Bikram Bhandari,,6-Dec-26,402171,ERCOT,,PV,,,
Generation Interconnection,AES,Crescent (Dundee) Solar T9-Support,Joelle Abi-Nahed,Joelle Abi-Nahed,HNTE,Invoice time spent at end of month,"30,000",,Bikram Bhandari,,7-Dec-26,402171,ERCOT,,PV,,,
Generation Interconnection,AES,Crescent (Dundee) Solar T11-Aspen,Joelle Abi-Nahed,Joelle Abi-Nahed,Fixed,Hold (other reason),"5,000",,Bikram Bhandari,,8-Dec-26,402171,ERCOT,,PV,,,
Generation Interconnection,AETS DEVELOPMENT HOLDINGS LLC ,Eagle Pass BESS T2 - T2 ERCOT Model Quality Test and VRT Tuning,Joelle Abi-Nahed,Joelle Abi-Nahed,Fixed,can be invoiced and closed,"10,000",Anthony Saab,Bikram Bhandari,22-Mar,28-Mar-24,,ERCOT,,BESS, ,,
Generation Interconnection,AETS DEVELOPMENT HOLDINGS LLC ,Eagle Pass Solar T2.1 - T2.1 ERCOT Model Quality Test and VRT Tuning,Joelle Abi-Nahed,Joelle Abi-Nahed,Fixed,can be invoiced and closed,"10,000",Anthony Saab,Bikram Bhandari,22-Mar,28-Mar-24,,ERCOT,,Solar,,,
Generation Interconnection,AETS DEVELOPMENT HOLDINGS LLC ,Eagle Pass Solar T2.2 - T2.2 ERCOT Model Quality Test and VRT Tuning (Combined,Joelle Abi-Nahed,Joelle Abi-Nahed,Fixed,can be invoiced and closed,"10,000",Anthony Saab,Bikram Bhandari,22-Mar,28-Mar-24,,ERCOT,,Solar,,,
Generation Interconnection,AETS DEVELOPMENT HOLDINGS LLC ,Eagle Pass BESS T5 - T5 Plant Aspen Model,Joelle Abi-Nahed,Joelle Abi-Nahed,Fixed,can be invoiced and closed,"5,000",Anthony Saab,Bikram Bhandari,15-Apr,29-Apr-24,,ERCOT,,BESS,,,
Generation Interconnection,AETS DEVELOPMENT HOLDINGS LLC ,Eagle Pass Solar T5 - TASK 5: PLANT ASPEN MODEL,Joelle Abi-Nahed,Joelle Abi-Nahed,Fixed,can be invoiced and closed,"5,000",Anthony Saab,Bikram Bhandari,15-Apr,29-Apr-24,,ERCOT,,Solar,,,
Generation Interconnection,AETS DEVELOPMENT HOLDINGS LLC ,Eagle Pass BESS T3 - T3 FIS Scoping Meeting & Assistance in Negotiation of the FIS Scope,Joelle Abi-Nahed,Joelle Abi-Nahed,Fixed,can be invoiced and closed,"3,000",Anthony Saab,Bikram Bhandari,,6-Jun-24,,ERCOT,,BESS,,,
Generation Interconnection,AETS DEVELOPMENT HOLDINGS LLC ,PC 29 Weston T3 - T3 PSS/E MODEL QUALITY TEST AND VRT TUNING,Joelle Abi-Nahed,Joelle Abi-Nahed,Fixed,Mark as Cancelled,"11,000",Anthony Saab,Behzad Jandaghi,,1-Dec-24,,ERCOT,,BESS,,,
Generation Interconnection,AETS DEVELOPMENT HOLDINGS LLC ,Eagle Pass BESS T4 - T4 Project Interconnection Support,Joelle Abi-Nahed,Joelle Abi-Nahed,HNTE,Invoice time spent at end of month,"5,000",,,,1-Dec-26,,ERCOT,,BESS,,,
Generation Interconnection,AETS DEVELOPMENT HOLDINGS LLC ,Eagle Pass Solar T4 - T4 Project Interconnection Support,Joelle Abi-Nahed,Joelle Abi-Nahed,HNTE,Invoice time spent at end of month,"5,000",,,,1-Dec-26,,ERCOT,,Solar,,,
Generation Interconnection,AETS DEVELOPMENT HOLDINGS LLC ,PC 29 Weston T1 - T1 TDSP INTERCONNECTION APPLICATION OF DISTRIBUTED GENERATION,Joelle Abi-Nahed,Joelle Abi-Nahed,Fixed,Mark as Cancelled,"10,000",Anthony Saab,Behzad Jandaghi,,1-Dec-24,,ERCOT,,BESS,,,
Generation Interconnection,AETS DEVELOPMENT HOLDINGS LLC ,PC 29 Weston T2 - T2 ERCOT DGR FULL REGISTRATION APPLICATION,Joelle Abi-Nahed,Joelle Abi-Nahed,Fixed,Mark as Cancelled,"10,000",Anthony Saab,Behzad Jandaghi,,1-Dec-24,,ERCOT,,BESS,,,
Generation Interconnection,AETS DEVELOPMENT HOLDINGS LLC ,PC 29 Weston T4 - T4 PSCAD™ PLANT MODEL DEVELOPMENT,Joelle Abi-Nahed,Joelle Abi-Nahed,Fixed,Mark as Cancelled,"11,000",Anthony Saab,Behzad Jandaghi,,1-Dec-24,,ERCOT,,BESS,,,
Generation Interconnection,AETS DEVELOPMENT HOLDINGS LLC ,PC 29 Weston T5 - T5 PSCAD™ MODEL QUALITY TEST,Joelle Abi-Nahed,Joelle Abi-Nahed,Fixed,Mark as Cancelled,"14,000",Anthony Saab,Behzad Jandaghi,,1-Dec-24,,ERCOT,,BESS,,,
Generation Interconnection,AETS DEVELOPMENT HOLDINGS LLC ,PC 29 Weston T6 - T6 ADDITIONAL TECHNICAL SUPPORT & MEETINGS,Joelle Abi-Nahed,Joelle Abi-Nahed,HNTE,Mark as Cancelled,"15,000",Anthony Saab,Behzad Jandaghi,,1-Dec-24,,ERCOT,,BESS,,"Our target COD is 03/31/25, so around 11/01 PLD is fine / 8/1 deadline",
,,,,,,,,,,,,,,,,,on hold for now,
Generation Interconnection,AETS DEVELOPMENT HOLDINGS LLC ,PC2 Callaway T1 - T1 ERCOT DGR FULL REGISTRATION APPLICATION,Joelle Abi-Nahed,Joelle Abi-Nahed,Fixed,Mark as Cancelled,"14,000",Georgette Khanfour,Behzad Jandaghi,,1-Dec-24,,ERCOT,,BESS,,"Our target COD is 03/31/25, so around 11/01 PLD is fine / 8/1 deadline",
,,,,,,,,,,,,,,,,,"We are still talking to AEP on which inverter equipment we are going to use on these projects, so I will send the RFI as soon as I confirm this information from the utility. ",
Generation Interconnection,AETS DEVELOPMENT HOLDINGS LLC ,PC2 Callaway T2 - T2 PSS/E MODEL QUALITY TEST AND VRT TUNING,Joelle Abi-Nahed,Joelle Abi-Nahed,Fixed,Mark as Cancelled,"11,000",Georgette Khanfour,Behzad Jandaghi,,1-Dec-24,,ERCOT,,BESS,,"Our target COD is 03/31/25, so around 11/01 PLD is fine / 8/1 deadline",
Generation Interconnection,AETS DEVELOPMENT HOLDINGS LLC ,PC2 Callaway T3 - T3 PSCAD™ PLANT MODEL DEVELOPMENT,Joelle Abi-Nahed,Joelle Abi-Nahed,Fixed,Mark as Cancelled,"11,000",Georgette Khanfour,Behzad Jandaghi,,1-Dec-24,,ERCOT,,BESS,,"Our target COD is 03/31/25, so around 11/01 PLD is fine / 8/1 deadline",
Generation Interconnection,AETS DEVELOPMENT HOLDINGS LLC ,PC2 Callaway T4 - T4 PSCAD™ MODEL QUALITY TEST,Joelle Abi-Nahed,Joelle Abi-Nahed,Fixed,Mark as Cancelled,"14,000",Georgette Khanfour,Behzad Jandaghi,,1-Dec-24,,ERCOT,,BESS,,"Our target COD is 03/31/25, so around 11/01 PLD is fine / 8/1 deadline",
Generation Interconnection,AETS DEVELOPMENT HOLDINGS LLC ,PC2 Callaway T5 - T5 ADDITIONAL TECHNICAL SUPPORT & MEETINGS,Joelle Abi-Nahed,Joelle Abi-Nahed,HNTE,Mark as Cancelled,"15,000",Georgette Khanfour,Behzad Jandaghi,,1-Dec-24,,ERCOT,,BESS,,,
Generation Interconnection,AETS DEVELOPMENT HOLDINGS LLC ,PC5 Valley Baptist T1 - T1 ERCOT DGR FULL REGISTRATION APPLICATION,Joelle Abi-Nahed,Joelle Abi-Nahed,Fixed,Mark as Cancelled,"14,000",Lena Barakat,Behzad Jandaghi,,1-Dec-24,,ERCOT,,BESS,,"Our target COD is 03/31/25, so around 11/01 PLD is fine / 8/1 deadline",
Generation Interconnection,AETS DEVELOPMENT HOLDINGS LLC ,PC5 Valley Baptist T2 - T2 PSS/E MODEL QUALITY TEST AND VRT TUNING,Joelle Abi-Nahed,Joelle Abi-Nahed,Fixed,Mark as Cancelled,"11,000",Lena Barakat,Behzad Jandaghi,,1-Dec-24,,ERCOT,,BESS,,"Our target COD is 03/31/25, so around 11/01 PLD is fine / 8/1 deadline",
Generation Interconnection,AETS DEVELOPMENT HOLDINGS LLC ,PC5 Valley Baptist T3 - T3 PSCAD™ PLANT MODEL DEVELOPMENT,Joelle Abi-Nahed,Joelle Abi-Nahed,Fixed,Mark as Cancelled,"11,000",Lena Barakat,Behzad Jandaghi,,1-Dec-24,,ERCOT,,BESS,,"Our target COD is 03/31/25, so around 11/01 PLD is fine / 8/1 deadline",
Generation Interconnection,AETS DEVELOPMENT HOLDINGS LLC ,PC5 Valley Baptist T4 - T4 PSCAD™ MODEL QUALITY TEST,Joelle Abi-Nahed,Joelle Abi-Nahed,Fixed,Mark as Cancelled,"14,000",Lena Barakat,Behzad Jandaghi,,1-Dec-24,,ERCOT,,BESS,,"Our target COD is 03/31/25, so around 11/01 PLD is fine / 8/1 deadline",
Generation Interconnection,AETS DEVELOPMENT HOLDINGS LLC ,PC5 Valley Baptist T5 - T5 ADDITIONAL TECHNICAL SUPPORT & MEETINGS,Joelle Abi-Nahed,Joelle Abi-Nahed,HNTE,Mark as Cancelled,"15,000",Lena Barakat,Behzad Jandaghi,,1-Dec-24,,ERCOT,,BESS,,"Our target COD is 03/31/25, so around 11/01 PLD is fine / 8/1 deadline",
Generation Interconnection,AETS DEVELOPMENT HOLDINGS LLC ,PC7 T1 - T1 ERCOT DGR FULL REGISTRATION APPLICATION,Joelle Abi-Nahed,Joelle Abi-Nahed,Fixed,Mark as Cancelled,"14,000",Anthony Saab,Bikram Bhandari,,1-Dec-24,,ERCOT,,BESS,,"Our target COD is 03/31/25, so around 11/01 PLD is fine / 8/1 deadline",
Generation Interconnection,AETS DEVELOPMENT HOLDINGS LLC ,PC7 T2 - T2 PSS/E MODEL QUALITY TEST AND VRT TUNING,Joelle Abi-Nahed,Joelle Abi-Nahed,Fixed,Mark as Cancelled,"11,000",Anthony Saab,Bikram Bhandari,,1-Dec-24,,ERCOT,,BESS,,"Our target COD is 03/31/25, so around 11/01 PLD is fine / 8/1 deadline",
Generation Interconnection,AETS DEVELOPMENT HOLDINGS LLC ,PC7 T3 - T3 PSCAD™ PLANT MODEL DEVELOPMENT,Joelle Abi-Nahed,Joelle Abi-Nahed,Fixed,Mark as Cancelled,"11,000",Anthony Saab,Bikram Bhandari,,1-Dec-24,,ERCOT,,BESS,,"Our target COD is 03/31/25, so around 11/01 PLD is fine / 8/1 deadline",
Generation Interconnection,AETS DEVELOPMENT HOLDINGS LLC ,PC7 T4 - T4 PSCAD™ MODEL QUALITY TEST,Joelle Abi-Nahed,Joelle Abi-Nahed,Fixed,Mark as Cancelled,"14,000",Anthony Saab,Bikram Bhandari,,1-Dec-24,,ERCOT,,BESS,,"Our target COD is 03/31/25, so around 11/01 PLD is fine / 8/1 deadline",
Generation Interconnection,AETS DEVELOPMENT HOLDINGS LLC ,PC7 T5 - T5 ADDITIONAL TECHNICAL SUPPORT & MEETINGS,Joelle Abi-Nahed,Joelle Abi-Nahed,HNTE,Mark as Cancelled,"15,000",Anthony Saab,Bikram Bhandari,,1-Dec-24,,ERCOT,,BESS,,,
Generation Interconnection,"AETS Development Holdings, LLC",Senator (Eagle Pass) PV+Storage Task 1: ERCOT Model Quality Test and VRT Tuning,Joelle Abi-Nahed,Joelle Abi-Nahed,Fixed,Can be Invoiced and Closed,"33,000",Anthony Saab,Behzad Jandaghi,,10-Feb-25,202320,ERCOT,,Hybrid,,,
Generation Interconnection,AGEAC (TW Solar),Sullivan (Wilkins South) Solar & Storage T3 - ERCOT PSSE MQT & VRT Tuning,Joelle Abi-Nahed,Lea El Khoury,Fixed,Hold (other reason),"30,000",Marise El Nacouzi,,,,201503,ERCOT,,Solar + BESS,Organic,Draft version delivered on 2/19.  Client wants to put it on Pause.  LEK delivered draft package and invoiced time spent,
Generation Interconnection,AGEAC (TW Solar),Sword (Hidalgo/Villanueva North) Solar & Storage T3 - ERCOT PSSE MQT & VRT Tuning,Joelle Abi-Nahed,Lea El Khoury,Fixed,In progress,"30,000",Moussa Sarkis,Marise El Nacouzi,9/5/2026,25-Sep-26,201494,ERCOT,,Solar + BESS,Organic,AGS PE - 10% deration,
,,,,,,,,,,,,,,,,,derating MW ,
Generation Interconnection,AGEAC (TW Solar),AGEAC Texas Solar Projects T5 - T5 Project Interconnection Support,Joelle Abi-Nahed,Lea El Khoury,HNTE,Invoice time spent at end of month,"15,000",Lea El Khoury,Lea El Khoury,,30-Dec-26,200690,ERCOT,,Solar + BESS,Organic,,
Generation Interconnection,AGEAC US ENERGY DEVELOPMENTS LLC,Fierce river BESS ERCOT FIS MATERIAL AND MODELS UPDATE,Joelle Abi-Nahed,Lea El Khoury,Fixed,In progress,"16,000",Elias Chedid,Lea El Khoury,8/21/2026,28-Aug-26,403649,ERCOT,,bess,,AGS Tesla,
Generation Interconnection,AGEAC US ENERGY DEVELOPMENTS LLC,Fierce river BESS Plant Aspen Model,Joelle Abi-Nahed,Lea El Khoury,Fixed,In progress,"5,000",Elias Chedid,Lea El Khoury,8/21/2026,28-Aug-26,403649,ERCOT,,bess,,,
Generation Interconnection,AGEAC US ENERGY DEVELOPMENTS LLC,Fierce river BESS ERCOT MODEL QUALITY TEST AND TUNING,Joelle Abi-Nahed,Lea El Khoury,Fixed,Hold (other reason),"13,500",Moussa Sarkis,Perla Boulos,,1-Dec-26,403649,ERCOT,,bess,,,
Generation Interconnection,Ahlatci,Eldora Solar and Storage T1-Support,Joelle Abi-Nahed,Lea El Khoury,HNTE,Invoice time spent at end of month,"15,000",,Lea El Khoury,,1-Dec-26,404894,ERCOT,,PV+BESS,,ETA for design?,
,,,,,,,,,,,,,,,,,follow up end of june / ausgut at the latest for data,
Generation Interconnection,Akuo,Tennyson Solar Task 1: Ercot FIS material  and model update,Joelle Abi-Nahed,Joelle Abi-Nahed,Fixed,Can be Invoiced and Closed,"18,000",Yara Karam,Sonjoy Roy,5/13/2025,22-May-25,400213,ERCOT,,Solar,,Nov qsa,
Generation Interconnection,Akuo,Tennyson Solar Task 2: Ercot PSS/E Model Quality Test and VRT tuning,Joelle Abi-Nahed,Joelle Abi-Nahed,Fixed,Can be Invoiced and Closed,"13,000",Yara Karam,Sonjoy Roy,8/27/2025,29-Aug-25,400213,ERCOT,,Solar,,"For the OEM or letter confirming the overload of the transformer, I just loop back with the manufacturer and he will do it as soon as possible.",
Generation Interconnection,Akuo,Tennyson Solar Task 3: Plant Aspen Model,Joelle Abi-Nahed,Joelle Abi-Nahed,Fixed,Can be Invoiced and Closed,"5,000",Ghida Haj Hassan,Sonjoy Roy,6/20/2025,30-Jun-25,400213,ERCOT,,Solar,,sungrow 4400 solar + Solv PPC,
Generation Interconnection,Akuo,Tennyson Solar Task 4: PSCAD Pland Model Development,Joelle Abi-Nahed,Joelle Abi-Nahed,Fixed,Can be Invoiced and Closed,"11,000",Yara Karam,Sonjoy Roy,8/27/2025,29-Aug-25,400213,ERCOT,,Solar,,,
Generation Interconnection,Akuo,Tennyson Solar Task 5: PSCAD Model Quality Test,Joelle Abi-Nahed,Joelle Abi-Nahed,Fixed,Can be Invoiced and Closed,"27,000",Yara Karam,Sonjoy Roy,8/27/2025,29-Aug-25,400213,ERCOT,,Solar,,,
Generation Interconnection,Akuo,Tenyson Solar Task 8: General Interconnection Support (hourly NTE),Joelle Abi-Nahed,Joelle Abi-Nahed,HNTE,Invoice time spent at end of month,"10,000",Yara Karam,Sonjoy Roy,,1-Dec-26,400213,ERCOT,,Solar,,model approval for qsa,
Generation Interconnection,Akuo,Tennyson Solar Task 7: Planning model,Joelle Abi-Nahed,Joelle Abi-Nahed,Fixed,Can be Invoiced and Closed,"10,000",Yara Karam,Sonjoy Roy,9/26/2025,30-Sep-25,400213,ERCOT,,Solar,,feb qsa. COd change? (email on 8/5),
,,data & QSA requirement Support,,,,,,,,,,,,,,,reactive study completed by 3rd  party?,
,,,,,,,,,,,,,,,,,dynamic study with epe utilities,
Generation Interconnection,AKUO ENERGY USA,Tennyson T10- PSCAD model update for SSO,Joelle Abi-Nahed,Sonjoy Roy,Fixed,Can be Invoiced and Closed,"9,000",Yara Karam,Sonjoy Roy,2/10/2026,25-Feb-26,400213,ERCOT,,Solar,Organic,,
Generation Interconnection,AKUO ENERGY USA ,Tennyson Task 1: ERCOT Frequency Scan Analysis,Joelle Abi-Nahed,Sonjoy Roy,Fixed,Can be Invoiced and Closed,"32,900",Miguel Penagos,Sonjoy Roy,10/24/2025,30-Oct-25,400213,ERCOT,,Solar,,JJ: PO on file JJ: WO in file everything OK on the OS - invoice in process ,
Generation Interconnection,"Amp Z , Inc",kolb bess Task 1: ERCOT FIS Application,Joelle Abi-Nahed,Sonjoy Roy,Fixed,Mark as Cancelled,"18,000",Yara Karam,Sonjoy Roy,,10-Jun-26,403881,ERCOT,,BESS,,,
Generation Interconnection,"Amp Z , Inc",kolb bess Task 2: ERCOT PSS/E Model Quality Test and VRT Tuning (Stand-Alone),Joelle Abi-Nahed,Sonjoy Roy,Fixed,Mark as Cancelled,"13,500",Yara Karam,Sonjoy Roy,,10-Jun-26,403881,ERCOT,,BESS,,task for bess + gas?,
Generation Interconnection,"Amp Z , Inc",kolb bess Task 3: General Technical Support,Joelle Abi-Nahed,Sonjoy Roy,HNTE,Mark as Cancelled,"5,150",Yara Karam,Sonjoy Roy,,10-Jun-26,403881,ERCOT,,BESS,,,
TPGEN,Amp Z inc,Redland Load Project Task 2: Large Load Full Transmission Study,Joelle Abi-Nahed,Sonjoy Roy,Fixed,Can be Invoiced and Closed,"32,000",Ghida Hajj Hassan,Sonjoy Roy,2/23/2026,25-Feb-26,403160,ERCOT,,,Other team,HRML and SP,
Generation Interconnection,Amp Z inc,Kolb Reciprocating Engines T1 FIS application,Joelle Abi-Nahed,Sonjoy Roy,Fixed,Can be Invoiced and Closed,"1,500",Yara Karam,Sonjoy Roy,,10-Jun-26,403880,ERCOT,,,Other team,please share TO with client and confirm no changes.  Please set up a call to go over RFI and ask if the load is PUN with the gas(share equipment?) or separate connections,
,,,,,,,,,,,,,,,,,follow up / invoice tiem spent?,
Generation Interconnection,Amp Z inc,Redland Load Project T10 Load one-line,Joelle Abi-Nahed,Sonjoy Roy,Fixed,Can be Invoiced and Closed,"9,850",Ghida Hajj Hassan,Sonjoy Roy,2/5/2026,9-Feb-26,403160,ERCOT,,,Other team,,RFI from clien  received and under review.
Generation Interconnection,Amp Z inc,Redland Load Project T11 TDSP load interconnection application,Joelle Abi-Nahed,Sonjoy Roy,Fixed,Can be Invoiced and Closed,"8,000",Ghida Hajj Hassan,Sonjoy Roy,2/5/2026,9-Feb-26,403160,ERCOT,,,Other team,,
Generation Interconnection,Amp Z inc,Redland Load Project T12 Load Model development,Joelle Abi-Nahed,Sonjoy Roy,Fixed,Can be Invoiced and Closed,"8,500",Ghida Hajj Hassan,Sonjoy Roy,2/6/2026,9-Feb-26,403160,ERCOT,,,Other team,,
Generation Interconnection,Amp Z inc,Redland Load Project T13 Dynamic load modeling,Joelle Abi-Nahed,Sonjoy Roy,Fixed,Can be Invoiced and Closed,"12,000",Ghida Hajj Hassan,Sonjoy Roy,2/6/2026,9-Feb-26,403160,ERCOT,,,Other team,,
Generation Interconnection,Amp Z inc,Redland Load Project T14 General Support,Joelle Abi-Nahed,Sonjoy Roy,HNTE,Invoice time spent at end of month,"10,000",,Sonjoy Roy,,1-Dec-26,403160,ERCOT,,,Other team,,
Generation Interconnection,Amp Z inc,Kolb Reciprocating Engines T2 PSSE MQT,Joelle Abi-Nahed,Sonjoy Roy,Fixed,Mark as Cancelled,"11,000",,Sonjoy Roy,,1-Dec-26,403880,ERCOT,,,Other team,,
Generation Interconnection,Amp Z inc,Kolb Reciprocating Engines T3 General support,Joelle Abi-Nahed,Sonjoy Roy,HNTE,Mark as Cancelled,"5,150",,Sonjoy Roy,,1-Dec-26,403880,ERCOT,,,Other team,,
Generation Interconnection,AmpZ,Kolb Load LEl UPDATE,Joelle Abi-Nahed,Joelle Abi-Nahed,Fixed,Can be Invoiced and Closed,"9,000",Siddhesh Thorat,Behzad Jandaghi,4/29/2026,30-Apr-26,405445,ERCOT,,Load,,,
Generation Interconnection,AOP renewables,Cielo Azul - T1 El Paso Interconnection Application,Joelle Abi-Nahed,Joelle Abi-Nahed,Fixed,Can be Invoiced and Closed,"17,000",Georgette Khanfour,Yang Zhou,,26-Mar-24,,WECC,,Solar+BESS,,they were shortlisted by EPE / approval is in May so they may not proceed with it / breakers may cause delay in COD by 2 months ,
Generation Interconnection,AOP renewables,Cielo Azul - T2: PSCAD™ Plant Model Development,Joelle Abi-Nahed,Joelle Abi-Nahed,Fixed,Can be invoiced - leave open,"15,000",Georgette Khanfour,Yang Zhou,,26-Mar-24,,WECC,,Solar+BESS,,they were shortlisted by EPE / approval is in May so they may not proceed with it / breakers may cause delay in COD by 2 months ,
Generation Interconnection,AOP renewables,Clementine storage - T1 El Paso Interconnection Application,Joelle Abi-Nahed,Joelle Abi-Nahed,Fixed,Can be Invoiced and Closed,"17,000",Georgette Khanfour,Yang Zhou,,26-Mar-24,,WECC,,Solar+BESS,,they were shortlisted by EPE / approval is in May by EPE so they may not proceed with it / breakers may cause delay in COD by 2 months ,
Generation Interconnection,AOP renewables,Clementine storage - T2: PSCAD™ Plant Model Development,Joelle Abi-Nahed,Joelle Abi-Nahed,Fixed,Can be invoiced - leave open,"15,000",Georgette Khanfour,Yang Zhou,,26-Mar-24,,WECC,,Solar+BESS,,they were shortlisted by EPE / approval is in May so they may not proceed with it / breakers may cause delay in COD by 2 months ,
Generation Interconnection,AOP renewables,Cielo Azul - T3: Project Interconnection Support,Joelle Abi-Nahed,Joelle Abi-Nahed,Hourly,Invoice time spent at end of month,"5,000",Georgette Khanfour,Yang Zhou,,1-Dec-26,,WECC,,Solar+BESS,,,
Generation Interconnection,AOP renewables,Clementine storage - T3: Project Interconnection Support,Joelle Abi-Nahed,Joelle Abi-Nahed,Hourly,Invoice time spent at end of month,"5,000",Georgette Khanfour,Yang Zhou,,1-Dec-26,,WECC,,Solar+BESS,,,
Generation Interconnection,Arava Power ,AP Sunray T1 - T1 Project Interconnection Support,Joelle Abi-Nahed,Joelle Abi-Nahed,HNTE,Invoice time spent at end of month,"10,000",,,,1-Dec-26,,ERCOT,,,,,
Generation Interconnection,ARC industries,Unicorn Gas Task 1: ERCOT SS & FIS Interconnection Application,Joelle Abi-Nahed,Lea El Khoury,Fixed,In progress,"18,000",Marise El Nacouzi,Lea El Khoury,,3-Dec-26,400960,ERCOT,,Gas,,follow up end of august,
Generation Interconnection,ARC industries,Unicorn Gas Task 2: ERCOT PSS/E Model Quality Test and Tuning,Joelle Abi-Nahed,Lea El Khoury,Fixed,Hold (other reason),"11,000",Marise El Nacouzi,Lea El Khoury,,1-Dec-26,400960,ERCOT,,Gas,,,
Generation Interconnection,ARC industries,Unicorn GasTask 3: FIS Scoping Meeting & Assistance in Negotiation of the FIS Scope,Joelle Abi-Nahed,Lea El Khoury,Fixed,Hold (other reason),"3,500",Marise El Nacouzi,Lea El Khoury,,1-Dec-26,400960,ERCOT,,Gas,,,
Generation Interconnection,ARC industries,Unicorn Gas Task 4: General Interconnection Support,Joelle Abi-Nahed,Lea El Khoury,HNTE,Invoice time spent at end of month,"15,000",Marise El Nacouzi,Lea El Khoury,,1-Dec-26,400960,ERCOT,,Gas,,,
TPGEN,Arrington Solar,Odyssey and Universe Ercot Trasnmission Analysis-SP,Joelle Abi-Nahed,Lea El Khoury,Fixed,In progress,"23,000",Elias Chedid,Lea El Khoury,10-Aug,14-Aug-26,203154,ERCOT,,BESS,,"Project Manager will also need to send a separate email to the Invoicing upon task completion, referencing the 50/50 split outlined in the Work Order.",
System Studies,Astra Wind LLC ,Falvez Astra Wind Project T22 - T22 Harmonic Analysis,Joelle Abi-Nahed,Joelle Abi-Nahed,Fixed,Mark as Cancelled,"11,000",,,,1-Dec-24,,ERCOT,,,,,
Generation Interconnection,Astra Wind LLC ,Falvez Astra Wind Project T23 - T23 Load Interconnection Support,Joelle Abi-Nahed,Joelle Abi-Nahed,HNTE,Invoice time spent at end of month,"10,000",,,,1-Dec-26,,ERCOT,,load,,,
Generation Interconnection,"Avangrid (Aurora Solar, LLC",Trail Ranch Task 1: ERCOT SS & FIS Interconnection Application,Joelle Abi-Nahed,Lea El Khoury,Fixed,Can be Invoiced and Closed,"21,600",Elias Chedid,Perla Boulos,7/10/2026,15-Jul-26,404195,ERCOT,,Solar,,,
Generation Interconnection,"Avangrid (Aurora Solar, LLC",Trail Ranch Task 2: ERCOT PSS/E Model Quality Test and Tuning,Joelle Abi-Nahed,Lea El Khoury,Fixed,In progress,"11,000",Shiva Amini,Marise El Nacouzi,8/21/2026,28-Aug-26,404195,ERCOT,,Solar,,,
Generation Interconnection,"Avangrid (Aurora Solar, LLC",Trail Ranch Task 3: Plant Aspen Model– If Required by TSP,Joelle Abi-Nahed,Lea El Khoury,Fixed,In progress,"5,000",Jonathan Ruiz,Marise El Nacouzi,8/21/2026,28-Aug-26,404195,ERCOT,,Solar,,,
Generation Interconnection,"Avangrid (Aurora Solar, LLC",Trail Ranch Task 4: General Interconnection Support,Joelle Abi-Nahed,Lea El Khoury,HNTE,Hold (other reason),"15,000",Lea El Khoury,Lea El Khoury,,1-Dec-26,404195,ERCOT,,Solar,,,
Generation Interconnection,"Avangrid (Aurora Solar, LLC",Trail Ranch 2 Task 1: ERCOT SS & FIS Interconnection Application,Joelle Abi-Nahed,Lea El Khoury,Fixed,In progress,"13,000",Jonathan Ruiz,Marise El Nacouzi,8/21/2026,28-Aug-26,405046,ERCOT,,Solar,,"same tie-line, COD?",
Generation Interconnection,"Avangrid (Aurora Solar, LLC",Trail Ranch 2  Task 2: ERCOT PSS/E Model Quality Test and Tuning,Joelle Abi-Nahed,Lea El Khoury,Fixed,Hold (other reason),"7,500",Elias Chedid,Perla Boulos,,1-Dec-26,405046,ERCOT,,Solar,,,
Generation Interconnection,"Avangrid (Aurora Solar, LLC",Trail Ranch 2 Task 3: Plant Aspen Model– If Required by TSP,Joelle Abi-Nahed,Lea El Khoury,Fixed,Hold (other reason),"3,500",Elias Chedid,Perla Boulos,,1-Dec-26,405046,ERCOT,,Solar,,,
Generation Interconnection,"Avangrid (Aurora Solar, LLC",Trail Ranch 2 Task 4: General Interconnection Support,Joelle Abi-Nahed,Lea El Khoury,HNTE,Hold (other reason),"15,000",Lea El Khoury,Lea El Khoury,,1-Dec-26,405046,ERCOT,,Solar,,,
Generation Interconnection,"Avangrid (Aurora Solar, LLC",Trail Ranch BESS Task 1: ERCOT SS & FIS Interconnection Application,Joelle Abi-Nahed,Lea El Khoury,Fixed,In progress,"13,000",Elias Chedid,Perla Boulos,,1-Dec-26,405047,ERCOT,,Solar,,,
Generation Interconnection,"Avangrid (Aurora Solar, LLC",Trail Ranch BESS   Task 2: ERCOT PSS/E Model Quality Test and Tuning,Joelle Abi-Nahed,Lea El Khoury,Fixed,Hold (other reason),"12,000",Elias Chedid,Perla Boulos,,1-Dec-26,405047,ERCOT,,Solar,,,
Generation Interconnection,"Avangrid (Aurora Solar, LLC",Trail Ranch BESS  Task 3: Plant Aspen Model– If Required by TSP,Joelle Abi-Nahed,Lea El Khoury,Fixed,Hold (other reason),"3,500",Elias Chedid,Perla Boulos,,1-Dec-26,405047,ERCOT,,Solar,,,
Generation Interconnection,"Avangrid (Aurora Solar, LLC",Trail Ranch BESS  Task 4: General Interconnection Support,Joelle Abi-Nahed,Lea El Khoury,HNTE,Hold (other reason),"15,000",Lea El Khoury,Lea El Khoury,,1-Dec-26,405047,ERCOT,,Solar,,,
Generation Interconnection,Backbone Creek BESS LLC,backbone Task 11: IFC PSCAD Plant Model Development (Conditional),Joelle Abi-Nahed,Joelle Abi-Nahed,Fixed,Can be Invoiced and Closed,"35,000",Georgette Khanfour,Bikram Bhandari,1/20/2026,30-Jan-26,202772,ERCOT,,BESS,,,
Generation Interconnection,Bair Energy,Brazos Project T1- ERCOT SS & FIS Interconnection Application – Gas Generation,Joelle Abi-Nahed,Joelle Abi-Nahed,Fixed,Can be Invoiced and Closed,"18,000",Jonathan Ruiz,Georgette Khanfour,7/25/2026,28-Jul-26,404386,ERCOT,,gas+load,,one INR?,
Generation Interconnection,Bair Energy,Brazos Projec T2- ERCOT PSS/E Model Quality Test and Tuning – Gas Generation,Joelle Abi-Nahed,Joelle Abi-Nahed,Fixed,Hold (other reason),"11,000",,Bikram Bhandari,,2-Dec-26,404386,ERCOT,,gas+load,,pause until payment issue,
Generation Interconnection,Bair Energy,Brazos Projec T3- ERCOT PSS/E Model Quality Test and Tuning – Gas Generation + Load,Joelle Abi-Nahed,Joelle Abi-Nahed,Fixed,Hold (other reason),"11,000",,Bikram Bhandari,,3-Dec-26,404386,ERCOT,,gas+load,,pause until payment issue,
Generation Interconnection,Bair Energy,Brazos Projec T4- Project Interconnection Support ,Joelle Abi-Nahed,Joelle Abi-Nahed,HNTE,Invoice time spent at end of month,"20,000",,Bikram Bhandari,,4-Dec-26,404386,ERCOT,,gas+load,,,
Generation Interconnection,"Basin Renewable Resources, LLC ",Team Ranch T1 - T1 ERCOT EXPEDITED SS & FIS APPLICATION- GENERATION,Joelle Abi-Nahed,Joelle Abi-Nahed,Fixed,Can be Invoiced and Closed,"24,000",Lena Barakat,Bikram Bhandari,10-May,24-May-24,,ERCOT,,BESS,,revised project size,
TPGEN,"Basin Renewable Resources, LLC ",Team Ranch Full Transmission Analysis Withdrawal Analysis,Joelle Abi-Nahed,Joelle Abi-Nahed,Fixed,Can be Invoiced - leave open,"20,000",Bikram Bhandari,Joelle Abi Nahed,10-Sep,11-Sep-24,,ERCOT,,BESS,,revised project size,
,,,,,,,,,,,,,,,,,oncor screening study for load end of september?? looks good for load,
,,,,,,,,,,,,,,,,,oncor metering load+BESS,
,,,,,,,,,,,,,,,,,follow up end of january / working with TSP on POI station,
Generation Interconnection,"Basin Renewable Resources, LLC ",Operation sunshine solar T2 - T2 ERCOT MQT and VRT Tuning,Joelle Abi-Nahed,Joelle Abi-Nahed,Fixed,Mark as Cancelled,"10,000",Anthony Saab,Yang Zhou,,1-Dec-24,,ERCOT,,Solar,,"As of now, we’re working with LCRA to make this a hybrid PV/BESS/ Data Center. No updates at this time. I’ll let you know when something changes. ",
Generation Interconnection,"Basin Renewable Resources, LLC ",Operation sunshine solar T4 - T4 Project Interconnection Support,Joelle Abi-Nahed,Joelle Abi-Nahed,HNTE,Invoice time spent at end of month,"10,000",,,,1-Dec-26,,ERCOT,,Solar,,,
Generation Interconnection,"Basin Renewable Resources, LLC ",Operation sunshine solar T5: ERCOT FIS MATERIAL & MODELS UPDATE ,Joelle Abi-Nahed,Joelle Abi-Nahed,Fixed,Mark as Cancelled,"13,000",Anthony Saab,Yang Zhou,,1-Dec-24,,ERCOT,,Solar,,,
Generation Interconnection,"Basin Renewable Resources, LLC ",Operation sunshine solar T6: PLANT ASPEN MODEL UPDATE,Joelle Abi-Nahed,Joelle Abi-Nahed,Fixed,Mark as Cancelled,"5,000",Anthony Saab,Yang Zhou,,1-Dec-24,,ERCOT,,Solar,,,
Generation Interconnection,"Basin Renewable Resources, LLC ",Operation Sunshine Storage T2 - T2 ERCOT MODEL QUALITY TEST,Joelle Abi-Nahed,Joelle Abi-Nahed,Fixed,Mark as Cancelled,"10,000",Anthony Saab,Yang Zhou,,1-Dec-24,,ERCOT,,BESS,,,
Generation Interconnection,"Basin Renewable Resources, LLC ",Operation Sunshine Storage T3 - T3 ERCOT3 COMBINED PSSE MODEL QUALITY TEST– SOLAR+BESS,Joelle Abi-Nahed,Joelle Abi-Nahed,Fixed,Mark as Cancelled,"10,000",Anthony Saab,Yang Zhou,,1-Dec-24,,ERCOT,,BESS,,,
Generation Interconnection,"Basin Renewable Resources, LLC ",Operation Sunshine Storage T4 - T4 FIS Scoping Meeting & Assistance In Negotiation Of The FIS Scope,Joelle Abi-Nahed,Joelle Abi-Nahed,Fixed,Can be Invoiced and Closed,"3,000",Anthony Saab,Yang Zhou,,31-Dec-23,,ERCOT,,BESS,,MQT/same design/load,
Generation Interconnection,"Basin Renewable Resources, LLC ",Operation Sunshine Storage T5 - T5 Interconnection Support & Meetings,Joelle Abi-Nahed,Joelle Abi-Nahed,HNTE,Invoice time spent at end of month,"5,000",,,,1-Dec-26,,ERCOT,,BESS,,,
Generation Interconnection,"Basin Renewable Resources, LLC ",Operation sunshine storage T6: ERCOT FIS MATERIAL & MODELS UPDATE ,Joelle Abi-Nahed,Joelle Abi-Nahed,Fixed,Mark as Cancelled,"13,000",Anthony Saab,Yang Zhou,,1-Dec-24,,ERCOT,,Solar,,,
Generation Interconnection,"Basin Renewable Resources, LLC ",Operation sunshine storage T7: PLANT ASPEN MODEL UPDATE,Joelle Abi-Nahed,Joelle Abi-Nahed,Fixed,Mark as Cancelled,"5,000",Anthony Saab,Yang Zhou,,1-Dec-24,,ERCOT,,Solar,,,
Generation Interconnection,"Basin Renewable Resources, LLC ",Romney Solar T2 - T2 ERCOT Model Quality Test and VRT Tuning,Joelle Abi-Nahed,Joelle Abi-Nahed,Fixed,Mark as Cancelled,"10,000",Lena Barakat,Yang Zhou,,1-Dec-24,,ERCOT,,Solar,,"I’m going to check back with the TSP late summer/early fall and see if they’ve made any plans to upgrade the substation. In the interim, we’re still leasing more land and continuing our solar monitoring program in anticipation of the substation being upgraded at some point",
,,,,,,,,,,,,,,,,,follow up september,
Generation Interconnection,"Basin Renewable Resources, LLC ",Romney Solar T3 - T3 FIS Scoping Meeting & Assistance in Negotiation of the FIS Scope,Joelle Abi-Nahed,Joelle Abi-Nahed,Fixed,Hold (other reason),"3,000",Lena Barakat,Yang Zhou,,1-Dec-26,,ERCOT,,Solar,,when was scoping meeting?,
,,,,,,,,,,,,,,,,,We’re going to reevaluate late year. I’ll keep you posted. -,
,,,,,,,,,,,,,,,,,followup end of january,
Generation Interconnection,"Basin Renewable Resources, LLC ",Romney Solar T4 - T4 Project Interconnection Support,Joelle Abi-Nahed,Joelle Abi-Nahed,HNTE,Invoice time spent at end of month,"10,000",,,,1-Dec-26,,ERCOT,,Solar,,,
Generation Interconnection,"Basin Renewable Resources, LLC ",Romney Storage T2 - T2 ERCOT MODEL QUALITY TEST,Joelle Abi-Nahed,Joelle Abi-Nahed,Fixed,Mark as Cancelled,"10,000",Lena Barakat,Yang Zhou,,1-Dec-24,,ERCOT,,BESS,,"I’m going to check back with the TSP late summer/early fall and see if they’ve made any plans to upgrade the substation. In the interim, we’re still leasing more land and continuing our solar monitoring program in anticipation of the substation being upgraded at some point",
Generation Interconnection,"Basin Renewable Resources, LLC ",Romney Storage T3 - T3 FIS Scoping Meeting & Assistance In Negotiation Of The FIS Scope,Joelle Abi-Nahed,Joelle Abi-Nahed,Fixed,Hold (other reason),"3,000",Lena Barakat,Yang Zhou,,1-Dec-26,,ERCOT,,BESS,,,
Generation Interconnection,"Basin Renewable Resources, LLC ",Romney Storage T4 - T4 Interconnection Support & Meetings,Joelle Abi-Nahed,Joelle Abi-Nahed,HNTE,Invoice time spent at end of month,"5,000",,,,1-Dec-26,,ERCOT,,BESS,,,
Generation Interconnection,"Basin Renewable Resources, LLC ",Team Ranch T2 - T2 ERCOT MODEL QUALITY TEST - GENERATION,Joelle Abi-Nahed,Joelle Abi-Nahed,Fixed,Hold (other reason),"11,000",Lena Barakat,Bikram Bhandari,,1-Dec-26,,ERCOT,,BESS,,follow up end of November: POI/ MQT/,
,,,,,,,,,,,,,,,,,followup on load scope 10/28,
Generation Interconnection,Big Rooter DC LLC.,Big Rooter Data Center 2 TASK 1: LOAD INTERCONNECTION SUPPORT ,Joelle Abi-Nahed,Lea El Khoury,HNTE,Invoice time spent at end of month,"10,000",Perla Boulos,Lea El Khoury,,1-Dec-26,405327,ERCOT,,Load,,,
Generation Interconnection,Big Rooter DC LLC.,Big Rooter Data Center 2 TASK 2: LOAD PSS®E STEADY STATE & DYNAMIC MODEL,Joelle Abi-Nahed,Lea El Khoury,Fixed,In progress,"21,000",Perla Boulos,Lea El Khoury,,1-Dec-26,405327,ERCOT,,Load,,maybe changes on battery / no changes on solar /,
,,,,,,,,,,,,,,,,,follow up by end of august,
Generation Interconnection,Big Rooter Power LLC,T2 - BESS ERCOT Interconnection Support,Joelle Abi-Nahed,Lea El Khoury,HNTE,Invoice time spent at end of month,"30,000",Marise El Nacouzi,Lea El Khoury,,1-Dec-26,404118,ERCOT,,BESS,Other team,,
Generation Interconnection,"Birch Creek Development, LLC",Honeycomb Task 7: IFC PSCAD Plant Model Development and Model Quality Tests - solar,Joelle Abi-Nahed,Joelle Abi-Nahed,Fixed,Can be Invoiced and Closed,"35,000",Bikram Bhandari,Joelle Abi-Nahed,7/21/2026,31-Jul-26,203579,ERCOT,,Solar,,,
Generation Interconnection,"Birch Creek Development, LLC",Honeycomb Task 7: IFC PSCAD Plant Model Development and Model Quality Tests - BESS,Joelle Abi-Nahed,Joelle Abi-Nahed,Fixed,Hold (other reason),"25,000",,Bikram Bhandari,,1-Dec-26,203579,ERCOT,,BESS,,,
Generation Interconnection,BLACK & VEATCH CORPORATION ,Oak Hill Task 1: PSCAD™ Plant Model Development,Joelle Abi-Nahed,Joelle Abi-Nahed,Fixed,Can be Invoiced and Closed,"12,500",Anthony Saab,Bikram Bhandari,27-Aug,29-Aug-24,,ERCOT,,,,,
Generation Interconnection,BLACK & VEATCH CORPORATION ,Oak Hill Task 2: PSCAD™ Model Quality Test,Joelle Abi-Nahed,Joelle Abi-Nahed,Fixed,Can be Invoiced and Closed,"16,000",Anthony Saab,Bikram Bhandari,27-Aug,31-Aug-24,,ERCOT,,,,,
Generation Interconnection,BLACK & VEATCH CORPORATION ,Oak Hill Task 5 - Full Registration & ERCOT Registration Support ,Joelle Abi-Nahed,Joelle Abi-Nahed,Fixed,Can be Invoiced - leave open,"17,500",Anthony Saab,Bikram Bhandari,25-Nov,5-Dec-24,,ERCOT,,Solar,,,
Generation Interconnection,BLACK & VEATCH CORPORATION ,ERCOT training,Joelle Abi-Nahed,Joelle Abi-Nahed,Fixed,Can be Invoiced - leave open,"7,000",Joelle Abi-Nahed,,,12-Dec-24,,ERCOT,,,,,
Generation Interconnection,BLACK & VEATCH CORPORATION ,Oak Hill IFC PSCAD and PSSE Plant Model Preparation and Model Quality Tests,Joelle Abi-Nahed,Joelle Abi-Nahed,Fixed,Mark as Cancelled,"45,000",Anthony Saab,Bikram Bhandari,4/25/2025,30-Apr-25,,ERCOT,,Solar,,kick it off 12/6,
,,,,,,,,,,,,,,,,,followup with Billy on emerson PPC,
,,,,,,,,,,,,,,,,,given to Zhi s team,
Generation Interconnection,BLACK & VEATCH CORPORATION ,Oak Hill TASK 3: GENERAL SUPPORT,Joelle Abi-Nahed,Joelle Abi-Nahed,HNTE,Hold (other reason),,,,,1-Dec-26,,ERCOT,,,,,
Generation Interconnection,Black Mountain ,Soho and Citadel BESS T4 - T4 Project Interconnection Support,Joelle Abi-Nahed,Joelle Abi-Nahed,HNTE,Invoice time spent at end of month,"11,000",,,,1-Dec-26,,ERCOT,,BESS,,,
Generation Interconnection,Blue Sky Utility,Bracero pecan  Task 4: General Interconnection Support,Joelle Abi-Nahed,Joelle Abi-Nahed,HNTE,In progress,"15,000",Joelle Abi-Nahed,,,1-Dec-26,402146,ERCOT,,PV,,with AEP. restudies?,
,,,,,,,,,,,,,,,,,nov 2027 qsa?????,
,,,,,,,,,,,,,,,,,IFC?,
Generation Interconnection,Blue Sky Utility,Fairway  Task 4: General Interconnection Support,Joelle Abi-Nahed,Joelle Abi-Nahed,HNTE,In progress,"15,000",Joelle Abi-Nahed,,,1-Dec-26,402194,ERCOT,,PV,,with Oncor,
,,,,,,,,,,,,,,,,,2027 project so final design end of 2026,
,,,,,,,,,,,,,,,,,IFC?,
Generation Interconnection,Blue Sky Utility,Bracero pecan Task 1: ERCOT FIS Material & Models Update,Joelle Abi-Nahed,Joelle Abi-Nahed,Fixed,Can be Invoiced - leave open,"18,000",Shiva Amini,Behzad Jandaghi,10/19/2025,20-Oct-25,402146,ERCOT,,BESS,,SMA - low SCR area so they bought grid forming,
,,,,,,,,,,,,,,,,,august 2027 qsa,
Generation Interconnection,Blue Sky Utility,Bracero pecan Task 2: ERCOT PSS/E Model Quality Test and Tuning,Joelle Abi-Nahed,Joelle Abi-Nahed,Fixed,In progress,"13,500",Yara Karam,Sonjoy Roy,,1-Dec-26,402146,ERCOT,,BESS,,,
Generation Interconnection,Blue Sky Utility,Bracero pecan Task 3: PSCAD™ Plant Model Development,Joelle Abi-Nahed,Joelle Abi-Nahed,Fixed,In progress,"11,000",Yara Karam,Sonjoy Roy,,1-Dec-26,402146,ERCOT,,BESS,,,
Generation Interconnection,Blue Sky Utility,Bracero pecan Task 4: PSCAD™ Model Quality Test ,Joelle Abi-Nahed,Joelle Abi-Nahed,Fixed,In progress,"16,000",Yara Karam,Sonjoy Roy,,1-Dec-26,402146,ERCOT,,BESS,,,
Generation Interconnection,Blue Sky Utility,Bracero pecan Task 5: PSS®E and PSCAD™ Model Benchmarking Study,Joelle Abi-Nahed,Joelle Abi-Nahed,Fixed,In progress,"6,000",Yara Karam,Sonjoy Roy,,1-Dec-26,402146,ERCOT,,BESS,,,
Generation Interconnection,Blue Sky Utility,Bracero pecan Task 6: Plant Aspen Model,Joelle Abi-Nahed,Joelle Abi-Nahed,Fixed,Can be Invoiced - leave open,"5,000",Shiva Amini,Behzad Jandaghi,10/19/2025,20-Oct-25,402146,ERCOT,,BESS,,May 2027 qsa,
Generation Interconnection,Blue Sky Utility,Bracero pecan Task 7: Reactive Power Compensation Study,Joelle Abi-Nahed,Joelle Abi-Nahed,Fixed,Hold (other reason),"15,000",Shiva Amini,Behzad Jandaghi,,1-Dec-26,402146,ERCOT,,BESS,,,
Generation Interconnection,Blue Sky Utility,Bracero pecan Task 8: Planning Model Data & QSA Requirements Support,Joelle Abi-Nahed,Joelle Abi-Nahed,Fixed,Hold (other reason),"10,000",Shiva Amini,Behzad Jandaghi,,1-Dec-26,402146,ERCOT,,BESS,,,
Generation Interconnection,Blue Sky Utility,Bracero pecan TASK 9: FULL REGISTRATION DATA SUBMISSION & PRODUCTION LOAD DATE SUPPORT,Joelle Abi-Nahed,Joelle Abi-Nahed,Fixed,Hold (other reason),"19,000",Shiva Amini,Behzad Jandaghi,,1-Dec-26,402146,ERCOT,,BESS,,,
Generation Interconnection,"Blue Sky Utility, LLC",Lavender  Task 1: ERCOT FIS Material & Models Update,Joelle Abi-Nahed,Joelle Abi-Nahed,Fixed,Can be Invoiced and Closed,"16,000",Siddhesh Thorat,Behzad Jandaghi,4/20/2026,28-Apr-26,404716,ERCOT,,Solar,,SMA 4400,
,,,,,,,,,,,,,,,,,May QSA,
Generation Interconnection,"Blue Sky Utility, LLC",Lavender Task 2: ERCOT PSS/E Model Quality Test and Tuning,Joelle Abi-Nahed,Joelle Abi-Nahed,Fixed,Can be Invoiced and Closed,"11,000",Siddhesh Thorat,Behzad Jandaghi,6/2/2026,5-Jun-26,404716,ERCOT,,Solar,,,
Generation Interconnection,"Blue Sky Utility, LLC",Lavender  Task 3: PSCAD Plant Model Development,Joelle Abi-Nahed,Joelle Abi-Nahed,Fixed,Can be Invoiced and Closed,"11,000",Siddhesh Thorat,Behzad Jandaghi,6/2/2026,5-Jun-26,404716,ERCOT,,Solar,,,
Generation Interconnection,"Blue Sky Utility, LLC",Lavender Task 4: PSCAD Model Quality Test,Joelle Abi-Nahed,Joelle Abi-Nahed,Fixed,Can be Invoiced and Closed,"14,000",Siddhesh Thorat,Behzad Jandaghi,6/2/2026,5-Jun-26,404716,ERCOT,,Solar,,,
Generation Interconnection,"Blue Sky Utility, LLC",Lavender Task 5: PSS®E and PSCAD Model Benchmarking Study,Joelle Abi-Nahed,Joelle Abi-Nahed,Fixed,Can be Invoiced and Closed,"5,000",Siddhesh Thorat,Behzad Jandaghi,6/2/2026,5-Jun-26,404716,ERCOT,,Solar,,,
Generation Interconnection,"Blue Sky Utility, LLC",Lavender Task 6: Reactive Power Compensation Study,Joelle Abi-Nahed,Joelle Abi-Nahed,Fixed,Can be Invoiced and Closed,"13,500",Siddhesh Thorat,Behzad Jandaghi,6/29/2026,30-Jun-26,404716,ERCOT,,Solar,,,
Generation Interconnection,"Blue Sky Utility, LLC",Lavender Task 7: Planning Model Data & QSA Requirements Support,Joelle Abi-Nahed,Joelle Abi-Nahed,Fixed,In progress,"10,000",Siddhesh Thorat,Behzad Jandaghi,10/5/2026,25-Oct-26,404716,ERCOT,,Solar,,,
Generation Interconnection,"Blue Sky Utility, LLC",Lavender Task 8: General interconnection support,Joelle Abi-Nahed,Joelle Abi-Nahed,Fixed,Invoice time spent at end of month,"5,000",,Behzad Jandaghi,,8-Dec-26,404716,ERCOT,,Solar,,,
Generation Interconnection,Bluearth Renewables,Timber cove Storage T5- General Support,Joelle Abi-Nahed,Joelle Abi-Nahed,HNTE,Invoice time spent at end of month,"5,000",,Bikram Bhandari,,1-Dec-26,406223,ERCOT,,,,,
Generation Interconnection,BluEarth Renewables Inc. ,Timber Cove Storage T2 - T2 ERCOT Model Quality Test and VRT Tuning-Storage,Joelle Abi-Nahed,Joelle Abi-Nahed,Fixed,Can be Invoiced and Closed,"10,000",Georgette Khanfour,Bikram Bhandari,4/30/2024,14-May-24,,ERCOT,,BESS,,,
Generation Interconnection,BluEarth Renewables Inc. ,Timber Cove Storage T3 - T3 ERCOT Model Quality Test and VRT Tuning-Storage + Solar,Joelle Abi-Nahed,Joelle Abi-Nahed,Fixed,Can be Invoiced and Closed,"15,000",Georgette Khanfour,Bikram Bhandari,4/30/2024,14-May-24,,ERCOT,,BESS,,,
Generation Interconnection,BluEarth Renewables Inc. ,Fairfield Solar T2 - T2 ERCOT MODEL QUALITY TEST AND VRT TUNING,Joelle Abi-Nahed,Joelle Abi-Nahed,Fixed,Can be Invoiced and Closed,"10,000",Georgette Khanfour,Bikram Bhandari,5/31/2024,14-May-24,,ERCOT,,solar,,,
System Studies,BluEarth Renewables Inc. ,Fairfield Solar T4 - T4 REACTIVE POWER COMPENSATION STUDY,Joelle Abi-Nahed,Joelle Abi-Nahed,Fixed,Mark as Cancelled,"15,000",Lena Barakat,Bikram Bhandari,,1-Dec-24,,ERCOT,,solar,,check with client after MQT delivery,
Generation Interconnection,BluEarth Renewables Inc. ,Fairfield Solar T5 - T5 PSCAD™ PLANT MODEL DEVELOPMENT,Joelle Abi-Nahed,Joelle Abi-Nahed,Fixed,Mark as Cancelled,"10,000",Lena Barakat,Bikram Bhandari,,1-Dec-24,,ERCOT,,solar,,,
Generation Interconnection,BluEarth Renewables Inc. ,Fairfield Solar T6 - T6 PSCAD™ PLANT MODEL DEVELOPMENT,Joelle Abi-Nahed,Joelle Abi-Nahed,Fixed,Mark as Cancelled,"13,000",Lena Barakat,Bikram Bhandari,,1-Dec-24,,ERCOT,,solar,,,
Generation Interconnection,BluEarth Renewables Inc. ,Fairfield Solar T7 - T7 PLANNING MODEL DATA & QSA REQUIREMENTS SUPPORT,Joelle Abi-Nahed,Joelle Abi-Nahed,Fixed,Mark as Cancelled,"9,500",Lena Barakat,Bikram Bhandari,,1-Dec-24,,ERCOT,,Solar,,,
Generation Interconnection,BluEarth Renewables Inc. ,Fairfield Solar T8 - T8 FULL REGISTRATION DATA & ERCOT REGISTRATION SUPPORT,Joelle Abi-Nahed,Joelle Abi-Nahed,Fixed,Mark as Cancelled,"17,500",Lena Barakat,Bikram Bhandari,,1-Dec-24,,ERCOT,,Solar,,,
Generation Interconnection,BluEarth Renewables Inc. ,Fairfield Solar T9 - T9 PROJECT INTERCONNECTION SUPPORT,Joelle Abi-Nahed,Joelle Abi-Nahed,HNTE,Invoice time spent at end of month,"10,000",,,,1-Dec-26,,ERCOT,,Solar,,,
Generation Interconnection,Bynum Solar Project LLC,TASK 18: IFC (ISSUE FOR COMMISSIONING) PSCAD PLANT MODEL PREPARATION,Joelle Abi-Nahed,Joelle Abi-Nahed,Fixed,Can be Invoiced and Closed,"38,000",Bikram Bhandari,Joelle Abi-Nahed,12/24/2025,29-Dec-25,202418,ERCOT,,PV,,TO for budget expansion?,
,,AND MODEL QUALITY TESTS,,,,,,,,,,,,,,,,
Generation Interconnection,Calpine Corporation,Gregory Expansion  New INR- Task 1: ERCOT Expedited FIS Application ,Joelle Abi-Nahed,Joelle Abi-Nahed,Fixed,Mark as Cancelled,"18,000",Yara Karam,Sonjoy Roy,,1-Dec-25,,ERCOT,,,,carlos team to execute,
Generation Interconnection,Calpine Corporation,Gregory Expansion  Repower - Task 1: ERCOT Expedited FIS Application,Joelle Abi-Nahed,Joelle Abi-Nahed,Fixed,Mark as Cancelled,"9,500",Yara Karam,Sonjoy Roy,,1-Dec-25,,ERCOT,,,,,
Generation Interconnection,Calpine Corporation,New INR- Task 2: ERCOT Model Quality Test,Joelle Abi-Nahed,Joelle Abi-Nahed,Fixed,Mark as Cancelled,"11,000",Yara Karam,,,1-Dec-25,,ERCOT,,,,,
Generation Interconnection,Calpine Corporation,New INR- Task 3: Plant Aspen Model,Joelle Abi-Nahed,Joelle Abi-Nahed,Fixed,Mark as Cancelled,"4,000",Yara Karam,,,1-Dec-25,,ERCOT,,,,,
Generation Interconnection,Calpine Corporation,New INR- Task 4: Project Interconnection Support,Joelle Abi-Nahed,Joelle Abi-Nahed,HNTE,Mark as Cancelled,"5,000",Yara Karam,,,1-Dec-25,,ERCOT,,,,,
Generation Interconnection,Calpine Corporation,Repower - Task 2: ERCOT Model Quality Test,Joelle Abi-Nahed,Joelle Abi-Nahed,Fixed,Mark as Cancelled,"11,000",Yara Karam,,,1-Dec-25,,ERCOT,,,,,
Generation Interconnection,Calpine Corporation,Repower - Task 3: Plant Aspen Model,Joelle Abi-Nahed,Joelle Abi-Nahed,Fixed,Mark as Cancelled,"2,500",Yara Karam,,,1-Dec-25,,ERCOT,,,,,
Generation Interconnection,Calpine Corporation,Repower - Task 4: Project Interconnection Support,Joelle Abi-Nahed,Joelle Abi-Nahed,HNTE,Mark as Cancelled,"5,000",,,,1-Dec-25,,ERCOT,,,,,
Generation Interconnection,Calvano Development,Wichita Falls Task 4: Load Interconnection Support,Joelle Abi-Nahed,Sonjoy Roy,HNTE,Invoice time spent at end of month,"10,000",Yara Karam,Sonjoy Roy,,1-Dec-26,400018,ERCOT,,Load,,revised to 70 MW - oncor,
,,,,,,,,,,,,,,,,,new OLD?,
Generation Interconnection,Calvano Development,Wichita Falls Task 2: PSS®E Model Development  ,Joelle Abi-Nahed,Sonjoy Roy,Fixed,Can be Invoiced and Closed,"8,000",Yara Karam,Sonjoy Roy,7/28/2025,31-Jul-25,,ERCOT,,Load,,finish questionnaire with 2 POIs,
Generation Interconnection,Calvano Development,Wichita Falls Task 3: Dynamic Load Model,Joelle Abi-Nahed,Sonjoy Roy,Fixed,Can be Invoiced and Closed,"13,000",Yara Karam,Sonjoy Roy,7/28/2025,31-Jul-25,,ERCOT,,Load,,,
Generation Interconnection,Calvano Development,Wichita Falls Task 1: Load Interconnection Support,Joelle Abi-Nahed,Sonjoy Roy,HNTE,Can be Invoiced and Closed,"10,000",Yara Karam,Sonjoy Roy,,30-Aug-25,400018,ERCOT,,Load,,transmission 200 / distibution 10,
,,,,,,,,,,,,,,,,,completed and any other support requires new sow,
Generation Interconnection,Calvano Development,Snyder TASK 1: GENERAL INTERCONNECTION SUPPORT - LOAD,Joelle Abi-Nahed,Sonjoy Roy,HNTE,Invoice time spent at end of month,"10,000",,Sonjoy Roy,,1-Dec-26,403631,ERCOT,,load,BD,,
Generation Interconnection,Calvano Development,Snyder TASK 2: PSS®E STEADY STATE & DYNAMIC MODEL - LOAD,Joelle Abi-Nahed,Sonjoy Roy,Fixed,Can be Invoiced - leave open,"21,000",Mary Fadlallah,Sonjoy Roy,2/16/2026,17-Feb-26,403631,ERCOT,,load,BD,oncor 1 GW,
Generation Interconnection,CCNG Inc,T1 Load Interconnection Support,Joelle Abi-Nahed,Sonjoy Roy,HNTE,Invoice time spent at end of month,"10,000",Ghida Hajj Hassan,Sonjoy Roy,,1-Dec-26,405241,ERCOT,,load,,,
Generation Interconnection,CCNG Inc,T2 PSSE Steady State & Dynamic model,Joelle Abi-Nahed,Sonjoy Roy,Fixed,Can be Invoiced and Closed,"21,000",Ghida Hajj Hassan,Sonjoy Roy,5/5/2026,18-May-26,405241,ERCOT,,load,,,
Generation Interconnection,CG Leon,CG Leon (nabato) T3 PSCAD model,Joelle Abi-Nahed,Joelle Abi-Nahed,Fixed,Can be Invoiced and Closed,"11,000",Abraham Reveles,Bikram Bhandari,7/25/2025,31-Jul-25,202208,ERCOT,,PV,,,
Generation Interconnection,CG Leon,CG Leon (nabato) T4 PSCAD MQT,Joelle Abi-Nahed,Joelle Abi-Nahed,Fixed,Can be Invoiced and Closed,"14,000",Abraham Reveles,Bikram Bhandari,7/25/2025,31-Jul-25,202208,ERCOT,,PV,,,
Generation Interconnection,CG Leon,CG Leon benchamrking ,Joelle Abi-Nahed,Joelle Abi-Nahed,Fixed,Mark as Cancelled,"13,500",Abraham Reveles,Behzad Jandaghi,,1-Dec-25,,,,,,,
Generation Interconnection,CG Leon,CG Leon (nabato) T2 reactive study ,Joelle Abi-Nahed,Joelle Abi-Nahed,Fixed,Can be Invoiced and Closed,"17,500",Georgette Khanfour,Bikram Bhandari,8/26/2025,29-Aug-25,202208,ERCOT,,,,,
Generation Interconnection,CG Leon,CG Leon (nabato) T6 planning,Joelle Abi-Nahed,Joelle Abi-Nahed,Fixed,Can be Invoiced - leave open,"10,000",Shiva Amini,Behzad Jandaghi,9/22/2025,30-Sep-25,202208,,,,,Send RFI to client,
Generation Interconnection,CG Leon ,CG Leon  (nabato) T5 Model Benchmarking,Joelle Abi-Nahed,Joelle Abi-Nahed,Fixed,Can be Invoiced and Closed,"13,500",Abraham Reveles,Bikram Bhandari,7/25/2025,31-Jul-25,202208,ERCOT,,PV,,"SS, SC, dyanmic restudies",
,,,,,,,,,,,,,,,,,1 MQT or 3 MQTs? (2 solar projects under 2 INrs because of sepaarte PPas but same owner),
,,,,,,,,,,,,,,,,,feb 2026 QSA so finish all mid december,
Generation Interconnection,CG Leon County I LLC (repsol),Pecan prairie North T1-Planning Model Data & QSA Requirements Support,Joelle Abi-Nahed,Joelle Abi-Nahed,Fixed,Can be Invoiced and Closed,"4,000",,Behzad Jandaghi,1/16/2026,30-Jan-26,403957,ERCOT,,PV,Organic,,
Generation Interconnection,CG Leon County I LLC (repsol),Pecan prairie  North T2- Full Registration Data Submission & Production Load Date Support,Joelle Abi-Nahed,Joelle Abi-Nahed,Fixed,Can be Invoiced - leave open,"12,500",Shiva Amini,Behzad Jandaghi,5/5/2026,29-May-26,403957,ERCOT,,PV,Organic,6/1 deadline for 10/1/2026 PLD,
Generation Interconnection,CG Leon County I LLC (repsol),Pecan prairie North T3-IFC PSCAD,Joelle Abi-Nahed,Joelle Abi-Nahed,Fixed,In progress,"17,500",,Bikram Bhandari,10/15/2026,1-Nov-26,403957,ERCOT,,PV,Organic,,
Generation Interconnection,CG Leon County I LLC (repsol),Pecan prairie  North T10-support,Joelle Abi-Nahed,Joelle Abi-Nahed,HNTE,Invoice time spent at end of month,"10,000",Shiva Amini,Behzad Jandaghi,,1-Dec-26,403957,ERCOT,,PV,Organic,review design 90%?,
Generation Interconnection,CG Leon County I LLC (repsol),Pecan prairie  South T10-support,Joelle Abi-Nahed,Joelle Abi-Nahed,HNTE,Invoice time spent at end of month,"10,000",Shiva Amini,Behzad Jandaghi,,1-Dec-26,402979,ERCOT,,PV,Organic,review design 90%?,
Generation Interconnection,CG Leon County II LLC (repsol),Pecan prairie South T1-Planning Model Data & QSA Requirements Support,Joelle Abi-Nahed,Joelle Abi-Nahed,Fixed,Can be Invoiced and Closed,"4,000",,Behzad Jandaghi,1/16/2026,30-Jan-26,402979,ERCOT,,PV,Organic,,
Generation Interconnection,CG Leon County II LLC (repsol),Pecan prairie South T2- Full Registration Data Submission & Production Load Date Support,Joelle Abi-Nahed,Joelle Abi-Nahed,Fixed,Can be Invoiced - leave open,"12,500",Shiva Amini,Behzad Jandaghi,5/5/2026,29-May-26,402979,ERCOT,,PV,Organic,6/1 deadline for 10/1/2026 PLD,
Generation Interconnection,CG Leon County II LLC (repsol),Pecan prairie South T3-IFC PSCAD,Joelle Abi-Nahed,Joelle Abi-Nahed,Fixed,In progress,"17,500",,Bikram Bhandari,10/15/2026,1-Nov-26,402979,ERCOT,,PV,Organic,,
Generation Interconnection,CH New Strike LLC,New Strike Task 1: ERCOT SS & FIS Interconnection,Joelle Abi-Nahed,Joelle Abi-Nahed,Fixed,Can be Invoiced and Closed,"2,596",Shiva Amini,Behzad Jandaghi,,20-Aug-25,400194,ERCOT,,BESS,,follow up early July,
,,Application,,,,,,,,,,,,,,,,
Generation Interconnection,CH New Strike LLC,New Strike Task 2: General Interconnection Support,Joelle Abi-Nahed,Joelle Abi-Nahed,HNTE,Mark as Cancelled,"15,000",Shiva Amini,Behzad Jandaghi,,1-Dec-25,400194,ERCOT,,BESS,,,
TPGEN,Cipher,Task 1: ERCOT Transmission Analysis –,Joelle Abi-Nahed,Joelle Abi-Nahed,Fixed,Can be Invoiced and Closed,"35,000",Bikram Bhandari,Joelle Abi Nahed,8/28/2024,30-Aug-24,,ERCOT,,,,follow up on new projects,
,,Import,,,,,,,,,,,,,,,,
TPGEN,Cipher Mining,T1 - Base Case Review and Update (1 Case),Joelle Abi-Nahed,Joelle Abi-Nahed,Fixed,Can be Invoiced and Closed,"4,000",Georgette Khanfour,Bikram Bhandari,26-Jun,29-Jun-26,405919,ERCOT,,load,,,
TPGEN,Cipher Mining,T2- ERCOT Site Evaluation and Detailed Impact Study,Joelle Abi-Nahed,Joelle Abi-Nahed,Fixed,Can be Invoiced and Closed,"16,000",Georgette Khanfour,Bikram Bhandari,26-Jun,29-Jun-26,405919,ERCOT,,load,,,
TPGEN,Cipher Mining Inc.,Task 1: ERCOT Transmission Analysis –Import,Joelle Abi-Nahed,Sonjoy Roy,Fixed,Can be Invoiced and Closed,"1,000",Sonjoy Roy,Joelle Abi-Nahed,,22-Apr-25,401378,ERCOT,,load,,,
Generation Interconnection,Circal,ERCOT presentation,Joelle Abi-Nahed,Joelle Abi-Nahed,Fixed,Can be Invoiced and Closed,"5,000",Lena Barakat,Joelle Abi Nahed,,22-Aug-24,,ERCOT,,,,5k from 15k task led by Mohamed,
Generation Interconnection,Circal USA Services LLC,General Support,Joelle Abi-Nahed,Joelle Abi-Nahed,HNTE,Invoice time spent at end of month,"5,000",Joelle Abi-Nahed,,,1-Dec-26,400467,,,,,,
Generation Interconnection,Circal USA Services LLC,Project Sawtooth TASK 3: ERCOT EXPEDITED SS & FIS APPLICATION,Joelle Abi-Nahed,Sonjoy Roy,Fixed,Can be Invoiced and Closed,"18,000",Mary Fadlallah,Sonjoy Roy,10/27/2025,31-Oct-25,400545,ERCOT,,Solar,,,
Generation Interconnection,Circal USA Services LLC,Project Sawtooth TASK 4: PLANT ASPEN MODEL – REQUIRED BY AEP,Joelle Abi-Nahed,Sonjoy Roy,Fixed,Can be Invoiced and Closed,"5,000",Mary Fadlallah,Sonjoy Roy,10/27/2025,31-Oct-25,400545,ERCOT,,Solar,,,
Generation Interconnection,Circal USA Services LLC,Project Sawtooth TASK 5: ERCOT PSS/E MODEL QUALITY TEST AND TUNING,Joelle Abi-Nahed,Sonjoy Roy,Fixed,Can be Invoiced and Closed,"10,000",Mary Fadlallah,Sonjoy Roy,28-Jan,30-Jan-26,400545,ERCOT,,Solar,,,
Generation Interconnection,Circal USA Services LLC,Project Sawtooth TASK 6: GENERAL INTERCONNECTION SUPPORT & MEETINGS,Joelle Abi-Nahed,Sonjoy Roy,HNTE,Invoice time spent at end of month,"11,000",Sonjoy Roy,Joelle Abi-Nahed,,1-Dec-26,400545,ERCOT,,Solar,,,
Generation Interconnection,"Cisco Power, LLC",Wilson site Task 1: ERCOT SS & FIS Interconnection application –Gas Generation,Joelle Abi-Nahed,Lea El Khoury,Fixed,Can be Invoiced - leave open,"18,000",Marise El Nacouzi,Lea El Khoury,,30-Jan-26,404136,ERCOT,,gas,Organic,"Upon ERCOT’s approval, we will need to follow up with Brazos and ERCOT on timeline for upgrades / RPG process and eventual ISD for the load",
Generation Interconnection,"Cisco Power, LLC",Wilson site Task 2: ERCOT PSS/E Model Quality Test and Tuning – Gas Generation,Joelle Abi-Nahed,Lea El Khoury,Fixed,Can be Invoiced and Closed,"11,000",Marise El Nacouzi,Perla Boulos,3/19/2026,27-Mar-26,404136,ERCOT,,gas,Organic,all gas?,
Generation Interconnection,"Cisco Power, LLC",Wilson site Task 3: ERCOT PSS/E Model Quality Test and Tuning –Combined Gas and Solar Generations ,Joelle Abi-Nahed,Lea El Khoury,Fixed,Can be Invoiced and Closed,"11,000",Marise El Nacouzi,Perla Boulos,3/19/2026,27-Mar-26,404136,ERCOT,,gas,Organic,,
Generation Interconnection,"Cisco Power, LLC",Wilson site TASK 4: PSS®E Steady-State and Dynamic Model Development,Joelle Abi-Nahed,Joelle Abi-Nahed,Fixed,Can be Invoiced and Closed,"16,000",Jonathan Ruiz,Bikram Bhandari,,30-Jan-26,404136,ERCOT,,load,Organic,,
Generation Interconnection,Clean AI LLC,three canes load TASK 2: PSS®E STEADY STATE & DYNAMIC MODEL - LOAD,Joelle Abi-Nahed,Joelle Abi-Nahed,Fixed,Can be Invoiced and Closed,"20,000",Georgette Khanfour,Bikram Bhandari,,30-Sep-25,403011,ERCOT,,Load,,,
Generation Interconnection,Clean AI LLC,three canes load TASK 1: GENERAL INTERCONNECTION SUPPORT - LOAD,Joelle Abi-Nahed,Joelle Abi-Nahed,HNTE,Invoice time spent at end of month,"10,000",Georgette Khanfour,Bikram Bhandari,,1-Dec-26,403011,ERCOT,,Load,,,
TPGEN,CleanAi,TASK 1: HIGH LEVEL TRANSMISSION IMPORT ANALYSIS,Joelle Abi-Nahed,Joelle Abi-Nahed,Fixed,Can be Invoiced and Closed,"13,000",Georgette Khanfour,Bikram Bhandari,,25-Nov-25,403651 T1,ERCOT,,Load,,,
Generation Interconnection,CleanAi,TASK 2: GENERAL INTERCONNECTION SUPPORT - LOAD,Joelle Abi-Nahed,Joelle Abi-Nahed,HNTE,Invoice time spent at end of month,"11,000",Jonathan Ruiz,Bikram Bhandari,,25-Nov-25,403651 T2,ERCOT,,Load,,4k remains for calls with TSP,
Generation Interconnection,CleanAi,TASK 3: PSS®E STEADY STATE & DYNAMIC MODEL - LOAD ,Joelle Abi-Nahed,Joelle Abi-Nahed,Fixed,Can be Invoiced and Closed,"30,000",Jonathan Ruiz,Bikram Bhandari,,25-Nov-25,403651 T3,ERCOT,,Load,,,
Generation Interconnection,"CleanAI, LLC",Task 1 General Interconnection Support,Joelle Abi-Nahed,Joelle Abi-Nahed,HNTE,Can be Invoiced and Closed,0,Joelle Abi-Nahed,Joelle Abi-Nahed,,10-Nov-25,402341 T1,ERCOT,,PV+BESS+gas+load,,was 5k budget and spent 2.6k,
Generation Interconnection,"Cobra Industrial Activities, Inc",Barrett Solar TASK 3: ERCOT FIS MATERIAL & MODELS,Joelle Abi-Nahed,Joelle Abi-Nahed,Fixed,Can be Invoiced and Closed,"16,000",Yara Karam,Sonjoy Roy,6-Sep,13-Sep-24,,ERCOT,,Solar,,May 1st 2025 QSA,
,,UPDATEBynum Solar,,,,,,,,,,,,,,,TSP:Raybrun,
Generation Interconnection,"Cobra Industrial Activities, Inc",Bynum Solar TASK 3: ERCOT FIS MATERIAL & MODELS,Joelle Abi-Nahed,Joelle Abi-Nahed,Fixed,Can be Invoiced and Closed,"16,000",Georgette Khanfour,Sonjoy Roy,6-Sep,13-Sep-24,,ERCOT,,Solar,,May 1st 2025 QSA,
,,UPDATEBynum Solar,,,,,,,,,,,,,,,TSP:TNMP,
Generation Interconnection,"Cobra Industrial Activities, Inc",Barrett Solar TASK 5: PLANT ASPEN MODEL– IF REQUIRED,Joelle Abi-Nahed,Joelle Abi-Nahed,Fixed,Can be Invoiced and Closed,"5,000",Yara Karam,Bikram Bhandari,18-Sep,20-Sep-24,,ERCOT,,Solar,,,
,,BY TSP,,,,,,,,,,,,,,,,
Generation Interconnection,"Cobra Industrial Activities, Inc",Bynum Solar TASK 5: PLANT ASPEN MODEL– IF REQUIRED,Joelle Abi-Nahed,Joelle Abi-Nahed,Fixed,Can be Invoiced and Closed,"5,000",Georgette Khanfour,Sonjoy Roy,18-Sep,20-Sep-24,,ERCOT,,Solar,,,
,,BY TSP,,,,,,,,,,,,,,,,
Generation Interconnection,"Cobra Industrial Activities, Inc",Barrett  Solar TASK 6: PSCAD™ PLANT MODEL,Joelle Abi-Nahed,Joelle Abi-Nahed,Fixed,Can be Invoiced and Closed,"11,000",Lena Barakat,Behzad Jandaghi,27-Nov,29-Nov-24,,ERCOT,,Solar,,,
,,DEVELOPMENT,,,,,,,,,,,,,,,,
Generation Interconnection,"Cobra Industrial Activities, Inc",Barrett  Solar TASK 7: PSCAD™ MODEL QUALITY TEST,Joelle Abi-Nahed,Joelle Abi-Nahed,Fixed,Can be Invoiced and Closed,"14,000",Lena Barakat,Behzad Jandaghi,27-Nov,29-Nov-24,,ERCOT,,Solar,,,
Generation Interconnection,"Cobra Industrial Activities, Inc",Barrett Solar TASK 4: ERCOT PSS/E MODEL QUALITY TEST AND VRT TUNING,Joelle Abi-Nahed,Joelle Abi-Nahed,Fixed,Can be Invoiced and Closed,"11,000",Lena Barakat,Behzad Jandaghi,26-Nov,22-Nov-24,,ERCOT,,Solar,,,
Generation Interconnection,"Cobra Industrial Activities, Inc",Barrett Solar TASK 8: ERCOT PSS/E & PSCAD MODEL QUALITY TEST PER NOGRR245 ,Joelle Abi-Nahed,Joelle Abi-Nahed,Fixed,Can be Invoiced and Closed,"8,000",Lena Barakat,Behzad Jandaghi,27-Nov,29-Nov-24,,ERCOT,,Solar,,,
Generation Interconnection,"Cobra Industrial Activities, Inc",Bynum Solar TASK 4: ERCOT PSS/E MODEL QUALITY TEST AND VRT TUNING,Joelle Abi-Nahed,Joelle Abi-Nahed,Fixed,Can be Invoiced and Closed,"11,000",Georgette Khanfour,Bikram Bhandari /Behzad Jandaghi,19-Nov,20-Nov-24,,ERCOT,,Solar,,,
Generation Interconnection,"Cobra Industrial Activities, Inc",Bynum Solar TASK 6: PSCAD™ PLANT MODEL,Joelle Abi-Nahed,Joelle Abi-Nahed,Fixed,Can be Invoiced and Closed,"11,000",Georgette Khanfour,Bikram Bhandari /Behzad Jandaghi,27-Nov,29-Nov-24,,ERCOT,,Solar,,,
,,DEVELOPMENT,,,,,,,,,,,,,,,,
Generation Interconnection,"Cobra Industrial Activities, Inc",Bynum Solar TASK 7: PSCAD™ MODEL QUALITY TEST,Joelle Abi-Nahed,Joelle Abi-Nahed,Fixed,Can be Invoiced and Closed,"14,000",Georgette Khanfour,Bikram Bhandari /Behzad Jandaghi,27-Nov,29-Nov-24,,ERCOT,,Solar,,,
Generation Interconnection,"Cobra Industrial Activities, Inc",Bynum Solar TASK 8: ERCOT PSS/E & PSCAD MODEL QUALITY TEST PER NOGRR245 ,Joelle Abi-Nahed,Joelle Abi-Nahed,Fixed,Can be Invoiced and Closed,"8,000",Georgette Khanfour,Bikram Bhandari /Behzad Jandaghi,27-Nov,29-Nov-24,,ERCOT,,Solar,,,
Generation Interconnection,"Cobra Industrial Activities, Inc",Barrett Solar project T16 - T16 General Interconnection Support,Joelle Abi-Nahed,Joelle Abi-Nahed,HNTE,Invoice time spent at end of month,"15,000",Joelle Abi Nahed,,5/31/2024,1-Dec-26,,ERCOT,,Solar,,,
Generation Interconnection,"Cobra Industrial Activities, Inc",Bynum Solar project T16 - T16 General Interconnection Support,Joelle Abi-Nahed,Joelle Abi-Nahed,HNTE,Invoice time spent at end of month,"15,000",Joelle Abi Nahed,,,1-Dec-26,,ERCOT,,Solar,,PLS moved to 10 becasue of QSE?,
Generation Interconnection,"Cobra Industrial Activities, Inc",Barrett Solar project TASK 9: REACTIVE POWER COMPENSATION,Joelle Abi-Nahed,Joelle Abi-Nahed,Fixed,Can be Invoiced and Closed,"15,000",Lena Barakat,Sonjoy Roy,2/7/2025,18-Feb-25,202417,ERCOT,,Solar,,check on 2 MVAR cap - decided not to use for now // May qsa,
,,STUDY,,,,,,,,,,,,,,,,
Generation Interconnection,"Cobra Industrial Activities, Inc",Bynum Solar project  TASK 9: REACTIVE POWER COMPENSATION,Joelle Abi-Nahed,Joelle Abi-Nahed,Fixed,Can be Invoiced and Closed,"15,000",Georgette Khanfour,Sonjoy Roy,2/7/2025,18-Feb-25,202417,ERCOT,,Solar,,check oncap // may qsa,
,,STUDY,,,,,,,,,,,,,,,,
Generation Interconnection,"Cobra Industrial Activities, Inc",Barrett TASK 10: PLANNING MODEL DATA & QSA,Joelle Abi-Nahed,Joelle Abi-Nahed,Fixed,Can be Invoiced and Closed,"10,000",Lena Barakat,Sonjoy Roy,3/6/2025,17-Mar-25,,ERCOT,,BESS,,Energization Date 12-5-2025 //11/5 PLD deadline 7/1,
,,REQUIREMENTS SUPPORT ,,,,,,,,,,,,,,,Synchronization Date 1-5-2026 // august qsa,
,,,,,,,,,,,,,,,,,follow up full registration scope,
Generation Interconnection,"Cobra Industrial Activities, Inc",Bynum  TASK 10: PLANNING MODEL DATA & QSA,Joelle Abi-Nahed,Joelle Abi-Nahed,Fixed,Can be Invoiced and Closed,"10,000",Georgette Khanfour,Bikram Bhandari,3/6/2025,12-Mar-25,,ERCOT,,BESS,,May qsa,
,,REQUIREMENTS SUPPORT ,,,,,,,,,,,,,,,,
Generation Interconnection,"Cobra Industrial Activities, Inc",Bynum  Task 17: Full Registration Data Submission & Production Load Date Support,Joelle Abi-Nahed,Joelle Abi-Nahed,Fixed,Can be Invoiced and Closed,"19,000",Georgette Khanfour,Bikram Bhandari,4/23/2025,30-Apr-25,,ERCOT,,PV,,Production Load Date (PLD) of 9/4/2025 so deadline 5/1/2025,
Generation Interconnection,Cold Water Renewables ,"Lake Creek Wind, LLC T3 - T3 ERCOT SS & FIS INTERCONNECTION APPLICATION",Joelle Abi-Nahed,Joelle Abi-Nahed,Fixed,Can be Invoiced and Closed,"18,000",Lena Barakat,Behzad Jandaghi,19-Jun,25-Jun-24,,ERCOT,,wind,,scoing meeting 12/9,
Generation Interconnection,Cold Water Renewables ,"Longview Wind, LLC T3 - T3 ERCOT SS & FIS INTERCONNECTION APPLICATION",Joelle Abi-Nahed,Joelle Abi-Nahed,Fixed,Can be Invoiced and Closed,"11,000",Lena Barakat,Behzad Jandaghi,19-Jun,25-Jun-24,,ERCOT,,wind,,,
Generation Interconnection,Cold Water Renewables ,b,Joelle Abi-Nahed,Joelle Abi-Nahed,Fixed,Can be Invoiced and Closed,"11,000",Lena Barakat,Bikram Bhandari,19-Sep,23-Sep-24,,ERCOT,,wind,,ercot did not approve application as not enough site control ,
Generation Interconnection,Cold Water Renewables ,"Longview Wind, LLC T4 - T4 ERCOT PSS/E MODEL QUALITY TEST AND VRT TUNING",Joelle Abi-Nahed,Joelle Abi-Nahed,Fixed,Can be Invoiced and Closed,"9,000",Lena Barakat,Bikram Bhandari,19-Sep,23-Sep-24,,ERCOT,,wind,,not yet submitted,
,,,,,,,,,,,,,,,,,follow up end of February,
Generation Interconnection,Cold Water Renewables ,"Lake Creek Wind, LLC T5 - T5 GENERAL INTERCONNECTION SUPPORT",Joelle Abi-Nahed,Joelle Abi-Nahed,Fixed,Invoice time spent at end of month,"5,000",,,,1-Dec-26,,ERCOT,,wind,,follow up end of november - application submitted? site control? scoping meeting?,
Generation Interconnection,Cold Water Renewables ,"Longview Wind, LLC T5 - T5 GENERAL INTERCONNECTION SUPPORT",Joelle Abi-Nahed,Joelle Abi-Nahed,Fixed,Invoice time spent at end of month,"5,000",,,,1-Dec-26,,ERCOT,,wind,,follow up end of november,
Generation Interconnection,Conifer Power Company ,Diamond Tail Solar T2 - T2 Project Interconnection Support,Joelle Abi-Nahed,Joelle Abi-Nahed,HNTE,Invoice time spent at end of month,"10,000",,,,1-Dec-26,,ERCOT,,Solar,,,
Generation Interconnection,Connect Gen,CG Leon County (nabato) solar T13 - PSSE MQT,Joelle Abi-Nahed,Joelle Abi-Nahed,Fixed,Can be Invoiced and Closed,"11,000",Abraham Reveles,Bikram Bhandari,7/25/2025,31-Jul-25,202208,ERCOT,,BESS,,feb 2026 qsa and 1 combined models for both INRs,
,,,,,,,,,,,,,,,,,confirm  if all tasks are approved,
,,,,,,,,,,,,,,,,,VRT approved and studies started?,
Generation Interconnection,Connect Gen,CG Leon County (nabato) solar T1 - T1 FIS application,Joelle Abi-Nahed,Joelle Abi-Nahed,Fixed,Can be Invoiced and Closed,"18,000",Behzad Jandaghi,Dibakar Shil,13-Jun,21-Jun-24,202208,ERCOT,,BESS,,,
Generation Interconnection,Convergent,Convergent Energy T1-SS application,Joelle Abi-Nahed,Sonjoy Roy,Fixed,In progress,"5,000",Yara Karam,Sonjoy Roy,,1-Dec-26,406368,ERCOT,,BESS,,,
Generation Interconnection,Convergent,Convergent Energy T2-ERCOT FIS INTERCONNECTION APPLICATION ,Joelle Abi-Nahed,Sonjoy Roy,Fixed,Hold (other reason),"15,000",,Sonjoy Roy,,2-Dec-26,406368,ERCOT,,BESS,,,
Generation Interconnection,Convergent,Convergent Energy T3-ERCOT PSS/E MODEL QUALITY TEST AND TUNING ,Joelle Abi-Nahed,Sonjoy Roy,Fixed,Hold (other reason),"13,500",,Sonjoy Roy,,3-Dec-26,406368,ERCOT,,BESS,,,
Generation Interconnection,Convergent,Convergent Energy T4- PSCAD™ PLANT MODEL DEVELOPMENT,Joelle Abi-Nahed,Sonjoy Roy,Fixed,Hold (other reason),"6,500",,Sonjoy Roy,,4-Dec-26,406368,ERCOT,,BESS,,,
Generation Interconnection,Convergent,Convergent Energy T5-PSCAD™ MODEL QUALITY TEST,Joelle Abi-Nahed,Sonjoy Roy,Fixed,Hold (other reason),"15,500",,Sonjoy Roy,,5-Dec-26,406368,ERCOT,,BESS,,,
Generation Interconnection,Convergent,Convergent Energy T6-TSAT PLANT MODEL DEVELOPMENT – IF REQUIRED ,Joelle Abi-Nahed,Sonjoy Roy,Fixed,Hold (other reason),"6,000",,Sonjoy Roy,,6-Dec-26,406368,ERCOT,,BESS,,,
Generation Interconnection,Convergent,Convergent Energy T7-TSAT MODEL QUALITY TEST – IF REQUIRED ,Joelle Abi-Nahed,Sonjoy Roy,Fixed,Hold (other reason),"12,000",,Sonjoy Roy,,7-Dec-26,406368,ERCOT,,BESS,,,
Generation Interconnection,Convergent,Convergent Energy T8-PSS®E AND PSCADTM (AND TSAT) MODEL BENCHMARKING STUDY ,Joelle Abi-Nahed,Sonjoy Roy,Fixed,Hold (other reason),"6,000",,Sonjoy Roy,,8-Dec-26,406368,ERCOT,,BESS,,,
Generation Interconnection,Convergent,Convergent Energy T9-PLANT ASPEN MODEL – IF REQUIRED BY TSP ,Joelle Abi-Nahed,Sonjoy Roy,Fixed,Hold (other reason),"3,500",,Sonjoy Roy,,9-Dec-26,406368,ERCOT,,BESS,,,
Generation Interconnection,Convergent,Convergent Energy T10-GENERAL INTERCONNECTION SUPPORT,Joelle Abi-Nahed,Sonjoy Roy,HNTE,Invoice time spent at end of month,"10,000",,Sonjoy Roy,,10-Dec-26,406368,ERCOT,,BESS,,,
Generation Interconnection,Convergent,Convergent Energy T13-Cable Ampacity Study ,Joelle Abi-Nahed,Sonjoy Roy,Fixed,Hold (other reason),"13,500",,Sonjoy Roy,,11-Dec-26,406368,ERCOT,,BESS,,,
Generation Interconnection,Corvus United,Maderagemela BESS1 T1 - ERCOT FIS Material & Models Update,Joelle Abi-Nahed,Lea El Khoury,Fixed,Can be Invoiced and Closed,"1,268",Elias Chedid,Lea El Khoury,,3-Mar-26,402278,ERCOT,,BESS,Organic,"Still no RFI data, recurrent follow ups with Client",
Generation Interconnection,Corvus United,Maderagemela BESS1 T2 - ERCOT PSSE MQT & Tuning Update,Joelle Abi-Nahed,Lea El Khoury,Fixed,Mark as Cancelled,"11,000",Elias Chedid,,,3-Mar-26,402278,ERCOT,,BESS,Organic,Pending T1. Check if PSCAD Task is needed,
Generation Interconnection,"Corvus United, Inc. ",Maderagemela Load TASK 3: LOAD INTERCONNECTION SUPPORT ,Joelle Abi-Nahed,Sonjoy Roy,Fixed,Can be Invoiced - leave open,"10,000",Yara Karam,Sonjoy Roy,,25-Jun-26,402278,ERCOT,,Load,,,
Generation Interconnection,"Corvus United, Inc. ",Maderagemela Load TASK 4: LOAD PSS®E & DYNAMIC MODEL DEVELOPMENT ,Joelle Abi-Nahed,Sonjoy Roy,Fixed,Can be Invoiced - leave open,"13,500",Yara Karam,Sonjoy Roy,12-Jun,25-Jun-26,402278,ERCOT,,Load,,,
Generation Interconnection,"Crane 2 BESS, LLC ",Timberwolf BESS 2 T8 - T8 Project Interconnection Support,Joelle Abi-Nahed,Joelle Abi-Nahed,HNTE,Invoice time spent at end of month,"15,000",,,,1-Dec-26,,ERCOT,,BESS,,,
Generation Interconnection,Crayhill - CH Solterra Data LLC,CH Solterra Data - TASK 1: LOAD INTERCONNECTION SUPPORT,Joelle Abi-Nahed,Joelle Abi-Nahed,HNTE,Invoice time spent at end of month,"10,000",Siddhesh Thorat,Behzad Jandaghi,,1-Dec-26,404567,ERCOT,,load,,,
Generation Interconnection,Crayhill - CH Solterra Data LLC,CH Solterra Data -TASK 2: LOAD PSS®E MODEL DEVELOPMENT,Joelle Abi-Nahed,Joelle Abi-Nahed,Fixed,Can be Invoiced and Closed,"7,200",Siddhesh Thorat,Behzad Jandaghi,3/20/2026,30-Mar-26,404567,ERCOT,,load,,,
Generation Interconnection,Crayhill - CH Solterra Data LLC,CH Solterra Data -TASK 3: LOAD DYNAMIC LOAD MODE,Joelle Abi-Nahed,Joelle Abi-Nahed,Fixed,Can be Invoiced and Closed,"13,500",Siddhesh Thorat,Behzad Jandaghi,3/20/2026,30-Mar-26,404567,ERCOT,,load,,,
Generation Interconnection,Crusoe,Gn1+Gn2 TASK 7: GOODNIGHT GN1+LOAD1+LOAD2 ERCOT PSS/E MODEL QUALITY TEST AND TUNING ,Joelle Abi-Nahed,Joelle Abi-Nahed,Fixed,Can be Invoiced and Closed,"2,175",Bikram Bhandari,Joelle Abi-Nahed,,28-Jul-25,400133,ERCOT,,wind+load,,task was cancelled and given to other consultant,
Generation Interconnection,Crusoe,TASK 9: REACTIVE STUDY SENSITIVITY RUNS - GENERATION 1 + PUN LOAD,Joelle Abi-Nahed,Joelle Abi-Nahed,Fixed,Can be Invoiced and Closed,"10,000",Bikram Bhandari,Joelle Abi-Nahed,,26-Sep-25,400133,ERCOT,,load+wind,,,
Generation Interconnection,Crusoe,Gn1+Gn2 TASK 8: GENERAL INTERCONNECTION SUPPORT,Joelle Abi-Nahed,Joelle Abi-Nahed,HNTE,Invoice time spent at end of month,"10,000",Bikram Bhandari,Joelle Abi-Nahed,,1-Dec-26,400133,ERCOT,,wind+load,,,
Generation Interconnection,Crusoe Energy Systems LLC,TASK 2: GN1+GN2 WIND+LOAD MODEL,Joelle Abi-Nahed,Joelle Abi-Nahed,Fixed,Can be Invoiced and Closed,"1,850",Bikram Bhandari,Joelle Abi-Nahed,,28-Jul-25,400133,ERCOT,,,,Load update in equivalent model / keep or cancel?,
,,UPDATE,,,,,,,,,,,,,,,task was cancelled and given to other consultant,
Generation Interconnection,Crusoe Energy Systems LLC,Gn1 +Gn2 projects TASK 6: REACTIVE POWER COMPENSATION STUDY - GENERATION 1 + PUN LOAD Update,Joelle Abi-Nahed,Joelle Abi-Nahed,Fixed,Can be Invoiced and Closed,"19,000",Bikram Bhandari,Joelle Abi-Nahed,9/10/2025,12-Sep-25,400133,ERCOT,,Wind+load,,,
Generation Interconnection,Crusoe Energy Systems LLC,crusoe load TASK 2: LOAD INTERCONNECTION SUPPORT,Joelle Abi-Nahed,Joelle Abi-Nahed,HNTE,Mark as Cancelled,"10,000",Sonjoy Roy,Joelle Abi-Nahed,,1-Jul-25,400052,ERCOT,,Load,,,
Generation Interconnection,Crusoe Energy Systems LLC,crusoe load TASK 3: PSS®E MODEL DEVELOPMENT ,Joelle Abi-Nahed,Joelle Abi-Nahed,Fixed,Mark as Cancelled,"8,000",Sonjoy Roy,Joelle Abi-Nahed,,1-Jul-25,400052,ERCOT,,Load,,,
Generation Interconnection,Crusoe Energy Systems LLC,crusoe load TASK 4: DYNAMIC LOAD MODEL,Joelle Abi-Nahed,Joelle Abi-Nahed,Fixed,Mark as Cancelled,"13,000",Sonjoy Roy,Joelle Abi-Nahed,,1-Jul-25,400052,ERCOT,,Load,,,
Generation Interconnection,Crusoe Energy Systems LLC,crusoe load TASK 2: LOAD INTERCONNECTION SUPPORT,Joelle Abi-Nahed,Joelle Abi-Nahed,HNTE,Mark as Cancelled,"10,000",Sonjoy Roy,Joelle Abi-Nahed,,1-Jul-25,400052,ERCOT,,Load,,,
Generation Interconnection,Crusoe Energy Systems LLC,crusoe load TASK 3: PSS®E MODEL DEVELOPMENT ,Joelle Abi-Nahed,Joelle Abi-Nahed,Fixed,Mark as Cancelled,"8,000",Sonjoy Roy,Joelle Abi-Nahed,,1-Jul-25,400052,ERCOT,,Load,,,
Generation Interconnection,Crusoe Energy Systems LLC,crusoe load TASK 4: DYNAMIC LOAD MODEL,Joelle Abi-Nahed,Joelle Abi-Nahed,Fixed,Mark as Cancelled,"13,000",Sonjoy Roy,Joelle Abi-Nahed,,1-Jul-25,400052,ERCOT,,Load,,,
TPGEN,Crusoe Energy Systems LLC,crusoe load TASK 1: ERCOT TRANSMISSION ANALYSIS – SUMMER PEAK CONDITIONS,Joelle Abi-Nahed,Joelle Abi-Nahed,Fixed,Can be Invoiced - leave open,"20,000",Sonjoy Roy,Joelle Abi-Nahed,1/14/2025,17-Jan-25,400052,ERCOT,,Load,,,
TPGEN,Crusoe Energy Systems LLC,crusoe load 2 TASK 1: ERCOT TRANSMISSION ANALYSIS – SUMMER PEAK CONDITIONS,Joelle Abi-Nahed,Joelle Abi-Nahed,Fixed,Can be Invoiced and Closed,"20,000",Sonjoy Roy,Joelle Abi-Nahed,2/19/2025,28-Feb-25,400052,ERCOT,,Load,,,
Generation Interconnection,Crusoe Energy Systems LLC,TASK 3: GN1 RIOO UPDATE,Joelle Abi-Nahed,Joelle Abi-Nahed,HNTE,Can be Invoiced and Closed,"7,500",Bikram Bhandari,Joelle Abi-Nahed,,1-Dec-25,400133,ERCOT,,,,revise Gn1 in RIOO-RS. did the change request get approved/rejected?,
Generation Interconnection,Crusoe Energy Systems LLC,TASK 3: REACTIVE POWER,Joelle Abi-Nahed,Joelle Abi-Nahed,Fixed,Can be Invoiced - leave open,"15,000",Bikram Bhandari,Joelle Abi-Nahed,19-Mar,21-Mar-25,400133,ERCOT,,,,,
,,COMPENSATION STUDY - GENERATION,,,,,,,,,,,,,,,,
,,1 + PUN LOAD – IF REQUIRED,,,,,,,,,,,,,,,,
Generation Interconnection,Crusoe Energy Systems LLC,TASK 5: REACTIVE POWER COMPENSATION STUDY - GENERATION 1+2 + PUN LOAD – IF REQUIRED,Joelle Abi-Nahed,Joelle Abi-Nahed,Fixed,Mark as Cancelled,"15,000",Bikram Bhandari,Joelle Abi-Nahed,,18-Mar-26,400133,ERCOT,,,,,
Generation Interconnection,Crusoe Energy Systems LLC,TASK 4: REACTIVE POWER COMPENSATION STUDY - GENERATION 2 + PUN LOAD – IF REQUIRED,Joelle Abi-Nahed,Joelle Abi-Nahed,Fixed,Can be Invoiced and Closed,"18,000",Bikram Bhandari,Joelle Abi-Nahed,13-May,1-Jun-25,400133,ERCOT,,,,,
Generation Interconnection,"Crusoe Energy Systems, LLC ",Gn1 ercot load update - TASK 5: PSS®E MODEL DEVELOPMENT,Joelle Abi-Nahed,Joelle Abi-Nahed,Fixed,Can be Invoiced and Closed,"6,000",Lena Barakat,Bikram Bhandari,21-Aug,26-Aug-24,,ERCOT,,load,,from 180 MW to 265 MW,
Generation Interconnection,"Crusoe Energy Systems, LLC ",Gn1 ercot load update - TASK 6: DYNAMIC LOAD MODEL,Joelle Abi-Nahed,Joelle Abi-Nahed,Fixed,Can be Invoiced and Closed,"10,000",Lena Barakat,Bikram Bhandari,21-Aug,26-Aug-24,,ERCOT,,load,,,
Generation Interconnection,"Crusoe Energy Systems, LLC ",202031 - Crusoe ERCOT load project,Joelle Abi-Nahed,Joelle Abi-Nahed,Hourly,Invoice time spent at end of month,0,,,,1-Dec-26,,ERCOT,,,,,
Generation Interconnection,"Crusoe Energy Systems, LLC ",Crusoe ERCOT load project T1 - T1 LOAD INTERCONNECTION SUPPORT,Joelle Abi-Nahed,Joelle Abi-Nahed,HNTE,Invoice time spent at end of month,"5,000",,,,1-Dec-26,,ERCOT,,load,,,
Generation Interconnection,"Crusoe Energy Systems, LLC ",goodnight 2 TASK 4: REACTIVE POWER,Joelle Abi-Nahed,Joelle Abi-Nahed,Hourly,Can be Invoiced and Closed,"26,000",Dibakar Shil,Joelle Abi Nahed,11-Jun,14-Jun-24,,ERCOT,,,,,
,,COMPENSATION STUDY - GENERATION,,,,,,,,,,,,,,,,
,,+ PUN LOAD,,,,,,,,,,,,,,,,
Generation Interconnection,DC Stream,San Antonio Load  TASK 1: LOAD GENERAL INTERCONNECTION SUPPORT,Joelle Abi-Nahed,Joelle Abi-Nahed,HNTE,Invoice time spent at end of month,7000,,Bikram Bhandari,,1-Dec-26,405679,ERCOT,405679,load,,,
Generation Interconnection,DC Stream,San Antonio Load  TASK 2: LOAD PSS®E STEADY STATE & DYNAMIC MODEL ,Joelle Abi-Nahed,Joelle Abi-Nahed,Fixed,Can be Invoiced - leave open,15000,,Bikram Bhandari,25-May,5-Jun-26,405679,ERCOT,405679,load,,,
Generation Interconnection,DC Stream (headwaters Site Development),Plug Power TASK 2: LOAD PSS®E STEADY STATE & DYNAMIC MODEL,Joelle Abi-Nahed,Joelle Abi-Nahed,Fixed,Can be Invoiced - leave open,"20,000",Bikram Bhandari,Joelle Abi-Nahed,5/5/2026,29-May-26,403530,ERCOT,,load,,,
Generation Interconnection,DC Stream (headwaters Site Development),Plug Power TASK 3: PSCAD LOAD MODEL ,Joelle Abi-Nahed,Joelle Abi-Nahed,Fixed,Can be Invoiced - leave open,"30,000",Bikram Bhandari,Joelle Abi-Nahed,5/5/2026,29-May-26,403530,ERCOT,,load,,,
Generation Interconnection,DC Stream (headwaters Site Development),Graham Load TASK 2: LOAD PSS®E STEADY STATE & DYNAMIC MODEL,Joelle Abi-Nahed,Joelle Abi-Nahed,Fixed,Can be Invoiced - leave open,"15,000",Bikram Bhandari,Joelle Abi-Nahed,5/5/2026,29-May-26,405494,ERCOT,,Load,,,
Generation Interconnection,DC Stream (headwaters Site Development),Midlothian Load TASK 2: LOAD PSS®E STEADY STATE & DYNAMIC MODEL,Joelle Abi-Nahed,Joelle Abi-Nahed,Fixed,Can be Invoiced - leave open,"15,000",Bikram Bhandari,Joelle Abi-Nahed,5/5/2026,28-May-26,405495,ERCOT,,Load,,,
Generation Interconnection,DC Stream (headwaters Site Development),Waxahatchie  Load TASK 2: LOAD PSS®E STEADY STATE & DYNAMIC MODEL,Joelle Abi-Nahed,Joelle Abi-Nahed,Fixed,Can be Invoiced - leave open,"15,000",Bikram Bhandari,Joelle Abi-Nahed,5/5/2026,29-May-26,405469,ERCOT,,Load,,TO?,
Generation Interconnection,DC Stream (headwaters Site Development),Plug Power T4-LOAD PSS®E STEADY STATE &  DYNAMIC MODEL UPDATE,Joelle Abi-Nahed,Joelle Abi-Nahed,Fixed,Can be Invoiced and Closed,"12,000",Jonathan Ruiz,Bikram Bhandari,,24-Jun-26,403530,ERCOT,,,,TO?,
Generation Interconnection,DC Stream (headwaters Site Development),Plug Power T5-PSCAD LOAD MODEL UPDATE,Joelle Abi-Nahed,Joelle Abi-Nahed,Fixed,Can be Invoiced and Closed,"15,000",Bikram Bhandari,Joelle Abi-Nahed,20-Jul,30-Jul-26,403530,ERCOT,,,,,
Generation Interconnection,DHI,Mitchell Plant Support,Joelle Abi-Nahed,Joelle Abi-Nahed,HNTE,In progress,"5,000",Bikram Bhandari,,,1-Dec-26,200734,ERCOT,,PV+BESS,,dates? FIS udpate? sow?,
Generation Interconnection,"DHI Power, LLC ",200734 - Mitchell Plant Road Solar,Joelle Abi-Nahed,Joelle Abi-Nahed,Hourly,Invoice time spent at end of month,0,,,,1-Dec-26,,ERCOT,,Solar,,FOLLOW UP IN OCTOBER 2025 FOR RESTUDIES,
Generation Interconnection,"DHI Power, LLC ",Mitchell Plant Road Storage T8 - T8 Project Interconnection Support,Joelle Abi-Nahed,Joelle Abi-Nahed,HNTE,Invoice time spent at end of month,"20,000",,,,1-Dec-26,,ERCOT,,,,,
Generation Interconnection,DM renewables,Behrends storage project in Blanco County T1: FULL TRANSMISSION ANALYSIS on each project,Joelle Abi-Nahed,Joelle Abi-Nahed,Fixed,Can be Invoiced and closed,"4,000",Lena Barakat,Yang Zhou,10-Apr,29-Apr-24,,ERCOT,,BESS,,,
Generation Interconnection,DM renewables,Lang storage project in Llano County T1: FULL TRANSMISSION ANALYSIS on each project,Joelle Abi-Nahed,Joelle Abi-Nahed,Fixed,Can be Invoiced and closed,"4,000",Lena Barakat,Yang Zhou,10-Apr,29-Apr-24,,ERCOT,,BESS,,,
Generation Interconnection,DM renewables,Leifester storage project in Bell County Reese Creek T1: FULL TRANSMISSION ANALYSIS on each project,Joelle Abi-Nahed,Joelle Abi-Nahed,Fixed,Can be Invoiced and closed,"22,000",Lena Barakat,Yang Zhou,10-Apr,29-Apr-24,,ERCOT,,BESS,,,
Generation Interconnection,DM renewables,Mawson storage project in Wichita County T1: FULL TRANSMISSION ANALYSIS on each project,Joelle Abi-Nahed,Joelle Abi-Nahed,Fixed,Can be Invoiced and closed,"4,000",Lena Barakat,Yang Zhou,10-Apr,29-Apr-24,,ERCOT,,BESS,,,
Generation Interconnection,DM renewables,Moore storage project in Knox County T1: FULL TRANSMISSION ANALYSIS on each project,Joelle Abi-Nahed,Joelle Abi-Nahed,Fixed,Can be Invoiced and closed,"4,000",Lena Barakat,Yang Zhou,10-Apr,29-Apr-24,,ERCOT,,BESS,,,
Generation Interconnection,DM renewables,Morgan storage project in Bell County Trimmier T1: FULL TRANSMISSION ANALYSIS on each project,Joelle Abi-Nahed,Joelle Abi-Nahed,Fixed,Can be Invoiced and closed,"4,000",Lena Barakat,Yang Zhou,10-Apr,29-Apr-24,,ERCOT,,BESS,,,
Generation Interconnection,DM renewables,Paul storage project in Taylor County T1: FULL TRANSMISSION ANALYSIS on each project,Joelle Abi-Nahed,Joelle Abi-Nahed,Fixed,Can be Invoiced and closed,"4,000",Lena Barakat,Yang Zhou,10-Apr,29-Apr-24,,ERCOT,,BESS,,,
Generation Interconnection,DM renewables,Yang storage project in Clay County T1: FULL TRANSMISSION ANALYSIS on each project,Joelle Abi-Nahed,Joelle Abi-Nahed,Fixed,Can be Invoiced and Closed,"4,000",Lena Barakat,Yang Zhou,10-Apr,29-Apr-24,,ERCOT,,BESS,,,
Generation Interconnection,DM renewables,Bell County Reese Creek (Morgan Leifester) TASK 2: ERCOT EXPEDITED SS & FIS APPLICATION -200 - oncor,Joelle Abi-Nahed,Joelle Abi-Nahed,Fixed,Can be Invoiced and Closed,"12,000",Yara Karam,Lena Barakat,18-Oct,25-Oct-24,,ERCOT,,,,application not yet approved,
Generation Interconnection,DM renewables,Bell County Trimmier (Morgan) TASK 2: ERCOT EXPEDITED,Joelle Abi-Nahed,Joelle Abi-Nahed,Fixed,Can be Invoiced and Closed,"12,000",Yara Karam,Lena Barakat,18-Oct,25-Oct-24,,ERCOT,,,,,
,,SS & FIS APPLICATION -250 - BEPC,,,,,,,,,,,,,,,,
Generation Interconnection,DM renewables,Bell County Trimmier (Morgan) TASK 3: ERCOT MODEL,Joelle Abi-Nahed,Joelle Abi-Nahed,Fixed,Can be Invoiced and Closed,"10,000",Yara Karam,Behzad Jandaghi,3-Jan,10-Jan-25,202355,ERCOT,,,,,
,,QUALITY TEST,,,,,,,,,,,,,,,,
Generation Interconnection,DM renewables,Blanco County (Behrends)] TASK 2: ERCOT EXPEDITED,Joelle Abi-Nahed,Joelle Abi-Nahed,Fixed,Can be Invoiced and Closed,"12,000",Yara Karam,Behzad Jandaghi,18-Oct,25-Oct-24,,ERCOT,,,,approved. scoping meeting?,
,,SS & FIS APPLICATION -150 - PEC,,,,,,,,,,,,,,,,
Generation Interconnection,DM renewables,Clay County (Yang)TASK 2: ERCOT EXPEDITED,Joelle Abi-Nahed,Joelle Abi-Nahed,Fixed,Can be Invoiced and Closed,"18,000",Lena Barakat,Behzad Jandaghi,18-Oct,25-Oct-24,,ERCOT,,,,,
,,SS & FIS APPLICATION -300 - oncor ,,,,,,,,,,,,,,,,
Generation Interconnection,DM renewables,Wichita County (Mawson) TASK 2: ERCOT EXPEDITED,Joelle Abi-Nahed,Joelle Abi-Nahed,Fixed,Can be Invoiced and Closed,"12,000",Yara Karam,Behzad Jandaghi,18-Oct,25-Oct-24,,ERCOT,,,,approved. scoping meeting?,
,,SS & FIS APPLICATION -150 - Oncor,,,,,,,,,,,,,,,,
Generation Interconnection,DM renewables,Knox County (Moore)]  TASK 2: ERCOT EXPEDITED,Joelle Abi-Nahed,Joelle Abi-Nahed,Fixed,Can be Invoiced and Closed,"12,000",Yara karam,Behzad Jandaghi,30-Oct,31-Oct-24,,ERCOT,,BESS,,ask if he wants scope for aspen,
,,SS & FIS APPLICATION - 75 MW AEP,,,,,,,,,,,,,,,,
Generation Interconnection,DM renewables,Taylor County (Paul}]   TASK 2: ERCOT EXPEDITED,Joelle Abi-Nahed,Joelle Abi-Nahed,Fixed,Can be Invoiced and Closed,"12,000",Lena Barakat,Behzad Jandaghi,6-Nov,15-Nov-24,,ERCOT,,BESS,,Final Email : Ask if he wants scope for aspen,
,,SS & FIS APPLICATION - 200 MW AEP,,,,,,,,,,,,,,,,
Generation Interconnection,DM renewables,Bell County Reese Creek (Morgan Leifester) TASK 4: INTERCONNECTION SUPPORT & MEETINGS,Joelle Abi-Nahed,Joelle Abi-Nahed,HNTE,Invoice time spent at end of month,"8,000",Yara Karam,Lena Barakat,,1-Dec-26,,ERCOT,,,,scoping meeting 1/21/2025,
,,,,,,,,,,,,,,,,,signed FIS scope reviewed on 4/15,
,,,,,,,,,,,,,,,,,& studies underway,
Generation Interconnection,DM renewables,Bell County Trimmier (Morgan) TASK 4: INTERCONNECTION SUPPORT & MEETINGS,Joelle Abi-Nahed,Joelle Abi-Nahed,HNTE,Invoice time spent at end of month,"8,000",Yara Karam,Lena Barakat,,1-Dec-26,,ERCOT,,,,scoping meeting 11/25/2024,
,,,,,,,,,,,,,,,,,signed FIS scope & studies underway,
Generation Interconnection,DM renewables,Blanco County (Behrends)] TASK 4: INTERCONNECTION SUPPORT & MEETINGS,Joelle Abi-Nahed,Joelle Abi-Nahed,HNTE,Invoice time spent at end of month,"8,000",Yara Karam,Behzad Jandaghi,,1-Dec-26,,ERCOT,,,,scoping meeting on 1/21/2025,
,,,,,,,,,,,,,,,,,PEC to do an assessment on COD. Aspen not required,
,,,,,,,,,,,,,,,,,signed FIS scope & steady state & SC completed,
Generation Interconnection,DM renewables,Clay County (Yang) TASK 4: INTERCONNECTION SUPPORT & MEETINGS,Joelle Abi-Nahed,Joelle Abi-Nahed,HNTE,Invoice time spent at end of month,"8,000",Lena Barakat,Behzad Jandaghi,,1-Dec-26,,ERCOT,,,,scoping meeting on 2/4/2025,
,,,,,,,,,,,,,,,,,signed FIS scope & studies underway,
,,,,,,,,,,,,,,,,,The redacted stability report has now been posted to MIS,
Generation Interconnection,DM renewables,Wichita County (Mawson)  TASK 4: INTERCONNECTION SUPPORT & MEETINGS,Joelle Abi-Nahed,Joelle Abi-Nahed,HNTE,Invoice time spent at end of month,"8,000",Yara Karam,Behzad Jandaghi,,1-Dec-26,,ERCOT,,,,scoping meeting on 1/29,
,,,,,,,,,,,,,,,,,DSA not signed,
,,,,,,,,,,,,,,,,,"signed FIS scope? Oncor still has not made a decision on the path forward of this service area. I am waiting on some more information, so I cant get you an estimate on getting the DSA over to you",
Generation Interconnection,DM renewables,Knox County (Moore)]   TASK 4: INTERCONNECTION SUPPORT & MEETINGS,Joelle Abi-Nahed,Joelle Abi-Nahed,HNTE,Invoice time spent at end of month,"8,000",Yara Karam,Behzad Jandaghi,,1-Dec-26,,ERCOT,,,,scoping meeting on 3/ 4/2025,
,,,,,,,,,,,,,,,,,FIS scope  signed and executed,
,,,,,,,,,,,,,,,,,1. FIS facility study is posted to MIS.,
,,,,,,,,,,,,,,,,,2. - Steady state ETA for completion is 2/6,
,,,,,,,,,,,,,,,,,- Short circuit completed on 3/30/26,
Generation Interconnection,DM renewables,Taylor County (Paul}]    TASK 4: INTERCONNECTION SUPPORT & MEETINGS,Joelle Abi-Nahed,Joelle Abi-Nahed,HNTE,Invoice time spent at end of month,"8,000",Lena Barakat,Behzad Jandaghi,,1-Dec-26,,ERCOT,,,,scoping meeting on 3/ 4/2025,
,,,,,,,,,,,,,,,,,FIS scope  signed and executed,
,,,,,,,,,,,,,,,,,1. Steady state study is complete and is under internal review.,
,,,,,,,,,,,,,,,,,2. Facility Study completed,
,,,,,,,,,,,,,,,,,3. - Short Circuit study is complete and under AEP review,
Generation Interconnection,DM Renewables,Bell County Reese Creek (Morgan Leifester) TASK 3:MQT,Joelle Abi-Nahed,Joelle Abi-Nahed,Fixed,Can be Invoiced and Closed,"10,000",Yara Karam,Behzad Jandaghi,2/12/2025,21-Feb-25,202353,ERCOT,,BESS,,,
Generation Interconnection,DM Renewables,Blanco County (Behrends)] TASK 3:MQT,Joelle Abi-Nahed,Joelle Abi-Nahed,Fixed,Can be Invoiced and Closed,"8,000",Shiva Amini,Behzad Jandaghi,2/12/2025,28-Feb-25,202352,ERCOT,,BESS,,,
Generation Interconnection,DM renewables,Clay County Yang TASK 3: ERCOT MODEL,Joelle Abi-Nahed,Joelle Abi-Nahed,Fixed,Can be Invoiced and Closed,"8,000",Shiva Amini,Behzad Jandaghi,3/5/2025,12-Mar-25,202350,,,,,,
,,QUALITY TEST,,,,,,,,,,,,,,,,
Generation Interconnection,DM renewables,Behrends storage project in Blanco County T5: Plant Aspen Model,Joelle Abi-Nahed,Joelle Abi-Nahed,Fixed,Can be Invoiced and Closed,"5,000",Shiva Amini,Behzad Jandaghi,2/26/2028,28-Feb-25,202352,ERCOT,,BESS,,,
Generation Interconnection,DM RENEWABLES,Taylor County Paul Task 3 MQT,Joelle Abi-Nahed,Joelle Abi-Nahed,Fixed,Can be Invoiced and Closed,"8,000",Anthony Saab,Behzad Jandaghi,3/31/2025,31-Mar-25,202349,ERCOT,,BESS,,,
Generation Interconnection,DM RENEWABLES,Knox County Moore Task 3  MQT,Joelle Abi-Nahed,Joelle Abi-Nahed,Fixed,Can be Invoiced and Closed,"8,000",Shiva Amini,Behzad Jandaghi,4/18/2025,28-Apr-25,202356,ERCOT,,BESS,,,
Generation Interconnection,DM renewables,Taylor County Paul Aspen,Joelle Abi-Nahed,Joelle Abi-Nahed,Fixed,Can be Invoiced and Closed,"5,000",Shiva Amini,Behzad Jandaghi,4/21/2025,28-Apr-25,202349,ERCOT,,BESS,,,
Generation Interconnection,DM renewables,Knox County Moore Aspen,Joelle Abi-Nahed,Joelle Abi-Nahed,Fixed,Can be Invoiced and Closed,"5,000",Shiva Amini,Behzad Jandaghi,4/21/2025,28-Apr-25,202356,ERCOT,,BESS,,,
Generation Interconnection,DM renewables,Mawson storage project in Wichita County T3: MQT,Joelle Abi-Nahed,Sonjoy Roy,Fixed,Can be Invoiced and Closed,"8,000",Yara Karam,Behzad Jandaghi,3/14/2025,28-Mar-25,202351,ERCOT,,BESS,,,
Generation Interconnection,DM renewables,Behrends Task 6: ERCOT FIS Material & Models Update,Joelle Abi-Nahed,Joelle Abi-Nahed,Fixed,Can be Invoiced and Closed,"11,000",Shiva Amini,Behzad Jandaghi,7/5/2026,15-Jul-26,202352,ERCOT,,BESS,,aspen?,
Generation Interconnection,DM renewables,Behrends Task 7: ERCOT PSS/E Model Quality Test and Tuning (Update),Joelle Abi-Nahed,Joelle Abi-Nahed,Fixed,In progress,"10,000",Siddhesh Thorat,Behzad Jandaghi,8/1/2026,14-Aug-26,202352,ERCOT,,BESS,,,
Generation Interconnection,DM renewables,Paul Task 6: ERCOT FIS Material & Models Update,Joelle Abi-Nahed,Joelle Abi-Nahed,Fixed,Can be Invoiced and Closed,"11,000",Shiva Amini,Behzad Jandaghi,6/20/2026,29-Jun-26,202349,ERCOT,,BESS,,aspen?,
Generation Interconnection,DM renewables,Paul Task 7: ERCOT PSS/E Model Quality Test and Tuning (Update),Joelle Abi-Nahed,Joelle Abi-Nahed,Fixed,Can be Invoiced and Closed,"10,000",Georgette Khanfour,Bikram Bhandari,7/20/2026,31-Jul-26,202349,ERCOT,,BESS,,,
Generation Interconnection,DM renewables,Yang Task 5: ERCOT FIS Material & Models Update,Joelle Abi-Nahed,Joelle Abi-Nahed,Fixed,Can be Invoiced and Closed,"14,000",Shiva Amini,Behzad Jandaghi,6/5/2026,16-Jun-26,202350,ERCOT,,BESS,,,
Generation Interconnection,DM renewables,Yang Task 6: ERCOT PSS/E Model Quality Test and Tuning (Update),Joelle Abi-Nahed,Joelle Abi-Nahed,Fixed,Can be Invoiced and Closed,"13,500",Siddhesh Thorat,Behzad Jandaghi,7/20/2026,31-Jul-26,202350,ERCOT,,BESS,,,
Generation Interconnection,DM renewables,Mawson Task 5: ERCOT FIS Material & Models Update,Joelle Abi-Nahed,Joelle Abi-Nahed,Fixed,Can be Invoiced and Closed,"14,000",Shiva Amini,Behzad Jandaghi,7/5/2026,15-Jul-26,202351,ERCOT,,BESS,,,
Generation Interconnection,DM renewables,Mawson  Task 6: ERCOT PSS/E Model Quality Test and Tuning (Update),Joelle Abi-Nahed,Joelle Abi-Nahed,Fixed,In progress,"10,000",Siddhesh Thorat,Behzad Jandaghi,8/1/2026,14-Aug-26,202351,ERCOT,,BESS,,,
Generation Interconnection,DM renewables,Morgan Task 5: ERCOT FIS Material & Models Update,Joelle Abi-Nahed,Joelle Abi-Nahed,Fixed,Can be Invoiced and Closed,"14,000",Shiva Amini,Behzad Jandaghi,6/20/2026,29-Jun-26,202355,ERCOT,,BESS,,,
Generation Interconnection,DM renewables,Morgan  Task 6: ERCOT PSS/E Model Quality Test and Tuning (Update),Joelle Abi-Nahed,Joelle Abi-Nahed,Fixed,Can be Invoiced and Closed,"10,000",Siddhesh Thorat,Behzad Jandaghi,7/20/2026,4-Aug-26,202355,ERCOT,,BESS,,,
Generation Interconnection,DM renewables,Morgan Leifester Task 5: ERCOT FIS Material & Models Update,Joelle Abi-Nahed,Joelle Abi-Nahed,Fixed,Can be Invoiced and Closed,"14,000",Shiva Amini,Behzad Jandaghi,6/5/2026,16-Jun-26,202353,ERCOT,,BESS,,,
Generation Interconnection,DM renewables,Morgan Leifester  Task 6: ERCOT PSS/E Model Quality Test and Tuning (Update),Joelle Abi-Nahed,Joelle Abi-Nahed,Fixed,Can be Invoiced and Closed,"10,000",Georgette Khanfour,Bikram Bhandari,7/20/2026,31-Jul-26,202353,ERCOT,,BESS,,,
Generation Interconnection,DM renewables,Morgan T7- Aspen Model,Joelle Abi-Nahed,Joelle Abi-Nahed,Fixed,Can be Invoiced and Closed,"5,000",Shiva Amini,Behzad Jandaghi,6/20/2026,29-Jun-26,202355,ERCOT,,BESS,,,
Generation Interconnection,DM renewables,Paul T8 - Aspen,Joelle Abi-Nahed,Joelle Abi-Nahed,Fixed,Can be Invoiced and Closed,"3,500",Shiva Amini,Behzad Jandaghi,6/20/2026,29-Jun-26,202349,,,BESS,,,
Generation Interconnection,DM renewables,Behrends T8 - Aspen,Joelle Abi-Nahed,Joelle Abi-Nahed,Fixed,Can be Invoiced and Closed,"3,500",Shiva Amini,Behzad Jandaghi,7/20/2026,31-Jul-26,202352,,,BESS,,,
Generation Interconnection,DM renewables,Morgan Leifester T7- Aspen,Joelle Abi-Nahed,Joelle Abi-Nahed,Fixed,Can be Invoiced and Closed,"3,500",Shiva Amini,Behzad Jandaghi,7/20/2026,31-Jul-26,202353,,,BESS,,,
Generation Interconnection,DM renewables,Yang 7- Aspen,Joelle Abi-Nahed,Joelle Abi-Nahed,Fixed,Can be Invoiced and Closed,"3,500",Shiva Amini,Behzad Jandaghi,7/20/2026,31-Jul-26,202350,,,BESS,,,
Generation Interconnection,DM renewables,Mawson 7- Aspen,Joelle Abi-Nahed,Joelle Abi-Nahed,Fixed,Can be Invoiced and Closed,"3,500",Shiva Amini,Behzad Jandaghi,7/20/2026,31-Jul-26,202351,,,BESS,,,
TPGEN,Sabanci (Dx tehcnology Services),Oriana Large Load Full Trasnmission Study - SP ,Joelle Abi-Nahed,Lea El Khoury,Fixed,Can be Invoiced - leave open,"22,500",Elias Chedid,Behzad Jandaghi,2/19/2026,28-Feb-26,404049,ERCOT,,load,,battery inactive so only inlcude solar,
Generation Interconnection,Eagle Claw Energy Center,Eagle Claw T2- PSSE MQT,Joelle Abi-Nahed,Sonjoy Roy,Fixed,Can be Invoiced and Closed,"13,500",Yara Karam,Sonjoy Roy,6/20/2026,26-Jun-26,403801,ERCOT,,BESS,,,
Generation Interconnection,Eagle Claw Energy Center,Eagle Claw T4-PSCAD model development,Joelle Abi-Nahed,Sonjoy Roy,Fixed,Can be Invoiced and Closed,"11,000",Yara Karam,Sonjoy Roy,6/20/2026,26-Jun-26,403801,ERCOT,,BESS,,,
Generation Interconnection,Eagle Claw Energy Center,Eagle Claw T5- PSCAD MQT,Joelle Abi-Nahed,Sonjoy Roy,Fixed,Can be Invoiced and Closed,"16,000",Yara Karam,Sonjoy Roy,6/20/2026,26-Jun-26,403801,ERCOT,,BESS,,,
Generation Interconnection,Eagle Claw Energy Center,Eagle Claw T6- PSSE and PSCAD benchmarking,Joelle Abi-Nahed,Sonjoy Roy,Fixed,Can be Invoiced and Closed,"6,000",Yara Karam,Sonjoy Roy,6/20/2026,26-Jun-26,403801,ERCOT,,BESS,,,
Generation Interconnection,East Point Energy,sunset ridge TASK 1: DGR APPLICATION,Joelle Abi-Nahed,Joelle Abi-Nahed,Fixed,Can be Invoiced and Closed,"12,610",Georgette Khanfour,Bikram Bhandari,16-Jul,19-Jul-24,,ERCOT,,,,,
Generation Interconnection,East Point Energy,sunset ridge TASK 2: PSS/E Model Quality Test and VRT,Joelle Abi-Nahed,Joelle Abi-Nahed,Fixed,Can be Invoiced and Closed,"7,905",Georgette Khanfour,Bikram Bhandari,16-Jul,19-Jul-24,,ERCOT,,,,,
,,Tuning,,,,,,,,,,,,,,,,
Generation Interconnection,East Point Energy,sunset ridge TASK 3: PSCAD™ Modeling Support,Joelle Abi-Nahed,Joelle Abi-Nahed,Fixed,Can be Invoiced and Closed,"19,370",Georgette Khanfour,Bikram Bhandari,16-Jul,19-Jul-24,,ERCOT,,,,,
Generation Interconnection,East Point Energy,sunset ridge  Task 4: Technical PMO,Joelle Abi-Nahed,Joelle Abi-Nahed,HNTE,In progress,"5,150",Georgette Khanfour,Bikram Bhandari,,1-Dec-26,,ERCOT,,,,,
Generation Interconnection,EDF Renewable Energy  Inc. ,Catalina T8 - T8 Facility Data and Modeling Support,Joelle Abi-Nahed,Joelle Abi-Nahed,Fixed,Can be Invoiced and Closed,"7,000",,,,28-May-24,,WECC,CAISO,wind,,complete by John Zong,
Generation Interconnection,EDF Renewable Energy  Inc. ,Pacific Wind T10 - T10 Facility Data and Modeling Support,Joelle Abi-Nahed,Joelle Abi-Nahed,Fixed,Can be Invoiced and Closed,"7,000",,,,18-Jul-24,,WECC,CAISO,wind,,completed by Mohsen,
Generation Interconnection,EDF Renewable Energy  Inc. ,Lunar Solar T10 - T10 Project Interconnection Support,Joelle Abi-Nahed,Joelle Abi-Nahed,HNTE,Mark as Cancelled,"15,000",,,,20-Feb-25,,ERCOT,,Solar,,,
Generation Interconnection,EDF Renewable Energy  Inc. ,Lunar Solar T2 - T2 FIS Application w/ PUN Load,Joelle Abi-Nahed,Joelle Abi-Nahed,Fixed,Mark as Cancelled,"18,000",Anthony Saab,Yang Zhou,,20-Feb-25,,ERCOT,,Solar,,invoice time spent and cancel,
Generation Interconnection,EDF Renewable Energy  Inc. ,Lunar Solar T3 - T3 ERCOT Model Quality Test and VRT Tuning (Load + Generation),Joelle Abi-Nahed,Joelle Abi-Nahed,Fixed,Mark as Cancelled,"15,000",Anthony Saab,Yang Zhou,,20-Feb-25,,ERCOT,,Solar,,,
Generation Interconnection,EDF Renewable Energy  Inc. ,Lunar Solar T4 - T4 FIS Scoping Meeting & Assistance in Negotiation of the FIS Scope,Joelle Abi-Nahed,Joelle Abi-Nahed,Fixed,Mark as Cancelled,"2,000",Anthony Saab,Yang Zhou,,20-Feb-25,,ERCOT,,Solar,,,
System Studies,EDF Renewable Energy  Inc. ,Lunar Solar T5 - T5 Reactive Power Compensation Study,Joelle Abi-Nahed,Joelle Abi-Nahed,Fixed,Mark as Cancelled,"14,000",Anthony Saab,Yang Zhou,,20-Feb-25,,ERCOT,,Solar,,,
Generation Interconnection,EDF Renewable Energy  Inc. ,Lunar Solar T6 - T6 PSCAD™ Plant Model Development (Load + Generation),Joelle Abi-Nahed,Joelle Abi-Nahed,Fixed,Mark as Cancelled,"20,000",Anthony Saab,Yang Zhou,,20-Feb-25,,ERCOT,,Solar,,,
Generation Interconnection,EDF Renewable Energy  Inc. ,Lunar Solar T7 - T7 PSCAD™ Model Quality Test,Joelle Abi-Nahed,Joelle Abi-Nahed,Fixed,Mark as Cancelled,"14,000",Anthony Saab,Yang Zhou,,20-Feb-25,,ERCOT,,Solar,,,
Generation Interconnection,EDF Renewable Energy  Inc. ,Lunar Solar T8 - T8 PSCAD™ Model Quality Test,Joelle Abi-Nahed,Joelle Abi-Nahed,Fixed,Mark as Cancelled,"14,000",Anthony Saab,Yang Zhou,,20-Feb-25,,ERCOT,,Solar,,,
Generation Interconnection,EDF Renewable Energy  Inc. ,Lunar Solar T9 - T9 Planning Model & QSA Requirements Support,Joelle Abi-Nahed,Joelle Abi-Nahed,Fixed,Mark as Cancelled,"9,000",Anthony Saab,Yang Zhou,,20-Feb-25,,ERCOT,,Solar,,,
Generation Interconnection,EE US DevCo LLC ,Beebalm solar and storage T6 - T6 ERCOT SS & FIS Interconnection Application,Joelle Abi-Nahed,Joelle Abi-Nahed,Fixed,Mark as Cancelled,"35,000",,,,1-Dec-24,,ERCOT,,,,,
Generation Interconnection,EE US DevCo LLC ,Beebalm solar and storage T7 - T7 ERCOT PSS/E Model Quality Test and VRT Tuning,Joelle Abi-Nahed,Joelle Abi-Nahed,Fixed,Mark as Cancelled,"30,000",,,,1-Dec-24,,ERCOT,,,,,
Generation Interconnection,EE US DevCo LLC ,Beebalm solar and storage T8 - T8 General Interconnection Support,Joelle Abi-Nahed,Joelle Abi-Nahed,HNTE,Mark as Cancelled,"30,000",,,,1-Dec-24,,ERCOT,,,,,
Generation Interconnection,EE US DevCo LLC ,Goliad solar and storage T6 - T6 ERCOT SS & FIS Interconnection Application,Joelle Abi-Nahed,Joelle Abi-Nahed,Fixed,Mark as Cancelled,"35,000",Georgette Khanfour,Bikram Bhandari,,1-Dec-24,,ERCOT,,,,,
Generation Interconnection,EE US DevCo LLC ,Goliad solar and storage T7 - T7 ERCOT PSS/E Model Quality Test and VRT Tuning,Joelle Abi-Nahed,Joelle Abi-Nahed,Fixed,Mark as Cancelled,"30,000",Georgette Khanfour,Bikram Bhandari,,1-Dec-24,,ERCOT,,,,,
Generation Interconnection,EE US DevCo LLC ,Goliad solar and storage T8 - T8 General Interconnection Support,Joelle Abi-Nahed,Joelle Abi-Nahed,Fixed,Mark as Cancelled,"30,000",,,,1-Dec-24,,ERCOT,,,,,
Generation Interconnection,EE US DevCo LLC ,Mantarraya Solar 1 T2 - T2 ERCOT EXPEDITED SS & FIS APPLICATION,Joelle Abi-Nahed,Joelle Abi-Nahed,Fixed,Mark as Cancelled,"17,500",Georgette Khanfour,Bikram Bhandari,,1-Dec-24,,ERCOT,,,,,
Generation Interconnection,EE US DevCo LLC ,Mantarraya Solar 1 T3 - T3 ERCOT MODEL QUALITY TEST AND VRT TUNING,Joelle Abi-Nahed,Joelle Abi-Nahed,Fixed,Mark as Cancelled,"10,000",Georgette Khanfour,Bikram Bhandari,,1-Dec-24,,ERCOT,,,,,
Generation Interconnection,EE US DevCo LLC ,Mantarraya Solar 1 T4 - T4 PROJECT INTERCONNECTION SUPPORT,Joelle Abi-Nahed,Joelle Abi-Nahed,HNTE,Mark as Cancelled,"10,000",,,,1-Dec-24,,ERCOT,,,,,
Generation Interconnection,EE US DevCo LLC ,Mantarraya Storage T1 - T1 ERCOT Expedited FIS Application,Joelle Abi-Nahed,Joelle Abi-Nahed,Fixed,Mark as Cancelled,"17,500",Georgette Khanfour,Bikram Bhandari,,1-Dec-24,,ERCOT,,,,,
Generation Interconnection,EE US DevCo LLC ,Mantarraya Storage T2 - T2 ERCOT Model Quality Test and VRT Tuning-Storage,Joelle Abi-Nahed,Joelle Abi-Nahed,Fixed,Mark as Cancelled,"10,000",Georgette Khanfour,Bikram Bhandari,,1-Dec-24,,ERCOT,,,,,
Generation Interconnection,EE US DevCo LLC ,Mantarraya Storage T3 - T3 ERCOT Model Quality Test and VRT Tuning-Storage + Solar,Joelle Abi-Nahed,Joelle Abi-Nahed,Fixed,Mark as Cancelled,"10,000",Georgette Khanfour,Bikram Bhandari,,1-Dec-24,,ERCOT,,,,,
Generation Interconnection,EE US DevCo LLC ,Mantarraya Storage T4 - T4 Project Interconnection Support,Joelle Abi-Nahed,Joelle Abi-Nahed,HNTE,Mark as Cancelled,"10,000",,,,1-Dec-24,,ERCOT,,,,,
Generation Interconnection,EG US Devco LLC,First Capitol Task 8 - PSSE MQT,Joelle Abi-Nahed,Joelle Abi-Nahed,Fixed,Can be Invoiced and Closed,"10,000",Abraham Reveles,Behzad Jandaghi,11/21/2025,30-Nov-25,203846 T8,ERCOT,,BESS,,August 2026 QSA and need the restudies completed by June 2026,
,,,,,,,,,,,,,,,,,EPC power. generic pscad ppc because not available,
Generation Interconnection,EG US Devco LLC,First Capitol Task 9- PSCAD Model,Joelle Abi-Nahed,Joelle Abi-Nahed,Fixed,Can be Invoiced and Closed,"10,000",Abraham Reveles,Behzad Jandaghi,11/21/2025,30-Nov-25,203846,ERCOT,,BESS,,August 2026 QSA and need the restudies completed by June 2027,
Generation Interconnection,EG US Devco LLC,First Capitol Task 10- PSCAD MQT,Joelle Abi-Nahed,Joelle Abi-Nahed,Fixed,Can be Invoiced and Closed,"15,000",Abraham Reveles,Behzad Jandaghi,11/21/2025,30-Nov-25,203846 T10,ERCOT,,BESS,,August 2026 QSA and need the restudies completed by June 2028,
Generation Interconnection,EG US Devco LLC,First Capitol Task11- PSSE & PSCAD Benchmarking,Joelle Abi-Nahed,Joelle Abi-Nahed,Fixed,Can be Invoiced and Closed,"5,000",Abraham Reveles,Behzad Jandaghi,11/21/2025,30-Nov-25,203846 T11,ERCOT,,BESS,,August 2026 QSA and need the restudies completed by June 2029,
Generation Interconnection,EG US Devco LLC,First Capitol Task12-TSAT Model (if required),Joelle Abi-Nahed,Joelle Abi-Nahed,Fixed,Mark as Cancelled,"10,000",Behzad Jandaghi,Joelle Abi-Nahed,,14-Oct-25,203846,ERCOT,,BESS,,August 2026 QSA and need the restudies completed by June 2030,
Generation Interconnection,EG US Devco LLC,First Capitol Task12-TSAT MQT (if required),Joelle Abi-Nahed,Joelle Abi-Nahed,Fixed,Mark as Cancelled,"12,000",Behzad Jandaghi,Joelle Abi-Nahed,,14-Oct-25,203846,ERCOT,,BESS,,August 2026 QSA and need the restudies completed by June 2031,
Generation Interconnection,Elawan Energy ,Cibeles Solar T6 - T6 Project Interconnection Support,Joelle Abi-Nahed,Joelle Abi-Nahed,HNTE,Invoice time spent at end of month,"5,000",,,,1-Dec-26,101138 - Cibeles Solar T6 - T6 Project Interconnection Support,ERCOT,,BESS,,,
Generation Interconnection,Elawan Energy ,Dileo Solar QSA Requirements T7 - T7 Interconnection Technical Support & Meetings,Joelle Abi-Nahed,Joelle Abi-Nahed,HNTE,Invoice time spent at end of month,"8,000",,,,1-Dec-26,,ERCOT,,,,,
Generation Interconnection,Elawan Energy ,Pitts Dudik II T4 - T4 Project Interconnection Support,Joelle Abi-Nahed,Joelle Abi-Nahed,HNTE,Invoice time spent at end of month,"10,000",,,,1-Dec-26,,ERCOT,,BESS,,,
Generation Interconnection,Elawan Energy ,Pitts Dudik Solar T7 - T7 Interconnection Technical Support & Meetings,Joelle Abi-Nahed,Joelle Abi-Nahed,HNTE,Invoice time spent at end of month,"8,000",Georgette Khanfour,Yang Zhou,,1-Dec-26,,ERCOT,,,,,
Generation Interconnection,Enel,Silver Dollar T4 - Support,Joelle Abi-Nahed,Joelle Abi-Nahed,HNTE,Invoice time spent at end of month,"8,280",,Joelle Abi-Nahed,,1-Dec-26,201943,ERCOT,,PV+BESS,,PO 3500763050,
,,,,,,,,,,,,,,,,,follow up in september 2026 ,
Generation Interconnection,Enel,High noon T9- Support,Joelle Abi-Nahed,Joelle Abi-Nahed,HNTE,Invoice time spent at end of month,"4,800",,Joelle Abi-Nahed,,1-Dec-26,100113,ERCOT,,PV+BESS,,PO 3500763046,
,,,,,,,,,,,,,,,,,Follow up in june 2026,
Generation Interconnection,Enel Green Power ,Silver Dollar Solar Phase II project T1 - T1 ERCOT SS & FIS APPLICATION,Joelle Abi-Nahed,Joelle Abi-Nahed,Fixed,Can be invoiced and closed,"15,035",Georgette Khanfour,Bikram Bhandari,,19-Mar-24,,ERCOT,,Solar,,not submitted on rioo yet,
Generation Interconnection,Enel Green Power ,Silver Dollar Solar project T1 - T1 ERCOT SS & FIS APPLICATION,Joelle Abi-Nahed,Joelle Abi-Nahed,Fixed,Can be invoiced and closed,"15,035",Georgette Khanfour,Bikram Bhandari,,19-Mar-24,,ERCOT,,Solar,,INR submitted on rioo ,
Generation Interconnection,Enel Green Power ,Silver Dollar Storage Phase II project T1 - T1 ERCOT SS & FIS APPLICATION,Joelle Abi-Nahed,Joelle Abi-Nahed,Fixed,Can be invoiced and closed,"15,035",Georgette Khanfour,Bikram Bhandari,,19-Mar-24,,ERCOT,,BESS,,not submitted on rioo yet,
Generation Interconnection,Enel Green Power ,Silver Dollar Storage project T1 - T1 ERCOT SS & FIS APPLICATION,Joelle Abi-Nahed,Joelle Abi-Nahed,Fixed,Can be invoiced and closed,"15,035",Georgette Khanfour,Bikram Bhandari,,19-Mar-24,,ERCOT,,BESS,,INR submitted on rioo ,
Generation Interconnection,Enel Green Power ,Goose Foot BESS project T1 - T1 ERCOT SS & FIS APPLICATION,Joelle Abi-Nahed,Joelle Abi-Nahed,Fixed,Can be Invoiced and Closed,"15,035",Georgette Khanfour,Behzad Jandaghi,24-May,31-May-24,,ERCOT,,BESS,,,
Generation Interconnection,Enel Green Power ,Goose Foot BESS project T2 - T2 ERCOT PSS/E MODEL QUALITY TEST AND VRT TUNING,Joelle Abi-Nahed,Joelle Abi-Nahed,Fixed,Can be Invoiced and Closed,"11,000",Behzad Jandaghi,Bikram Bhandari,12-Jul,15-Jul-24,,ERCOT,,BESS,,,
Generation Interconnection,Enel Green Power ,Gulf Star Solar Phase II project T9- INR split,Joelle Abi-Nahed,Joelle Abi-Nahed,Fixed,Can be Invoiced - leave open,"8,060",Lena Barakat,Bikram Bhandari,6-Aug,9-Aug-24,,ERCOT,,,,,
Generation Interconnection,Enel Green Power ,rocinante solar  TASK 1: ERCOT FIS APPLICATION & PLANT MODELS,Joelle Abi-Nahed,Joelle Abi-Nahed,Fixed,Can be Invoiced and Closed,"15,035",Behzad Jandaghi,Sonjoy Roy,9-Aug,16-Aug-24,,ERCOT,,,,ask about PSCAD when we kick off MQT,
,,UPDATE,,,,,,,,,,,,,,,,
Generation Interconnection,Enel Green Power ,rocinante storage TASK 1: ERCOT FIS APPLICATION & PLANT MODELS UPDATE,Joelle Abi-Nahed,Joelle Abi-Nahed,Fixed,Can be Invoiced and Closed,"15,035",Behzad Jandaghi,Sonjoy Roy,9-Aug,16-Aug-24,,ERCOT,,,,,
Generation Interconnection,Enel Green Power ,EGP Texas Sage Solar project TASK 4: PLANT ASPEN MODEL,Joelle Abi-Nahed,Joelle Abi-Nahed,Fixed,Can be Invoiced and Closed,"5,020",Anthony Saab,Bikram Bhandari,23-Oct,29-Oct-24,,ERCOT,,,,,
Generation Interconnection,Enel Green Power ,Texas Sage Storage project TASK 4: PLANT ASPEN MODEL,Joelle Abi-Nahed,Joelle Abi-Nahed,Fixed,Can be Invoiced and Closed,"5,020",Anthony Saab,Bikram Bhandari,23-Oct,29-Oct-24,,ERCOT,,,,,
Generation Interconnection,Enel Green Power ,"Dragonfly fields S T1-PJM Dynamic Model update, testing and report",Joelle Abi-Nahed,Joelle Abi-Nahed,Fixed,Can be Invoiced and Closed,"9,070",Sonjoy Roy,Joelle Abi Nahed,12/9/2024,1-Jan-25,,ERCOT,,,,,
Generation Interconnection,Enel Green Power ,"Dragonfly fields BESS T1-PJM Dynamic Model update, testing and report",Joelle Abi-Nahed,Joelle Abi-Nahed,Fixed,Can be Invoiced and Closed,"3,467",Sonjoy Roy,Joelle Abi Nahed,12/9/2024,1-Jan-25,,ERCOT,,,,,
Generation Interconnection,Enel Green Power ,"Lebanon S T1-PJM Dynamic Model update, testing and report",Joelle Abi-Nahed,Joelle Abi-Nahed,Fixed,Can be Invoiced and Closed,"10,360",Sonjoy Roy,Joelle Abi Nahed,12/9/2024,1-Jan-25,,ERCOT,,,,,
Generation Interconnection,Enel Green Power ,"Lebanon BESS T1-PJM Dynamic Model update, testing and report",Joelle Abi-Nahed,Joelle Abi-Nahed,Fixed,Can be Invoiced and Closed,"3,467",Sonjoy Roy,Joelle Abi Nahed,12/9/2024,1-Jan-25,,ERCOT,,,,,
Generation Interconnection,Enel Green Power ,Silver Dollar Solar project TASK 2: ERCOT PSS/E MODEL QUALITY TEST AND  VRT TUNING ,Joelle Abi-Nahed,Joelle Abi-Nahed,Fixed,Can be Invoiced and Closed,"10,040",Georgette Khanfour,Behzad Jandaghi,19-Dec,1-Jan-25,,ERCOT,,Solar,,INR submitted on rioo ,
Generation Interconnection,Enel Green Power ,Silver Dollar Storage project TASK 2: ERCOT PSS/E MODEL QUALITY TEST AND  VRT TUNING ,Joelle Abi-Nahed,Joelle Abi-Nahed,Fixed,Can be Invoiced and Closed,"10,040",Georgette Khanfour,Behzad Jandaghi,19-Dec,1-Jan-25,,ERCOT,,BESS,,INR submitted on rioo ,
Generation Interconnection,Enel Green Power ,Silver Dollar Storage project TASK 3: ERCOT PSS/E MODEL QUALITY TEST AND  VRT TUNING – SOLAR+STORAGE,Joelle Abi-Nahed,Joelle Abi-Nahed,Fixed,Can be Invoiced and Closed,"10,040",Georgette Khanfour,Behzad Jandaghi,19-Dec,1-Jan-25,,ERCOT,,BESS,,INR submitted on rioo ,
Generation Interconnection,Enel Green Power ,Aquilla Wind project T1 - T1 ERCOT SS & FIS APPLICATION,Joelle Abi-Nahed,Joelle Abi-Nahed,Fixed,Mark as Cancelled,"15,035",Lena Barakat,Bikram Bhandari,,1-Dec-24,,ERCOT,,Wind,,invoice time spent,
Generation Interconnection,Enel Green Power ,Aquilla Wind project T2 - T2 ERCOT PSS/E MODEL QUALITY TEST AND VRT TUNING,Joelle Abi-Nahed,Joelle Abi-Nahed,Fixed,Mark as Cancelled,"10,040",Lena Barakat,Bikram Bhandari,,1-Dec-24,,ERCOT,,Wind,,,
Generation Interconnection,Enel Green Power ,Aquilla Wind project T3 - T3 GENERAL INTERCONNECTION SUPPORT,Joelle Abi-Nahed,Joelle Abi-Nahed,Fixed,Mark as Cancelled,"5,020",,,,1-Dec-25,,ERCOT,,Wind,,,
Generation Interconnection,Enel Green Power ,EGP 2024 Project support T1 - T1 2024 Project Interconnection Support & Meetings,Joelle Abi-Nahed,Joelle Abi-Nahed,Fixed,Invoice time spent at end of month,"50,070",,,,1-Dec-26,,ERCOT,,,,,
Generation Interconnection,Enel Green Power ,EGP Texas Sage Solar project T3 - T3 GENERAL INTERCONNECTION SUPPORT,Joelle Abi-Nahed,Joelle Abi-Nahed,Fixed,Invoice time spent at end of month,"5,020",,,,1-Dec-26,,ERCOT,,Solar,,,
Generation Interconnection,Enel Green Power ,Eliza Solar Project T3 - T3 GENERAL INTERCONNECTION SUPPORT,Joelle Abi-Nahed,Joelle Abi-Nahed,Fixed,Mark as Cancelled,"10,040",,,,1-Dec-25,,ERCOT,,solar,,,
Generation Interconnection,Enel Green Power ,Eliza Storage Project T4 - T4 GENERAL INTERCONNECTION SUPPORT,Joelle Abi-Nahed,Joelle Abi-Nahed,Fixed,Mark as Cancelled,"10,040",,,,1-Dec-25,,ERCOT,,BESS,,,
Generation Interconnection,Enel Green Power ,Goose Foot BESS project T3 - T3 GENERAL INTERCONNECTION SUPPORT,Joelle Abi-Nahed,Joelle Abi-Nahed,Fixed,Invoice time spent at end of month,380,,,,1-Feb-25,,ERCOT,,BESS,,scoping meeting is 1/29/2025,
,,,,,,,,,,,,,,,,,follow up MQT in july,
System Studies,Enel Green Power ,Gulf Star Solar Phase II project T3 - T3 REACTIVE POWER COMPENSATION STUDY – 150 MW SOLAR,Joelle Abi-Nahed,Joelle Abi-Nahed,Fixed,Mark as Cancelled,"13,030",Lena Barakat,Bikram Bhandari,,1-Dec-24,,ERCOT,,,,split INRs,
System Studies,Enel Green Power ,Gulf Star Solar Phase II project T4 - T4 REACTIVE POWER COMPENSATION STUDY – 300 MW SOLAR,Joelle Abi-Nahed,Joelle Abi-Nahed,Fixed,Mark as Cancelled,"13,030",Lena Barakat,Bikram Bhandari,,1-Dec-24,,ERCOT,,,,,
System Studies,Enel Green Power ,Gulf Star Solar Phase II project T5 - T5 REACTIVE POWER COMPENSATION STUDY – 750 MW SOLAR + STORAGE,Joelle Abi-Nahed,Joelle Abi-Nahed,Fixed,Mark as Cancelled,"13,030",Lena Barakat,Bikram Bhandari,,1-Dec-24,,ERCOT,,,,,
Generation Interconnection,Enel Green Power ,Gulf Star Solar Phase II project T6 - T6 PLANNING MODEL DATA & QSA REQUIREMENTS SUPPORT,Joelle Abi-Nahed,Joelle Abi-Nahed,Fixed,Mark as Cancelled,"8,530",Lena Barakat,Bikram Bhandari,,1-Dec-24,,ERCOT,,,,,
Generation Interconnection,Enel Green Power ,Gulf Star Solar Phase II project T7 - T7 FULL REGISTRATION DATA & ERCOT REGISTRATION SUPPORT,Joelle Abi-Nahed,Joelle Abi-Nahed,Fixed,Mark as Cancelled,"15,550",Lena Barakat,Bikram Bhandari,,1-Dec-24,,ERCOT,,,,,
Generation Interconnection,Enel Green Power ,Piebald Hill Energy Storage T3 - T3 GENERAL INTERCONNECTION SUPPORT,Joelle Abi-Nahed,Joelle Abi-Nahed,Fixed,Invoice time spent at end of month,"5,020",,,,1-Dec-26,,ERCOT,,BESS,,,
Generation Interconnection,Enel Green Power ,rocinante solar  TASK 3: PLANT ASPEN MODEL,Joelle Abi-Nahed,Joelle Abi-Nahed,Fixed,Mark as Cancelled,"5,020",Behzad Jandaghi,Sonjoy Roy,,1-Dec-24,,ERCOT,,,,,
Generation Interconnection,Enel Green Power ,rocinante solar TASK 2: ERCOT PSS/E MODEL QUALITY TEST AND VRT TUNING,Joelle Abi-Nahed,Joelle Abi-Nahed,Fixed,Mark as Cancelled,"11,000",Behzad Jandaghi,Sonjoy Roy,,1-Dec-24,,ERCOT,,,,Follow-up early january on FIS Update with Nexus (new buyer) mid december,
Generation Interconnection,Enel Green Power ,rocinante solar TASK 4: REACTIVE POWER COMPENSATION STUDY,Joelle Abi-Nahed,Joelle Abi-Nahed,Fixed,Mark as Cancelled,"14,110",Behzad Jandaghi,Sonjoy Roy,,1-Dec-24,,ERCOT,,,,,
Generation Interconnection,Enel Green Power ,rocinante solar TASK 5: PLANNING MODEL DATA & QSA,Joelle Abi-Nahed,Joelle Abi-Nahed,Fixed,Mark as Cancelled,"8,530",Behzad Jandaghi,Sonjoy Roy,,1-Dec-24,,ERCOT,,,,,
,,REQUIREMENTS SUPPORT,,,,,,,,,,,,,,,,
Generation Interconnection,Enel Green Power ,rocinante solar TASK 6: GENERAL INTERCONNECTION SUPPORT,Joelle Abi-Nahed,Joelle Abi-Nahed,HNTE,Mark as Cancelled,"5,020",Behzad Jandaghi,Sonjoy Roy,,1-Dec-24,,ERCOT,,,,,
Generation Interconnection,Enel Green Power ,rocinante storage TASK 2: ERCOT PSS/E MODEL QUALITY TEST AND VRT TUNING,Joelle Abi-Nahed,Joelle Abi-Nahed,Fixed,Mark as Cancelled,"11,000",Behzad Jandaghi,Sonjoy Roy,,1-Dec-24,,ERCOT,,,,,
Generation Interconnection,Enel Green Power ,rocinante storage TASK 3: COMBINED ERCOT PSS/E MODEL QUALITY TEST AND VRT TUNING- SOLAR + STORAGE,Joelle Abi-Nahed,Joelle Abi-Nahed,Fixed,Mark as Cancelled,"11,000",Behzad Jandaghi,Sonjoy Roy,,1-Dec-24,,ERCOT,,,,,
Generation Interconnection,Enel Green Power ,rocinante storage TASK 4: PLANT ASPEN MODEL,Joelle Abi-Nahed,Joelle Abi-Nahed,Fixed,Mark as Cancelled,"5,020",Behzad Jandaghi,Sonjoy Roy,,1-Dec-24,,ERCOT,,,,,
Generation Interconnection,Enel Green Power ,rocinante storage TASK 5: REACTIVE POWER COMPENSATION STUDY,Joelle Abi-Nahed,Joelle Abi-Nahed,Fixed,Mark as Cancelled,"14,110",Behzad Jandaghi,Sonjoy Roy,,1-Dec-24,,ERCOT,,,,,
Generation Interconnection,Enel Green Power ,rocinante storage TASK 6: REACTIVE POWER COMPENSATION STUDY -,Joelle Abi-Nahed,Joelle Abi-Nahed,Fixed,Mark as Cancelled,"14,110",Behzad Jandaghi,Sonjoy Roy,,1-Dec-24,,ERCOT,,,,,
,,SOLAR + STORAGE,,,,,,,,,,,,,,,,
Generation Interconnection,Enel Green Power ,rocinante storage TASK 7: PLANNING MODEL DATA & QSA,Joelle Abi-Nahed,Joelle Abi-Nahed,Fixed,Mark as Cancelled,"8,530",Behzad Jandaghi,Sonjoy Roy,,1-Dec-24,,ERCOT,,,,,
,,REQUIREMENTS SUPPORT,,,,,,,,,,,,,,,,
Generation Interconnection,Enel Green Power ,rocinante storage TASK 8: GENERAL INTERCONNECTION SUPPORT,Joelle Abi-Nahed,Joelle Abi-Nahed,HNTE,Mark as Cancelled,"5,020",Behzad Jandaghi,Sonjoy Roy,,1-Dec-24,,ERCOT,,,,,
Generation Interconnection,Enel Green Power ,Southern Star Solar SLF project T1 - T1 ERCOT SS & FIS APPLICATION,Joelle Abi-Nahed,Joelle Abi-Nahed,Fixed,Can be Invoiced and Closed,"15,035",Yara Karam,Lena Barakat,20-Dec,8-Jan-25,,ERCOT,,Solar,,,
Generation Interconnection,Enel Green Power ,Southern Star Solar SLF project T2 - T2 PLANT ASPEN MODEL,Joelle Abi-Nahed,Joelle Abi-Nahed,Fixed,Can be Invoiced and Closed,"5,020",Yara Karam,Lena Barakat,1/22/2025,31-Jan-25,,ERCOT,,Solar,,,
Generation Interconnection,Enel Green Power ,Southern Star Solar SLF project T3 - T3 GENERAL INTERCONNECTION SUPPORT,Joelle Abi-Nahed,Joelle Abi-Nahed,Fixed,Invoice time spent at end of month,83,Yara Karam,Lena Barakat,,1-Oct-25,202279,ERCOT,,Solar,,"For the MQT requirement, please work with Justin Salinas while I’m on leave to confirm with Michael that the Facility Study can start without it since that is only an input to the Stability Study. This was specifically clarified by PGRR086 and RRGRR027 which we sponsored in 2020 and were later approved by the ERCOT Board in Feb 2021. It would be a complete waste to provide these inputs at this stage when the Stability Study will be post-SGIA.",
Generation Interconnection,Enel Green Power ,Southern Star Storage SLF project  T1 - T1 ERCOT SS & FIS APPLICATION,Joelle Abi-Nahed,Joelle Abi-Nahed,Fixed,Can be Invoiced and Closed,"15,035",Yara Karam,Lena Barakat,20-Dec,8-Jan-25,,ERCOT,,BESS,,,
Generation Interconnection,Enel Green Power ,Southern Star Storage SLF project T2 - T2 PLANT ASPEN MODEL,Joelle Abi-Nahed,Joelle Abi-Nahed,Fixed,Can be Invoiced and Closed,"5,020",Yara Karam,Lena Barakat,1/22/2025,31-Jan-25,,ERCOT,,BESS,,,
Generation Interconnection,Enel Green Power ,Southern Star Storage SLF project T3 - T3 GENERAL INTERCONNECTION SUPPORT,Joelle Abi-Nahed,Joelle Abi-Nahed,Fixed,Invoice time spent at end of month,83,Yara Karam,Lena Barakat,,1-Oct-25,202280,ERCOT,,BESS,,"For the MQT requirement, please work with Justin Salinas while I’m on leave to confirm with Michael that the Facility Study can start without it since that is only an input to the Stability Study. This was specifically clarified by PGRR086 and RRGRR027 which we sponsored in 2020 and were later approved by the ERCOT Board in Feb 2021. It would be a complete waste to provide these inputs at this stage when the Stability Study will be post-SGIA.",
Generation Interconnection,Enel Green Power ,Texas Sage Storage project T4 - T4 GENERAL INTERCONNECTION SUPPORT,Joelle Abi-Nahed,Joelle Abi-Nahed,Fixed,Mark as Cancelled,"5,020",,,,1-Dec-25,,ERCOT,,BESS,,folow up aspen model 8/26,
Generation Interconnection,Enfinity ,First Capitol  TASK 14: ERCOT PSS/E & PSCAD MODEL QUALITY TEST UPDATE,Joelle Abi-Nahed,Joelle Abi-Nahed,Fixed,Can be Invoiced and Closed,"27,000",Shiva Amini,Behzad Jandaghi,5/10/2026,26-May-26,203846,ERCOT,,battery,,Feb 2027 QSA ,
Generation Interconnection,Enfinity Global,Task 1- ERCOT Process & NERC standards Process/First Capitol Storage T1 - T1 ERCOT Process & NERC Standards Training,Joelle Abi-Nahed,Joelle Abi-Nahed,Fixed,Can be Invoiced and Closed,"8,000",Joelle Abi-Nahed,Joelle Abi-Nahed,,6-Feb-25,203846,ERCOT,,,,,
Generation Interconnection,Enfinity Global,First Capitol Task 2: ERCOT PSS/E Model Quality Test and,Joelle Abi-Nahed,Joelle Abi-Nahed,Fixed,Can be Invoiced and Closed,"11,000",Anthony Saab,Behzad Jandaghi,2/25/2025,7-Mar-25,203846,ERCOT,,,,sungrow power titan (12 inverter and 2*12),
,,VRT Tuning ,,,,,,,,,,,,,,,august 2025 qsa / mid june ,
Generation Interconnection,Enfinity Global,First Capitol Task 3: PSCAD™ Plant Model Development,Joelle Abi-Nahed,Joelle Abi-Nahed,Fixed,Can be Invoiced and Closed,"11,000",Anthony Saab,Behzad Jandaghi,3/26/2025,9-Apr-25,203846,ERCOT,,,,august 2025 qsa / mid june,
,,,,,,,,,,,,,,,,,LVRT prefeered -IQ lagging,
,,,,,,,,,,,,,,,,,LVRT/HVRT leading cases -> inverter wasnt going leading,
Generation Interconnection,Enfinity Global,First Capitol Task 4: PSCAD™ Model Quality Test,Joelle Abi-Nahed,Joelle Abi-Nahed,Fixed,Can be Invoiced and Closed,"21,000",Anthony Saab,Behzad Jandaghi,3/26/2025,9-Apr-25,203846,ERCOT,,,,august 2025 qsa / mid june,
,,,,,,,,,,,,,,,,,sungrow power titan + default PPC,
,,,,,,,,,,,,,,,,,follow up on rest of sow,
Generation Interconnection,Enfinity Global,First Capitol Task 7: General Interconnection Support,Joelle Abi-Nahed,Joelle Abi-Nahed,HNTE,Invoice time spent at end of month,"15,000",Lena Barakat,Sonjoy Roy,,1-Dec-26,203846,ERCOT,,,,new synch is march 2027 so qsa is august 2026,
Generation Interconnection,Engie,Live Oak Wind II T2- MQT,Joelle Abi-Nahed,Lea El Khoury,Fixed,Can be Invoiced and Closed,"13,000",Moussa Sarkis,Marise El Nacouzi,4/14/2026,20-Apr-26,400092,ERCOT,,wind,,V36?,
Generation Interconnection,Engie,Live Oak Wind II T4-General Supprot,Joelle Abi-Nahed,Lea El Khoury,HNTE,Invoice time spent at end of month,"5,150",Marise El Nacouzi,Lea El Khoury,,1-Dec-26,400092,ERCOT,,wind,,,
Generation Interconnection,Engie,Swenson T13-Full Reg,Joelle Abi-Nahed,Joelle Abi-Nahed,Fixed,Can be Invoiced - leave open,"19,000",Shiva Amini,Behzad Jandaghi,4/27/2026,12-May-26,200900,ERCOT,,solar,,,
Generation Interconnection,Engie,Swenson T14-IFC PSCAD,Joelle Abi-Nahed,Joelle Abi-Nahed,Fixed,In progress,"30,000",,Sonjoy Roy,10/5/2026,25-Oct-26,200900,ERCOT,,solar,,,
Generation Interconnection,Engie,Swenson TASK 28: PSCAD™ MODEL QUALITY TEST UPDATE ,Joelle Abi-Nahed,Joelle Abi-Nahed,Fixed,Can be Invoiced and Closed,"11,000",Behzad Jandaghi,Joelle Abi-Nahed,7/1/2026,2-Jul-26,200900,ERCOT,,solar,,PO. keep 35 cap and revise per latest reactive at IFC,
Generation Interconnection,Engie,Swneson Phase 2 TASK 1: ERCOT SS & FIS INTERCONNECTION APPLICATION ,Joelle Abi-Nahed,Joelle Abi-Nahed,Fixed,In progress,"13,000",,Behzad Jandaghi,,1-Dec-26,,ERCOT,405524,solar,,,
Generation Interconnection,Engie,Swneson Phase 2 TASK 2: ERCOT PSS/E MODEL QUALITY TEST AND TUNING,Joelle Abi-Nahed,Joelle Abi-Nahed,Fixed,In progress,"7,500",,Behzad Jandaghi,,1-Dec-26,,ERCOT,405524,solar,,,
Generation Interconnection,Engie,Swneson Phase 2 TASK 3: PLANT ASPEN MODEL,Joelle Abi-Nahed,Joelle Abi-Nahed,Fixed,In progress,"3,500",,Behzad Jandaghi,,1-Dec-26,,ERCOT,405524,solar,,,
Generation Interconnection,Engie,Live Oak Wind II T5- ERCOT PSS/E Model Quality Test and Tuning in V36,Joelle Abi-Nahed,Lea El Khoury,Fixed,Can be Invoiced and Closed,"13,000",Moussa Sarkis,Perla Boulos,17-Jul,27-Jul-26,400092,ERCOT,,Wind,,PO?,
Generation Interconnection,Engie North America,Hopkins Storage T1: ERCOT FIS Application,Joelle Abi-Nahed,Joelle Abi-Nahed,Fixed,Can be Invoiced and Closed,"18,000",Shiva Amini,Bikram Bhandari,12/12/2024,23-Dec-24,,ERCOT,,,,,
Generation Interconnection,Engie North America,Hopkins Storage T2: PSS/E MQT Test and VRT Tuning,Joelle Abi-Nahed,Joelle Abi-Nahed,Fixed,Can be Invoiced and Closed,"11,000",Shiva Amini,Behzad Jandaghi,1/22/2025,31-Jan-25,,ERCOT,,,,tesla - sowers as reference,
,,,,,,,,,,,,,,,,,pending solar connection after scoping meeting,
Generation Interconnection,Engie North America,Hopkins Storage T3: Interconnection Support Blackland Storage - new name),Joelle Abi-Nahed,Joelle Abi-Nahed,HNTE,Invoice time spent at end of month,"5,150",Shiva Amini,Bikram Bhandari,,1-Dec-26,,ERCOT,,,,combined MQT? follow up in december,
Generation Interconnection,ENGIE North America,Galveston TASK 9: PSCAD AND PSSE PLANT MODEL UPDATE AND MODEL QUALITY TESTS,Joelle Abi-Nahed,Joelle Abi-Nahed,Fixed,Hold (other reason),"30,000",Behzad Jandaghi,Joelle Abi-Nahed,,1-Dec-26,201034,ERCOT,,BESS,,MPT check when work is resumed ->232 MVA,
,,,,,,,,,,,,,,,,,v35/v36?,
Generation Interconnection,ENGIE North America,Galveston Task 10: ERCOT FIS Material & Models Update,Joelle Abi-Nahed,Joelle Abi-Nahed,Fixed,Can be Invoiced and Closed,"13,000",Shiva Amini,Behzad Jandaghi,10-Mar,30-Mar-26,201034,ERCOT,,BESS,,sungrow power titan grid forming no derate,
,,,,,,,,,,,,,,,,,feb 2027 QSA,
Generation Interconnection,ENGIE North America,GalvestonTask 11: PSCAD™ Plant Model Development,Joelle Abi-Nahed,Joelle Abi-Nahed,Fixed,Hold (other reason),"8,000",Behzad Jandaghi,Joelle Abi-Nahed,,1-Dec-26,201034,ERCOT,,BESS,,,
Generation Interconnection,ENGIE North America ,Palladium T1- ERCOT FIS & Models update,Joelle Abi-Nahed,Joelle Abi-Nahed,Fixed,Can be Invoiced and Closed,"15,500",Shiva Amini,Behzad Jandaghi,10-Mar,30-Mar-26,401020,ERCOT,,BESS,,sungrow power titan grid forming no derate,
,,,,,,,,,,,,,,,,,feb 2027 QSA,
Generation Interconnection,ENGIE North America ,Palladium T2-Aspen Model,Joelle Abi-Nahed,Joelle Abi-Nahed,Fixed,Hold (other reason),"4,500",Shiva Amini,Behzad Jandaghi,,1-Dec-26,401020,ERCOT,,BESS,,follow up invoice time spent,
Generation Interconnection,ENGIE North America ,Palladium T3-General Interconnection Support,Joelle Abi-Nahed,Joelle Abi-Nahed,HNTE,Invoice time spent at end of month,"4,000",Abraham Reveles,Behzad Jandaghi,,1-Dec-26,401020,ERCOT,,BESS,,,
Generation Interconnection,ENGIE North America ,Tanzanite Storage (22INR0549) T6 - T6 Planning Model RARF & QSA Support,Joelle Abi-Nahed,Joelle Abi-Nahed,Fixed,Can be Invoiced and Closed,"9,500",Lena Barakat,Bikram Bhandari,,18-Apr-24,,ERCOT,,BESS,,May QSA -  review models,
System Studies,ENGIE North America ,Platinum Storage T3 - T3 Reactive Power Compensation Study,Joelle Abi-Nahed,Joelle Abi-Nahed,Fixed,Can be Invoiced and Closed,"15,000",Anthony Saab,Joelle Abi Nahed,3-Jun,11-Jun-24,,ERCOT,,BESS,,,
Generation Interconnection,ENGIE North America ,Platinum Storage T6 - T6 Planning Model RARF & QSA Support,Joelle Abi-Nahed,Joelle Abi-Nahed,Fixed,Can be Invoiced and Closed,"9,500",Anthony Saab,Bikram Bhandari,17-Jun,30-Jun-24,,ERCOT,,BESS,,stability restudy,
,,,,,,,,,,,,,,,,,IA,
,,,,,,,,,,,,,,,,,full reg sow approved?? make sure to revise caps to 20/20,
Generation Interconnection,ENGIE North America ,Sowers Storage (22INR0552) TASK 8: ERCOT FIS,Joelle Abi-Nahed,Joelle Abi-Nahed,Fixed,Can be Invoiced and Closed,"16,000",Behzad Jandaghi,Dibakar Shil,19-Jul,22-Jul-24,,ERCOT,,BESS,,contact at engie is Anthony ->anthony.hall@engie.com,
,,Data & Plant Model,,,,,,,,,,,,,,,"new inverter , new size - pending LMP",
,,Update,,,,,,,,,,,,,,,,
Generation Interconnection,ENGIE North America ,Platinum Storage T8 - Full registration ,Joelle Abi-Nahed,Joelle Abi-Nahed,Fixed,Can be Invoiced and Closed,"17,500",Anthony Saab,Bikram Bhandari,22-Aug,29-Aug-24,,ERCOT,,BESS,,,
Generation Interconnection,ENGIE North America ,Tanzanite Storage (22INR0549) T8 - Full registration ,Joelle Abi-Nahed,Joelle Abi-Nahed,HNTE,Can be Invoiced and Closed,"17,500",Lena Barakat,Bikram Bhandari,14-Aug,29-Aug-24,,ERCOT,,BESS,,I confirm the following schedule and the PLD date of 12/4/2024 with the deadline of 9/1/2024,
Generation Interconnection,ENGIE North America ,Galveston/Hacienda Energy Storage Task 8: ERCOT FIS Data & Plant Model Update,Joelle Abi-Nahed,Joelle Abi-Nahed,Fixed,Can be Invoiced and Closed,"16,000",Lena Barakat,Bikram Bhandari,10-Sep,18-Sep-24,,ERCOT,,BESS,,check on MPT vendor letter showing new top rating,
Generation Interconnection,ENGIE North America ,Sowers Storage (22INR0552) TASK 10: PSCADTM Plant,Joelle Abi-Nahed,Joelle Abi-Nahed,Fixed,Can be Invoiced and Closed,"11,000",Sonjoy Roy,Joelle Abi Nahed,19-Sep,23-Sep-24,,ERCOT,,BESS,,,
,,Model Development Update,,,,,,,,,,,,,,,,
Generation Interconnection,ENGIE North America ,Sowers Storage (22INR0552) TASK 11: PSCADTM,Joelle Abi-Nahed,Joelle Abi-Nahed,Fixed,Can be Invoiced and Closed,"13,000",Sonjoy Roy,Joelle Abi Nahed,19-Sep,23-Sep-24,,ERCOT,,BESS,,,
,,Model Quality Test Update,,,,,,,,,,,,,,,,
Generation Interconnection,ENGIE North America ,Sowers Storage (22INR0552) TASK 9: ERCOT Model,Joelle Abi-Nahed,Joelle Abi-Nahed,Fixed,Can be Invoiced and Closed,"10,000",Sonjoy Roy,Joelle Abi Nahed,19-Sep,23-Sep-24,45689,ERCOT,,BESS,,Tesla inverter + PPC,
,,Quality Test and VRT Tuning Update,,,,,,,,,,,,,,,follow up on next steps with client,
Generation Interconnection,ENGIE North America ,Platinum Storage Task 21: PLD PSCAD AND PSSE PLANT,Joelle Abi-Nahed,Joelle Abi-Nahed,Fixed,Can be Invoiced and Closed,"17,000",Anthony Saab,Behzad Jandaghi,18-Sep,25-Sep-24,,ERCOT,,BESS,,,
,,MODEL UPDATE AND MODEL QUALITY  TESTS,,,,,,,,,,,,,,,,
Generation Interconnection,ENGIE North America ,Tanzanite Storage Task 23: PLD PSCAD AND PSSE PLANT,Joelle Abi-Nahed,Joelle Abi-Nahed,Fixed,Can be Invoiced and Closed,"17,000",Bikram Bhandari,Joelle Abi Nahed,25-Sep,26-Sep-24,,ERCOT,,BESS,,follow up on MPT  second week of october,
,,MODEL UPDATE AND MODEL QUALITY  TESTS,,,,,,,,,,,,,,,,
Generation Interconnection,ENGIE North America ,Galveston Energy Storage T2 - T2 ERCOT Model Quality Test and VRT Tuning,Joelle Abi-Nahed,Joelle Abi-Nahed,Fixed,Can be Invoiced and Closed,"6,223",Behzad Jandaghi,Sonjoy Roy,28-Oct,31-Oct-24,45870,ERCOT,,BESS,,FIS update,
,,,,,,,,,,,,,,,,,JAN to complete high-level injection analysis,
,,,,,,,,,,,,,,,,,follow p on restudies when deliver,
Generation Interconnection,ENGIE North America ,Galveston Energy Storage T4 - T4 PSCAD Plant Model Development,Joelle Abi-Nahed,Joelle Abi-Nahed,Fixed,Can be Invoiced and Closed,"6,441",Behzad Jandaghi,Sonjoy Roy,28-Oct,31-Oct-24,,ERCOT,,BESS,,,
Generation Interconnection,ENGIE North America ,Galveston Energy Storage T5 - T5 PSCAD Model Quality Test,Joelle Abi-Nahed,Joelle Abi-Nahed,Fixed,Can be Invoiced and Closed,"8,076",Behzad Jandaghi,Sonjoy Roy,28-Oct,31-Oct-24,,ERCOT,,BESS,,,
Generation Interconnection,ENGIE North America ,Sowers Storage (22INR0552) TASK 14: ERCOT FIS DATA & PLANT MODEL UPDATE,Joelle Abi-Nahed,Joelle Abi-Nahed,Fixed,Can be Invoiced and Closed,"10,000",Lena Barakat,Behzad Jandaghi,17-Dec,20-Dec-24,,ERCOT,,BESS,,contact at engie is Anthony ->anthony.hall@engie.com,
,,,,,,,,,,,,,,,,,new inverter count -MPT->mid december,
,,,,,,,,,,,,,,,,,kick off early january,
,,,,,,,,,,,,,,,,,May QSA - Aug QSA??,
Generation Interconnection,ENGIE North America ,Sowers Storage (22INR0552)TASK 15: PSCAD AND PSSE PLANT MODEL UPDATE AND MODEL QUALITY TESTS,Joelle Abi-Nahed,Joelle Abi-Nahed,Fixed,Can be Invoiced and Closed,"27,000",Behzad Jandaghi,Joelle Abi Nahed,24-Jan,31-Jan-25,,ERCOT,,BESS,,contact at engie is Anthony ->anthony.hall@engie.com,
,,,,,,,,,,,,,,,,,new inverter count -MPT->mid december,
,,,,,,,,,,,,,,,,,kick off early january,
,,,,,,,,,,,,,,,,,May QSA - Aug QSA??,
Generation Interconnection,ENGIE North America ,Platinum Storage Task 9:I FC PSCAD and PSSE Model Prep and MQT,Joelle Abi-Nahed,Joelle Abi-Nahed,Fixed,Can be Invoiced and Closed,"35,000",Behzad Jandaghi,Bikram Bhandari,25-Apr,16-May-25,,ERCOT,,BESS,,revise CURL per new reactive study,
,,,,,,,,,,,,,,,,,SC4000 inverter + Broadview PPC,
,,,,,,,,,,,,,,,,,cap logic from Rahim's team,
,,,,,,,,,,,,,,,,,only PSCAD,
Generation Interconnection,ENGIE North America ,Tanzanite Storage Task 21:IFC PSCAD and PSSE Model Prep and MQT,Joelle Abi-Nahed,Joelle Abi-Nahed,Fixed,Can be Invoiced and Closed,"35,000",Bikram Bhandari,Joelle Abi Nahed,25-Apr,30-Apr-25,,ERCOT,,BESS,,revise CURL per new reactive study,
,,,,,,,,,,,,,,,,,SC4000 inverter + Broadview PPC,
,,,,,,,,,,,,,,,,,cap logic from Rahim's team,
,,,,,,,,,,,,,,,,,only PSCAD,
System Studies,ENGIE North America ,Sowers Storage (22INR0552) T3 - T3 Reactive Power Compensation Study,Joelle Abi-Nahed,Joelle Abi-Nahed,Fixed,Can be Invoiced and Closed,"15,000",Behzad Jandaghi,Joelle Abi Nahed,26-Mar,30-Apr-25,,ERCOT,,BESS,,9 weeks for dynamic study,
,,,,,,,,,,,,,,,,,contact at engie is Anthony ->anthony.hall@engie.com,
,,,,,,,,,,,,,,,,,new inverter count -MPT->232 MVA transformer is sufficient,
Generation Interconnection,ENGIE North America ,Sowers Storage (22INR0552) T6 - T6 Planning Model RARF & QSA Support,Joelle Abi-Nahed,Joelle Abi-Nahed,Fixed,In progress,"9,500",Shiva Amini,Behzad Jandaghi,10-Aug,15-Aug-26,200636,ERCOT,,BESS,,schedule??,
,,,,,,,,,,,,,,,,,"// TSP Restudies & engie timeline /// There is a high probability that we are going to restudy this for an inverter change once again, so I may be requesting another quote from you soon",
TPGEN,ENGIE North America ,ENGIE ERCOT BESS Siting T1 - T1 Site Selection Support,Joelle Abi-Nahed,Joelle Abi-Nahed,HNTE,Invoice time spent at end of month,"25,000",,,,1-Dec-26,200636,ERCOT,,BESS,,,
Generation Interconnection,ENGIE North America ,Galveston Energy Storage T12 - T12 Reactive Power Compensation Study,Joelle Abi-Nahed,Joelle Abi-Nahed,Fixed,In progress,"13,500",Shiva Amini,Behzad Jandaghi,,1-Dec-26,201034,ERCOT,,BESS,,TNMP,
,,,,,,,,,,,,,,,,,inverter may change - follow up early december for FIS update/model rescope,
Generation Interconnection,ENGIE North America ,Galveston Energy Storage - T13  Planning Model RARF & QSA Support,Joelle Abi-Nahed,Joelle Abi-Nahed,Fixed,In progress,"9,000",Shiva Amini,Behzad Jandaghi,,1-Dec-26,201034,ERCOT,,BESS,,november qsa,
Generation Interconnection,ENGIE North America ,Galveston Energy Storage T7 - T7 Project Interconnection Support,Joelle Abi-Nahed,Joelle Abi-Nahed,HNTE,Invoice time spent at end of month,"10,000",,,,1-Dec-26,,ERCOT,,BESS,,check MPT size if 232 MVA is sufficient??,
Generation Interconnection,ENGIE North America ,Martinez (Kruth) Storage (24INR0252) project T1 - T1 ERCOT FIS Data & Plant Model Update,Joelle Abi-Nahed,Joelle Abi-Nahed,Fixed,Mark as Cancelled,"16,000",Georgette Khanfour,Yang Zhou,,5-Mar-25,401020,ERCOT,,BESS,,,
Generation Interconnection,ENGIE North America ,Martinez (Kruth) Storage (24INR0252) project T2 - T2 ERCOT Model Quality Test and VRT Tuning,Joelle Abi-Nahed,Joelle Abi-Nahed,Fixed,Mark as Cancelled,"10,000",Georgette Khanfour,Yang Zhou,,5-Mar-25,,ERCOT,,BESS,,,
Generation Interconnection,ENGIE North America ,Martinez (Kruth) Storage (24INR0252) project T3 - T3 Reactive Power Compensation Study,Joelle Abi-Nahed,Joelle Abi-Nahed,Fixed,Mark as Cancelled,"15,000",Georgette Khanfour,Yang Zhou,,5-Mar-25,,ERCOT,,BESS,,,
Generation Interconnection,ENGIE North America ,Martinez (Kruth) Storage (24INR0252) project T4 - T4 PSCAD™ Plant Model Development,Joelle Abi-Nahed,Joelle Abi-Nahed,Fixed,Mark as Cancelled,"11,000",Georgette Khanfour,Yang Zhou,,5-Mar-25,,ERCOT,,BESS,,,
Generation Interconnection,ENGIE North America ,Martinez (Kruth) Storage (24INR0252) project T5 - T5 PSCAD™ Model Quality Test,Joelle Abi-Nahed,Joelle Abi-Nahed,Fixed,Mark as Cancelled,"13,000",Georgette Khanfour,Yang Zhou,,5-Mar-25,,ERCOT,,BESS,,,
Generation Interconnection,ENGIE North America ,Martinez (Kruth) Storage (24INR0252) project T6 - T6 Planning Model Data & QSA Requirements Support,Joelle Abi-Nahed,Joelle Abi-Nahed,Fixed,Mark as Cancelled,"9,500",Georgette Khanfour,Yang Zhou,,5-Mar-25,,ERCOT,,BESS,,,
Generation Interconnection,ENGIE North America ,Martinez (Kruth) Storage (24INR0252) project T7 - T7 Project Interconnection Support,Joelle Abi-Nahed,Joelle Abi-Nahed,HNTE,Mark as Cancelled,"10,000",,,,5-Mar-25,,ERCOT,,BESS,,,
Generation Interconnection,ENGIE North America ,Platinum Storage T7 - T7 Project Interconnection Support,Joelle Abi-Nahed,Joelle Abi-Nahed,HNTE,Invoice time spent at end of month,"10,000",,,,1-Dec-26,,ERCOT,,BESS,,,
Generation Interconnection,ENGIE North America ,Platinum Storage Task 12: Model Commissioning Verification,Joelle Abi-Nahed,Joelle Abi-Nahed,Fixed,Mark as Cancelled,"6,500",Anthony Saab,Behzad Jandaghi,,15-Apr-25,,ERCOT,,BESS,,Document translating the model parameters to field parametrs,
Generation Interconnection,ENGIE North America ,Sloan Storage (23INR0464) project T1 - T1 ERCOT FIS Data & Plant Model Update,Joelle Abi-Nahed,Joelle Abi-Nahed,Fixed,Mark as Cancelled,"16,000",Yara Karam,,,5-Mar-25,,ERCOT,,BESS,,on hold,
Generation Interconnection,ENGIE North America ,Sloan Storage (23INR0464) project T2 - T2 ERCOT Model Quality Test and VRT Tuning,Joelle Abi-Nahed,Joelle Abi-Nahed,Fixed,Mark as Cancelled,"10,000",Georgette Khanfour,Yang Zhou,,5-Mar-25,,ERCOT,,BESS,,,
System Studies,ENGIE North America ,Sloan Storage (23INR0464) project T3 - T3 Reactive Power Compensation Study,Joelle Abi-Nahed,Joelle Abi-Nahed,Fixed,Mark as Cancelled,"15,000",Georgette Khanfour,Yang Zhou,,5-Mar-25,,ERCOT,,BESS,,,
Generation Interconnection,ENGIE North America ,Sloan Storage (23INR0464) project T4 - T4 PSCAD™ Plant Model Development,Joelle Abi-Nahed,Joelle Abi-Nahed,Fixed,Mark as Cancelled,"11,000",Georgette Khanfour,Yang Zhou,,5-Mar-25,,ERCOT,,BESS,,,
Generation Interconnection,ENGIE North America ,Sloan Storage (23INR0464) project T5 - T5 PSCAD™ Model Quality Test,Joelle Abi-Nahed,Joelle Abi-Nahed,Fixed,Mark as Cancelled,"13,000",Georgette Khanfour,Yang Zhou,,5-Mar-25,,ERCOT,,BESS,,,
Generation Interconnection,ENGIE North America ,Sloan Storage (23INR0464) project T6 - T6 Planning Model Data & QSA Requirements Support,Joelle Abi-Nahed,Joelle Abi-Nahed,Fixed,Mark as Cancelled,"9,500",Georgette Khanfour,Yang Zhou,,5-Mar-25,,ERCOT,,BESS,,,
Generation Interconnection,ENGIE North America ,Sloan Storage (23INR0464) project T7 - T7 Project Interconnection Support,Joelle Abi-Nahed,Joelle Abi-Nahed,HNTE,Mark as Cancelled,"10,000",,,,5-Mar-25,,ERCOT,,BESS,,,
Generation Interconnection,ENGIE North America ,Sowers Storage (22INR0552) T7 - T7 Project Interconnection Support,Joelle Abi-Nahed,Joelle Abi-Nahed,HNTE,Mark as Cancelled,"14,000",Behzad Jandaghi,Sonjoy Roy,,1-Dec-26,,ERCOT,,BESS,,,
Generation Interconnection,ENGIE North America ,Tanzanite Storage (22INR0549) T7 - T7 Project Interconnection Support,Joelle Abi-Nahed,Joelle Abi-Nahed,HNTE,Invoice time spent at end of month,"10,000",,,,1-Dec-26,,ERCOT,,BESS,,,
Generation Interconnection,ENGIE North America ,Tanzanite Storage Task 25: Model Commissioning Verification,Joelle Abi-Nahed,Joelle Abi-Nahed,Fixed,Mark as Cancelled,"6,500",Bikram Bhandari,Joelle Abi Nahed,,15-Apr-25,,ERCOT,,BESS,,Document translating the model parameters to field parametrs,
Generation Interconnection,ENGIE North America ,Sowers Storage (22INR0552) Task 16: ERCOT FIS Material & Models Update,Joelle Abi-Nahed,Joelle Abi-Nahed,Fixed,Can be Invoiced - leave open,"13,000",Shiva Amini,Behzad Jandaghi,17-Feb,27-Feb-26,200636,ERCOT,,BESS,,,
Generation Interconnection,ENGIE North America ,Sowers Storage (22INR0552) Task 17: ERCOT PSS/E Model Quality Test and Tuning (New or Update),Joelle Abi-Nahed,Joelle Abi-Nahed,Fixed,Can be Invoiced and Closed,"10,500",Siddhesh Thorat,Joelle Abi-Nahed,21-Apr,30-Apr-26,200636,ERCOT,,BESS,,sungrow power titan + broadview PPC,
,,,,,,,,,,,,,,,,,august qsa?,
Generation Interconnection,ENGIE North America ,Sowers Storage (22INR0552) Task 18: PSCAD™ Plant Model Development,Joelle Abi-Nahed,Joelle Abi-Nahed,Fixed,Can be Invoiced and Closed,"8,000",Siddhesh Thorat,Joelle Abi-Nahed,21-Apr,30-Apr-26,200636,ERCOT,,BESS,,,
Generation Interconnection,ENGIE North America ,Sowers Storage (22INR0552) Task 19: PSCAD™ Model Quality Test,Joelle Abi-Nahed,Joelle Abi-Nahed,Fixed,Can be Invoiced and Closed,"13,000",Siddhesh Thorat,Joelle Abi-Nahed,21-Apr,30-Apr-26,200636,ERCOT,,BESS,,,
Generation Interconnection,ENGIE North America ,Sowers Storage (22INR0552) Task 20: PSS®E and PSCAD™ Model Benchmarking Study,Joelle Abi-Nahed,Joelle Abi-Nahed,Fixed,Can be Invoiced - leave open,"4,000",Siddhesh Thorat,Joelle Abi-Nahed,21-Apr,30-Apr-26,200636,ERCOT,,BESS,,,
Generation Interconnection,ENGIE North America ,Sowers Storage (22INR0552) Task 21: Reactive Power Compensation Study,Joelle Abi-Nahed,Joelle Abi-Nahed,Fixed,Can be Invoiced and Closed,"13,500",Shiva Amini,Behzad Jandaghi,21-Apr,28-Apr-26,200636,ERCOT,,BESS,,,
Generation Interconnection,ENGIE North America ,Swenson Ranch-11 - T11 Planning Model Data & QSA Requirements Support,Joelle Abi-Nahed,Joelle Abi-Nahed,Fixed,Can be Invoiced - leave open,"10,000",Shiva Amini,Behzad Jandaghi,2/20/2026,27-Feb-26,200900,ERCOT,,,Other team,May QSA.  who worked on models? fast PPC? MPT overload?,
,,,,,,,,,,,,,,,,,full reg? IFC?,
,,,,,,,,,,,,,,,,,,
,,,,,,,,,,,,,,,,,1-Executed by Hoda and Yuliang,
,,,,,,,,,,,,,,,,,"2- PSSE fast no inverter response, PSCAD fast but have inverter response",
,,,,,,,,,,,,,,,,,"3- SCR incorrect, oscillating at SCR=3",
,,,,,,,,,,,,,,,,,4- MPT 2.8% overloaded in reactive study,
Generation Interconnection,Entreprise Products Operating LLC,26INR0529 (Electric E – West Texas Generation1-T3 General Interconnection Support,Joelle Abi-Nahed,Joelle Abi-Nahed,HNTE,Invoice time spent at end of month,"5,000",Abraham Reveles,Joelle Abi Nahed,,1-Dec-26,400184,ERCOT,,load,,revise questionnaire,
Generation Interconnection,Entreprise Products Operating LLC,26INR0597 (Electric E – West Texas Generation2-T3 General Interconnection Support,Joelle Abi-Nahed,Joelle Abi-Nahed,HNTE,Invoice time spent at end of month,"5,000",Abraham Reveles,Joelle Abi Nahed,,1-Dec-26,400189,ERCOT,,load,,,
Generation Interconnection,Entreprise Products Operating LLC,26INR0529 (Electric E – West Texas Generation1-T1 ERCOT PSS/E MODEL QUALITY TEST AND VRT TUNING - GENERATION,Joelle Abi-Nahed,Joelle Abi-Nahed,Fixed,Can be Invoiced and Closed,"18,000",Abraham Reveles,Bikram Bhandari,8/15/2025,28-Aug-25,400184,ERCOT,,load,,ask TSP abt needed tests for gen+laod??,
,,,,,,,,,,,,,,,,,gen only-regular gas MQT,
,,,,,,,,,,,,,,,,,load only - flat start +bump,
,,,,,,,,,,,,,,,,,load+gen -> repeat  regular MQT,
Generation Interconnection,Entreprise Products Operating LLC,26INR0529 (Electric E – West Texas Generation1-T2 steady state and dynamic load model,Joelle Abi-Nahed,Joelle Abi-Nahed,Fixed,Can be Invoiced and Closed,"18,000",Abraham Reveles,Bikram Bhandari,8/15/2025,28-Aug-25,400184,ERCOT,,load,,check with Daniel other dynamic test to run?,
Generation Interconnection,Entreprise Products Operating LLC,26INR0597 (Electric E – West Texas Generatio2n-T1 ERCOT PSS/E MODEL QUALITY TEST AND VRT TUNING - GENERATION,Joelle Abi-Nahed,Joelle Abi-Nahed,Fixed,Can be Invoiced and Closed,"18,000",Abraham Reveles,Behzad Jandaghi,8/15/2025,28-Aug-25,400189,ERCOT,,load,,generation is not transmission connected - BTM,
,,,,,,,,,,,,,,,,,why needed in an MQT?,
Generation Interconnection,Entreprise Products Operating LLC,26INR0597(Electric E – West Texas Generation2-T2 steady state and dynamic load model,Joelle Abi-Nahed,Joelle Abi-Nahed,Fixed,Can be Invoiced and Closed,"18,000",Abraham Reveles,Behzad Jandaghi,8/15/2025,28-Aug-25,400189,ERCOT,,load,,check with Daniel other dynamic test to run?,
Generation Interconnection,Entreprise Products Operating LLC,Plant 9 and 10 Task 1 - Load Interconnection Support,Joelle Abi-Nahed,Joelle Abi-Nahed,HNTE,Invoice time spent at end of month,"10,000",Abraham Reveles,Behzad Jandaghi,,1-Dec-26,402797,ERCOT,,Load,,oncor,
Generation Interconnection,Entreprise Products Operating LLC,Plant 9 and 10 Task 2 - PSSE MOdel development,Joelle Abi-Nahed,Joelle Abi-Nahed,Fixed,Can be Invoiced - leave open,"8,000",Abraham Reveles,Behzad Jandaghi,9/26/2025,31-Oct-25,402797,ERCOT,,Load,,oncor JJ: pending to approve time entries ,
Generation Interconnection,Entreprise Products Operating LLC,Plant 9 and 10 Task 3- Dynamic Load Model,Joelle Abi-Nahed,Joelle Abi-Nahed,Fixed,Can be Invoiced - leave open,"13,000",Abraham Reveles,Behzad Jandaghi,9/26/2025,31-Oct-25,402797,ERCOT,,Load,,oncor,
Generation Interconnection,Entreprise Products Operating LLC,Mentone 5 and 6 Task 1 - Load Interconnection Support,Joelle Abi-Nahed,Joelle Abi-Nahed,HNTE,Invoice time spent at end of month,"10,000",Abraham Reveles,Behzad Jandaghi,,1-Dec-26,402798,ERCOT,,Load,,oncor- ETA 3/1,
,,,,,,,,,,,,,,,,,follow up in February,
Generation Interconnection,Entreprise Products Operating LLC,Mentone 5 and 6 Task 2 - PSSE MOdel development,Joelle Abi-Nahed,Joelle Abi-Nahed,Fixed,Can be Invoiced - leave open,"8,000",Abraham Reveles,Behzad Jandaghi,9/26/2025,31-Oct-25,402798,ERCOT,,Load,,oncor JJ: WO received 10/23,
Generation Interconnection,Entreprise Products Operating LLC,Mentone 5 and 6 Task 3- Dynamic Load Model,Joelle Abi-Nahed,Joelle Abi-Nahed,Fixed,Can be Invoiced - leave open,"13,000",Abraham Reveles,Behzad Jandaghi,9/26/2025,31-Oct-25,402798,ERCOT,,Load,,oncor JJ: WO received 10/23,
Generation Interconnection,Entreprise Products Operating LLC,Orla Task 1 - Load Interconnection Support,Joelle Abi-Nahed,Sonjoy Roy,HNTE,Invoice time spent at end of month,"10,000",Yara Karam,Behzad Jandaghi,,1-Dec-26,402563,ERCOT,,Load,,,
Generation Interconnection,Entreprise Products Operating LLC,Orla Task 2 - PSSE MOdel development,Joelle Abi-Nahed,Sonjoy Roy,Fixed,Can be Invoiced - leave open,"8,000",Yara Karam,Behzad Jandaghi,9/26/2025,31-Oct-25,402563,ERCOT,,Load,,JJ: WO on file ,
Generation Interconnection,Entreprise Products Operating LLC,Orla Task 3- Dynamic Load Model,Joelle Abi-Nahed,Sonjoy Roy,Fixed,Can be Invoiced - leave open,"13,000",Yara Karam,Behzad Jandaghi,9/26/2025,31-Oct-25,402563,ERCOT,,Load,,JJ: WO on file ,
Generation Interconnection,Eoliasur,Diamante Task 1: ERCOT Expedited FIS Application,Joelle Abi-Nahed,Joelle Abi-Nahed,Fixed,Can be Invoiced and Closed,"18,000",Yara Karam,Sonjoy Roy,18-Nov-24,20-Nov-24,,ERCOT,,BESS,,scoping meeting 2/3,
,,,,,,,,,,,,,,,,,SSR?? solar project?,
Generation Interconnection,Eoliasur,Diamante BESS Task 2: ERCOT Model Quality Test and VRT ,Joelle Abi-Nahed,Joelle Abi-Nahed,Fixed,Can be Invoiced and Closed,"11,000",Yara Karam,Behzad Jandaghi,3/26/2025,31-Mar-25,,ERCOT,,BESS,,,
Generation Interconnection,EsVolta,Copperleaf  TASK 7: ERCOT FIS MATERIAL & MODELS UPDATE,Joelle Abi-Nahed,Joelle Abi-Nahed,Fixed,Can be Invoiced and Closed,"10,000",Yara Karam,Sonjoy Roy,2/20/2025,28-Feb-25,202517,ERCOT,,BESS,,,
Generation Interconnection,EsVolta,Copperleaf TASK 8: ERCOT MODEL QUALITY TEST UPDATE,Joelle Abi-Nahed,Joelle Abi-Nahed,Fixed,Can be Invoiced and Closed,"9,000",Yara Karam,Lena Barakat,3/26/2025,28-Mar-25,202517,ERCOT,,BESS,,,
Generation Interconnection,Esvolta,Anole Task 15: ERCOT NOGRR-245 RFI DocuSign Technical Support ,Joelle Abi-Nahed,Joelle Abi-Nahed,HNTE,In progress,"15,000",Bikram Bhandari,Joelle Abi-Nahed,,1-Dec-26,,ERCOT,,BESS,,,
Generation Interconnection,Esvolta,Rio Star TASK 6: ERCOT PSS/E MODEL QUALITY test update:,Joelle Abi-Nahed,Sonjoy Roy,Fixed,Can be Invoiced and Closed,"9,000",Ghida Hajj Hassan,Sonjoy Roy,9/12/2025,22-Sep-25,203185,ERCOT,,BESS,,,
Generation Interconnection,Esvolta,Rio Star  TASK 5: ERCOT FIS MATERIAL & MODELS UPDATE,Joelle Abi-Nahed,Sonjoy Roy,Fixed,Can be Invoiced and Closed,"15,000",Ghida Hajj Hassan,Sonjoy Roy,8/27/2025,29-Aug-25,203185,ERCOT,,BESS,,new FIS scope signed?,
Generation Interconnection,esVolta ,Desert Willow BESS Project T1 - T1 Full Registration & ERCOT Registration Support,Joelle Abi-Nahed,Joelle Abi-Nahed,Fixed,Can be Invoiced and Closed,"17,500",Anthony Saab,Dibakar Shil,7-Jun-24,28-Jun-24,,ERCOT,,BESS,,follow up for may QSA - review models / IA,
,,,,,,,,,,,,,,,,,7/1/2024 targeting 10/2/2024 PLD,
,,,,,,,,,,,,,,,,,transfer to Amir,
Generation Interconnection,esVolta ,Anole BESS Project T1 - T1 Full Registration & ERCOT Registration Support,Joelle Abi-Nahed,Joelle Abi-Nahed,Fixed,Can be Invoiced and Closed,"17,500",Lena Barakat,Bikram Bhandari,6/3/2024,30-Jun-24,,ERCOT,,BESS,,follow up for may QSA - studies / reveiw models / IA,
,,,,,,,,,,,,,,,,,6/1/2024 targeting 9/5/2024 PLD,
,,,,,,,,,,,,,,,,,transfer to Amir,
,,,,,,,,,,,,,,,,,PM in ops sheet needs to be revised,
TPGEN,esVolta ,Task 1: Due Diligence Reviews –,Joelle Abi-Nahed,Joelle Abi-Nahed,Fixed,Can be Invoiced and Closed,"27,000",Lena Barakat,Behzad Jandaghi/Joelle Abi Nahed,26-Jul,31-Jul-24,,ERCOT,,,,city breeze stability?,
,,"Bufflehead BESS, East West BESS & City Breeze BESS",,,,,,,,,,,,,,,,
Generation Interconnection,esVolta ,Copperleaf ERCOT T1 - T1 ERCOT EXPEDITED SS & FIS APPLICATION,Joelle Abi-Nahed,Joelle Abi-Nahed,Fixed,Can be Invoiced and Closed,"18,000",Yara Karam,Sonjoy Roy,30-Aug,10-Sep-24,,ERCOT,,BESS,,high-level analysis completed 5-92024,
Generation Interconnection,esVolta ,Diamondback ERCOT T1 - T1 ERCOT EXPEDITED SS & FIS APPLICATION,Joelle Abi-Nahed,Joelle Abi-Nahed,Fixed,Can be Invoiced and Closed,"18,000",Georgette Khanfour,Sonjoy Roy,30-Aug,10-Sep-24,,ERCOT,,BESS,,pending internal decision,
TPGEN,esVolta ,Ace High TASK 1: HIGH LEVEL TRANSMISSION ANALYSIS,Joelle Abi-Nahed,Joelle Abi-Nahed,Fixed,Can be Invoiced and Closed,"11,000",Lena Barakat,Sonjoy Roy,26-Sep,30-Sep-24,,ERCOT,,BESS,,,
TPGEN,esVolta ,Rio Star TASK 1: HIGH LEVEL TRANSMISSION ANALYSIS,Joelle Abi-Nahed,Joelle Abi-Nahed,Fixed,Can be Invoiced and Closed,"11,000",Georgette Khanfour,Sonjoy Roy,26-Sep,30-Sep-24,,ERCOT,,BESS,,,
Generation Interconnection,esVolta ,saddlehorn TASK 1: ERCOT EXPEDITED SS & FIS,Joelle Abi-Nahed,Joelle Abi-Nahed,Fixed,Can be Invoiced and Closed,"18,000",Georgette Khanfour,Sonjoy Roy,30-Oct,31-Oct-24,,ERCOT,,BESS,,,
,,APPLICATION,,,,,,,,,,,,,,,,
Generation Interconnection,esVolta ,Copperleaf ERCOT T2 - T2 ERCOT MODEL QUALITY TEST,Joelle Abi-Nahed,Joelle Abi-Nahed,Fixed,Can be Invoiced and Closed,"11,000",Yara Karam,Sonjoy Roy,20-Nov,25-Nov-24,,ERCOT,,,,follow up on POI,
Generation Interconnection,esVolta ,saddlehorn TASK 3: ERCOT MODEL QUALITY TEST ,Joelle Abi-Nahed,Joelle Abi-Nahed,Fixed,Can be Invoiced and Closed,"11,000",Lena Barakat,Sonjoy Roy,20-Nov,22-Nov-24,,ERCOT,,BESS,,,
Generation Interconnection,esVolta ,Ace High TASK 2: ERCOT EXPEDITED SS & FIS APPLICATION,Joelle Abi-Nahed,Joelle Abi-Nahed,Fixed,Can be Invoiced and Closed,"18,000",Lena Barakat,Sonjoy Roy,9-Dec,20-Dec-24,,ERCOT,,BESS,,,
Generation Interconnection,esVolta ,Rio Star TASK 2: ERCOT EXPEDITED SS & FIS APPLICATION,Joelle Abi-Nahed,Joelle Abi-Nahed,Fixed,Can be Invoiced and Closed,"18,000",Georgette Khanfour,Sonjoy Roy,20-Dec,1-Jan-25,,ERCOT,,BESS,,,
Generation Interconnection,esVolta ,Desert Willow BESS  TASK 13: IFC (ISSUE FOR COMMISSIONING) PSCAD AND PSSE PLANT MODEL PREPARATION AND MODEL QUALITY TESTS,Joelle Abi-Nahed,Joelle Abi-Nahed,Fixed,Can be Invoiced and Closed,"45,000",Bikram Bhandari,Joelle Abi Nahed,18-Jan,31-Jan-25,,ERCOT,,BESS,,,
Generation Interconnection,esVolta ,Anole BESS  TASK 13: IFC (ISSUE FOR COMMISSIONING) PSCAD AND PSSE PLANT MODEL PREPARATION AND MODEL QUALITY TESTS,Joelle Abi-Nahed,Joelle Abi-Nahed,Fixed,Can be Invoiced and Closed,"36,000",Sonjoy Roy,Bikram Bhandari,8-Apr,14-Apr-25,,ERCOT,,BESS,,PPC with caps? no as we will assume cap switch response is >45 seconds (simulation time),
Generation Interconnection,esVolta ,Ace High TASK 3: ERCOT MODEL QUALITY TEST,Joelle Abi-Nahed,Joelle Abi-Nahed,Fixed,Can be Invoiced and Closed,"11,000",Behzad Jandaghi,,1/29/2025,31-Jan-25,,ERCOT,,BESS,,notyet submitted on rioo,
Generation Interconnection,esVolta ,Ace High TASK 4: INTERCONNECTION SUPPORT,Joelle Abi-Nahed,Joelle Abi-Nahed,HNTE,Hold (other reason),"10,000",Lena Barakat,Sonjoy Roy,,1-Dec-26,,ERCOT,,BESS,,,
Generation Interconnection,esVolta ,Anole BESS TASK 14: MODEL COMMISSIONING VERIFICATION,Joelle Abi-Nahed,Joelle Abi-Nahed,Fixed,Mark as Cancelled,"6,500",Bikram Bhandari,Joelle Abi Nahed,,15-Apr-25,,ERCOT,,BESS,,led by NERC,
System Studies,esVolta ,Bowstring (Longbow) BESS (22INR0443) T2 - T2 Reactive Power Compensation Study,Joelle Abi-Nahed,Joelle Abi-Nahed,Fixed,Mark as Cancelled,"12,000",,,,1-Dec-24,,ERCOT,,BESS,,,
Generation Interconnection,esVolta ,Bowstring (Longbow) BESS (22INR0443) T5 - T5 Planning Model RARF & QSA Requirements Support,Joelle Abi-Nahed,Joelle Abi-Nahed,Fixed,Mark as Cancelled,"6,000",,,,1-Dec-24,,ERCOT,,BESS,,,
Generation Interconnection,esVolta ,Bowstring (Longbow) BESS (22INR0443) T6 - T6 Technical Support & Meetings,Joelle Abi-Nahed,Joelle Abi-Nahed,HNTE,Invoice time spent at end of month,"5,000",,,,1-Dec-26,,ERCOT,,BESS,,,
Generation Interconnection,esVolta ,Copperleaf ERCOT T3 - T3 INTERCONNECTION SUPPORT,Joelle Abi-Nahed,Joelle Abi-Nahed,HNTE,Hold (other reason),"10,000",,,,1-Dec-26,,ERCOT,,,,scoping meeting on 12/18 // POI may change to 345 and size to 300 / new POI??,
,,,,,,,,,,,,,,,,,check MIS for studies by end of September,
Generation Interconnection,esVolta ,Desert Willow BESS T6 - T6 Technical Support & Meetings,Joelle Abi-Nahed,Joelle Abi-Nahed,HNTE,Invoice time spent at end of month,"15,000",,,,1-Dec-26,,ERCOT,,BESS,,,
Generation Interconnection,esVolta ,Desert Willow BESS TASK 14: MODEL COMMISSIONING VERIFICATION,Joelle Abi-Nahed,Joelle Abi-Nahed,Fixed,Mark as Cancelled,"6,500",Bikram Bhandari,Joelle Abi Nahed,,15-Apr-25,,ERCOT,,BESS,,led by NERC,
Generation Interconnection,esVolta ,Diamondback ERCOT T2 - T2 ERCOT MODEL QUALITY TEST,Joelle Abi-Nahed,Joelle Abi-Nahed,Fixed,Can be Invoiced and Closed,"11,000",Georgette Khanfour,Bikram Bhandari,2/18/2025,21-Feb-25,,ERCOT,,,,on hold pending load discussion  11/15/2024,
,,,,,,,,,,,,,,,,,name changed to Rabbit Hollow Energy Storage,
Generation Interconnection,esVolta ,Diamondback (rabbit Hollow) ERCOT T3 - T3 INTERCONNECTION SUPPORT,Joelle Abi-Nahed,Joelle Abi-Nahed,HNTE,Hold (other reason),"10,000",,,,1-Dec-26,,ERCOT,,,,scoping call on 2/3,
,,,,,,,,,,,,,,,,,new dates/station details? completed,
,,,,,,,,,,,,,,,,,check MIS for studies by end of September,
Generation Interconnection,esVolta ,Live Oak BESS T4 - T4 Project Interconnection Support,Joelle Abi-Nahed,Joelle Abi-Nahed,HNTE,Invoice time spent at end of month,"5,000",,,,1-Dec-26,,ERCOT,,,,,
Generation Interconnection,esVolta ,Pequin BESS Alt #2 (23INR0194) T3 - T3 PSCAD Plant Model Development,Joelle Abi-Nahed,Joelle Abi-Nahed,Fixed,Mark as Cancelled,"7,000",,,,1-Dec-24,,ERCOT,,BESS,,,
Generation Interconnection,esVolta ,Pequin BESS Alt #2 (23INR0194) T4 - T4 PSCAD Model Quality Test,Joelle Abi-Nahed,Joelle Abi-Nahed,Fixed,Mark as Cancelled,"10,000",,,,1-Dec-24,,ERCOT,,BESS,,,
Generation Interconnection,esVolta ,Pequin BESS Alt #2 (23INR0194) T5 - T5 Planning Model RARF & QSA Requirements Support,Joelle Abi-Nahed,Joelle Abi-Nahed,Fixed,Mark as Cancelled,"6,000",,,,1-Dec-24,,ERCOT,,BESS,,,
Generation Interconnection,esVolta ,Pequin BESS Alt #2 (23INR0194) T6 - T6 Technical Support & Meetings,Joelle Abi-Nahed,Joelle Abi-Nahed,HNTE,Invoice time spent at end of month,"5,000",,,,1-Dec-26,,ERCOT,,BESS,,,
Generation Interconnection,esVolta ,Rio Star TASK 3: ERCOT MODEL QUALITY TEST,Joelle Abi-Nahed,Joelle Abi-Nahed,Fixed,Can be Invoiced and Closed,"11,000",Yara Karam,Lena Barakat,1/24/2025,31-Jan-25,,ERCOT,,BESS,,,
Generation Interconnection,esVolta ,Rio Star TASK 4: INTERCONNECTION SUPPORT,Joelle Abi-Nahed,Joelle Abi-Nahed,HNTE,Hold (other reason),"10,000",Georgette Khanfour,Bikram Bhandari,,1-Dec-26,,ERCOT,,BESS,,,
Generation Interconnection,esVolta ,saddlehorn TASK 3: INTERCONNECTION SUPPORT ,Joelle Abi-Nahed,Joelle Abi-Nahed,HNTE,Hold (other reason),"10,000",Georgette Khanfour,Sonjoy Roy,,1-Dec-26,,ERCOT,,BESS,,"change the POI to ""138kV Line between Bellville North Substation to Highway 36"" substation from ""Bellville North Substation"".",
,,,,,,,,,,,,,,,,,check MIS for studies by end of September,
Generation Interconnection,esVolta ,Skipper Energy Storage T4 - T4 Project Interconnection Support,Joelle Abi-Nahed,Joelle Abi-Nahed,HNTE,Invoice time spent at end of month,"10,000",,,,1-Dec-26,,ERCOT,,BESS,,,
Generation Interconnection,ETFuels US Inc. ,Rattlesnake Wind Gap-Task 4: ERCOT FIS Material & Models Update,Joelle Abi-Nahed,Joelle Abi-Nahed,Fixed,Can be Invoiced and Closed,"12,000",Georgette Khanfour,Bikram Bhandari,5/12/2026,19-May-26,401333,ERCOT,,,Other team,,
Generation Interconnection,ETFuels US Inc. ,Rattlesnake Solar Gap Task 4: ERCOT FIS Material & Models Update,Joelle Abi-Nahed,Joelle Abi-Nahed,Fixed,Can be Invoiced and Closed,"12,000",Georgette Khanfour,Bikram Bhandari,5/12/2026,19-May-26,401331,ERCOT,,,Other team,,
Generation Interconnection,ETFuels US Inc. ,Rattlesnake BESS Gap- Task 4: ERCOT FIS Material & Models Update,Joelle Abi-Nahed,Joelle Abi-Nahed,Fixed,Can be Invoiced and Closed,"12,000",Georgette Khanfour,Bikram Bhandari,5/12/2026,19-May-26,401332,ERCOT,,,Other team,,
Generation Interconnection,Eurowind Energy,Pink Solar T22 - Reactive Power Compensation Study,Joelle Abi-Nahed,Lea El Khoury,Fixed,Can be Invoiced and Closed,"15,000",Perla Boulos,Lea El Khoury,,21-Jan-26,201073,ERCOT,,Solar,Organic,,
Generation Interconnection,Eurowind Energy,Pink Solar T11 - Project Interconnection Support,Joelle Abi-Nahed,Lea El Khoury,HNTE,Invoice time spent at end of month,"5,000",Lea El Khoury,Lea El Khoury,,30-Dec-26,201073,ERCOT,,Solar,Organic,,
Generation Interconnection,Eurowind Energy,Pink Solar T18 - ERCOT PSSE Model Quality Test & Tuning,Joelle Abi-Nahed,Lea El Khoury,Fixed,In progress,"11,000",Perla Boulos,Lea El Khoury,7/10/2026,10-Aug-26,201073,ERCOT,,Solar,Organic,1.norcal UDM PSSE model?,
,,,,,,,,,,,,,,,,,2.generic PPC might work?,
,,,,,,,,,,,,,,,,,3.we have EPE UDM PPC?,
Generation Interconnection,Eurowind Energy,Pink Storage T1 - ERCOT SS & FIS Interconnection Application,Joelle Abi-Nahed,Lea El Khoury,Fixed,Can be Invoiced - leave open,"15,000",Elias Chedid,Perla Boulos,,30-Jan-26,402507,ERCOT,,BESS,Organic,PQ curve tesla?,
,,,,,,,,,,,,,,,,,moving station - work with worse case t-line and revise if needed,
Generation Interconnection,Eurowind Energy,Pink Storage T2 - ERCOT PSSE MQT & Tuning - BESS Only,Joelle Abi-Nahed,Lea El Khoury,Fixed,In progress,"13,500",Perla Boulos,Lea El Khoury,7/10/2026,10-Aug-26,402507,ERCOT,,BESS,Organic,Prending T1 + check with Client on PSCAD,
Generation Interconnection,Eurowind Energy,Pink Storage T3 - ERCOT Combined PSSE MQT & Tuning - Solar + BESS,Joelle Abi-Nahed,Lea El Khoury,Fixed,In progress,"11,000",Perla Boulos,Lea El Khoury,7/10/2026,10-Aug-26,402507,ERCOT,,BESS,Organic,Prending T1 + check with Client on PSCAD,
Generation Interconnection,Eurowind Energy,Pink Storage T4 - General Interconnection Support - Pre-SGIA,Joelle Abi-Nahed,Lea El Khoury,HNTE,Invoice time spent at end of month,"15,000",Lea El Khoury,Lea El Khoury,,30-Dec-26,402507,ERCOT,,BESS,Organic,,
Generation Interconnection,Eurowind Pink SOlar LLC,Pink Storage Task 5 ERCOT FIS Application Material Update,Joelle Abi-Nahed,Lea El Khoury,Fixed,Can be Invoiced - leave open,"14,000",Elias Chedid,Marise El Nacouzi,4/22/2026,30-Apr-26,402507,ERCOT,,PV+bess,,update solar with one extra inverter?,
Generation Interconnection,Exigent Energy Partners LLC,TASK 1: LOAD INTERCONNECTION SUPPORT,Joelle Abi-Nahed,Joelle Abi-Nahed,HNTE,Can be Invoiced and Closed,500,Georgette Khanfour,Bikram Bhandari,,31-Mar-25,400286,,,,,budget was 8000. invoice time spent and close,
Generation Interconnection,Exigent Energy Partners LLC,TASK 2: PSS®E MODEL DEVELOPMENT ,Joelle Abi-Nahed,Joelle Abi-Nahed,Fixed,Mark as Cancelled,"8,000",Georgette Khanfour,Bikram Bhandari,,31-Mar-25,400286,,,,,,
Generation Interconnection,Exigent Energy Partners LLC,TASK 3: DYNAMIC LOAD MODEL,Joelle Abi-Nahed,Joelle Abi-Nahed,Fixed,Mark as Cancelled,"13,000",Georgette Khanfour,Bikram Bhandari,,31-Mar-25,400286,,,,,,
Generation Interconnection,Exigent Energy Partners LLC,Reciprocating Engines and load TASK 1: LOAD INTERCONNECTION SUPPORT,Joelle Abi-Nahed,Lea El Khoury,HNTE,Invoice time spent at end of month,"8,000",Marise El Nacouzi,Lea El Khoury,,1-Dec-26,404336,ERCOT,,,,,
Generation Interconnection,Exigent Energy Partners LLC,Reciprocating Engines and load TASK 2: LOAD PSS®E & DYNAMIC MODEL DEVELOPMENT,Joelle Abi-Nahed,Lea El Khoury,Fixed,In progress,"21,000",Marise El Nacouzi,Lea El Khoury,,2-Dec-26,404336,ERCOT,,,,,
Generation Interconnection,Exigent Energy Partners LLC,Reciprocating Engines and load TASK 3: GENERATION-ERCOT SS & FIS INTERCONNECTION APPLICATION,Joelle Abi-Nahed,Lea El Khoury,Fixed,In progress,"18,000",Marise El Nacouzi,Lea El Khoury,,3-Dec-26,404336,ERCOT,,,,,
Generation Interconnection,Exigent Energy Partners LLC,Reciprocating Engines and load TASK 4: ERCOT PSS/E MODEL QUALITY TEST AND TUNING,Joelle Abi-Nahed,Lea El Khoury,Fixed,Hold (other reason),"16,000",Marise El Nacouzi,Lea El Khoury,,4-Dec-26,404336,ERCOT,,,,,
Generation Interconnection,Exigent Energy Partners LLC,Reciprocating Engines and load TASK 5: PLANT ASPEN MODEL – IF REQUIRED BY TSP,Joelle Abi-Nahed,Lea El Khoury,Fixed,Hold (other reason),"6,000",Marise El Nacouzi,Lea El Khoury,,5-Dec-26,404336,ERCOT,,,,,
Generation Interconnection,FGE Goodnight I LLC ,GN 2 TASK 2: PSS®E LOAD MODEL DEVELOPMENT,Joelle Abi-Nahed,Joelle Abi-Nahed,Fixed,Can be Invoiced - leave open,"8,000",Bikram Bhandari,Joelle Abi Nahed,27-May,31-May-24,,ERCOT,,load + wind,,,
Generation Interconnection,FGE Goodnight I LLC ,GN 2 TASK 3: DYNAMIC LOAD MODEL,Joelle Abi-Nahed,Joelle Abi-Nahed,Fixed,Can be Invoiced and Closed,"13,000",Bikram Bhandari,Joelle Abi Nahed,27-May,31-May-24,,ERCOT,,load + wind,,,
Generation Interconnection,FGE Goodnight I LLC ,Serenity Wind T3 - T3 ERCOT SS INTERCONNECTION APPLICATION,Joelle Abi-Nahed,Joelle Abi-Nahed,Fixed,Can be Invoiced and Closed,"1,300",Bikram Bhandari,,10/23/2024,14-Oct-24,,ERCOT,,wind,,follow up on POI end of october,
Generation Interconnection,"FGE Goodnight II,LLC",GN2 ASK 24: Address Dynamic comments,Joelle Abi-Nahed,Joelle Abi-Nahed,HNTE,Can be Invoiced and Closed,"10,000",Bikram Bhandari,Joelle Abi-Nahed,,31-Mar-25,202394,ERCOT,,Wind,,,
Generation Interconnection,Flexen USA LLC,Palisade TASK 1: ERCOT SS & FIS INTERCONNECTION APPLICATION,Joelle Abi-Nahed,Joelle Abi-Nahed,Fixed,Can be Invoiced - leave open,"14,000",Shiva Amini,Sonjoy Roy,7/31/2025,31-Jul-25,402173,,,,,,
Generation Interconnection,Flexen USA LLC,Roble Task 1: ERCOT Expedited FIS Application,Joelle Abi-Nahed,Joelle Abi-Nahed,Fixed,Can be Invoiced and Closed,"18,000",Shiva Amini,Behzad Jandaghi,5/2/2025,30-Apr-25,401211,ERCOT,,BESS,,,
Generation Interconnection,Flexen USA LLC,Bastion TASK 2: ERCOT PSS/E MODEL QUALITY TEST AND VRT TUNING ,Joelle Abi-Nahed,Joelle Abi-Nahed,Fixed,Can be Invoiced and Closed,"13,000",Shiva Amini,Behzad Jandaghi,5/23/2025,30-May-25,400061,ERCOT,,BESS,,,
Generation Interconnection,Flexen USA LLC,Bastion TASK 3: PLANT ASPEN MODEL – IF REQUIRED BY  TSP,Joelle Abi-Nahed,Joelle Abi-Nahed,Fixed,Can be Invoiced and Closed,"5,000",Shiva Amini,Behzad Jandaghi,5/23/2025,30-May-25,400061,ERCOT,,BESS,,,
Generation Interconnection,Flexen USA LLC,Roble TASK 4: GENERAL INTERCONNECTION SUPPORT,Joelle Abi-Nahed,Joelle Abi-Nahed,HNTE,In progress,"10,000",Shiva Amini,Behzad Jandaghi,,1-Dec-26,401211,ERCOT,,BESS,,kick off call on 7/2 (may revise dates (3-4 years) but connecting to exisitng station so could be shorter timleine),
,,,,,,,,,,,,,,,,,follow up early september,
Generation Interconnection,Flexen USA LLC,Palisade TASK 2: ERCOT PSS/E MODEL QUALITY TEST AND VRT TUNING,Joelle Abi-Nahed,Joelle Abi-Nahed,Fixed,Hold (other reason),"10,000",Shiva Amini,Behzad Jandaghi,,1-Dec-26,402173,,,,,follow up early september,
Generation Interconnection,Flexen USA LLC,Palisade TASK 3: PLANT ASPEN MODEL – IF REQUIRED BY TSP,Joelle Abi-Nahed,Joelle Abi-Nahed,Fixed,Hold (other reason),"5,000",Shiva Amini,Behzad Jandaghi,,1-Dec-26,402173,,,,,,
Generation Interconnection,Flexen USA LLC,Palisade TASK 4: GENERAL INTERCONNECTION SUPPORT,Joelle Abi-Nahed,Joelle Abi-Nahed,Fixed,Invoice time spent at end of month,"10,000",Shiva Amini,Behzad Jandaghi,,1-Dec-26,402173,,,,,,
Generation Interconnection,Flexen USA LLC (eoliasur),Bastion BESS TASK 4: ERCOT SS & FIS INTERCONNECTION,Joelle Abi-Nahed,Joelle Abi-Nahed,Fixed,Can be Invoiced and Closed,"18,000",Shiva Amini,Behzad Jandaghi,4/11/2025,23-Apr-25,400061,ERCOT,,BESS,,MQT?,
,,APPLICATION ,,,,,,,,,,,,,,,,
Generation Interconnection,Flexen USA LLC (eoliasur),Galveston BESS T1 ERCOT SS&FIS Application,Joelle Abi-Nahed,Joelle Abi-Nahed,Fixed,Can be Invoiced - leave open,"14,000",Miguel Penagos,Behzad Jandaghi,10/13/2025,22-Oct-25,402947,ERCOT,,BESS,,scoping call?,
System Studies,Flying X Capital ,Flying X ERCOT Support T5 - T5 Reactive Power Study,Joelle Abi-Nahed,Joelle Abi-Nahed,Fixed,Mark as Cancelled,"14,000",Anthony Saab,Yang Zhou,,1-Dec-24,,ERCOT,,Solar,,follow up in December,
Generation Interconnection,Flying X Capital ,Flying X ERCOT Support T6 - T6 PSCAD Model,Joelle Abi-Nahed,Joelle Abi-Nahed,Fixed,Mark as Cancelled,"10,000",Anthony Saab,Yang Zhou,,1-Dec-24,,ERCOT,,Solar,,follow up in December,
Generation Interconnection,Flying X Capital ,Flying X ERCOT Support T7 - T7 PSCAD MQT,Joelle Abi-Nahed,Joelle Abi-Nahed,Fixed,Mark as Cancelled,"12,000",Anthony Saab,Yang Zhou,,1-Dec-24,,ERCOT,,Solar,,follow up in December,
Generation Interconnection,Flying X Capital ,Flying X ERCOT Support T8 - T8 Planning Model RARF and QSA Requirements Support,Joelle Abi-Nahed,Joelle Abi-Nahed,Fixed,Mark as Cancelled,"8,500",Anthony Saab,Yang Zhou,,1-Dec-24,,ERCOT,,Solar,,follow up in December,
Generation Interconnection,Flying X Capital ,Flying X ERCOT Support T9 - T9 Project Interconnection Support,Joelle Abi-Nahed,Joelle Abi-Nahed,HNTE,Mark as Cancelled,"5,000",,,,1-Dec-25,,ERCOT,,Solar,,ask client to cancel,
Generation Interconnection,Foresite renewable,Grayback Solar TASK 3: ERCOT PSS/E MODEL QUALITY TEST AND VRT TUNING,Joelle Abi-Nahed,Joelle Abi-Nahed,Fixed,Can be Invoiced - leave open,"11,000",Shiva Amini,Bikram Bhandari,10/17/2025,30-Oct-25,402940,ERCOT,,Solar,,JJ: Time entries approved 11/4,
Generation Interconnection,Foresite renewable,Grayback Solar TASK 4: GENERAL,Joelle Abi-Nahed,Joelle Abi-Nahed,HNTE,Invoice time spent at end of month,"10,000",Shiva Amini,Behzad Jandaghi,,1-Dec-26,402940,ERCOT,,Solar,,kick off?,
,,INTERCONNECTION SUPPORT ,,,,,,,,,,,,,,,,
TPGEN,Foresite renewable,WECC Full Transmission Export Analysis -150-500MW Project sizes increments of50MW,Joelle Abi-Nahed,Joelle Abi-Nahed,Fixed,Can be Invoiced - leave open,"20,000",Sonjoy Roy,Joelle Abi Nahed,25-Oct,30-Oct-24,,WECC,,Solar,,,
Generation Interconnection,Foresite renewable,Grayback Solar TASK 2: ERCOT SS & FIS,Joelle Abi-Nahed,Joelle Abi-Nahed,Fixed,Can be Invoiced and Closed,"18,000",Shiva Amini,Behzad Jandaghi,24-Sep,30-Sep-25,402940,ERCOT,,Solar,,Follow-up with Cilent end of august/ POI definition??,
,,INTERCONNECTION APPLICATION,,,,,,,,,,,,,,,,
Generation Interconnection,Foresite renewable,Grayback Solar TASK 1: Aspen model,Joelle Abi-Nahed,Joelle Abi-Nahed,Fixed,Can be Invoiced and Closed,"5,000",Shiva Amini,Behzad Jandaghi,24-Sep,30-Sep-25,402940,ERCOT,,Solar,,,
Generation Interconnection,Frontier,Lonestar task 3: ERCOT SS & FIS Interconnection,Joelle Abi-Nahed,Joelle Abi-Nahed,Fixed,Can be Invoiced and Closed,"18,000",Dibakar Shil,Joelle Abi Nahed,15-Jul,22-Jul-24,,ERCOT,,Gas,,,
,,Application ,,,,,,,,,,,,,,,,
Generation Interconnection,Frontier,Lonestar task 5: support,Joelle Abi-Nahed,Joelle Abi-Nahed,HNTE,Invoice time spent at end of month,"10,000",Behzad Jandaghi,Joelle Abi Nahed,,1-Dec-26,,ERCOT,,,,join scoping meeting 9/30 week (follow up on call),
TPGEN,Frontier,Lonestar TASK 6: ERCOT FIS MATERIAL & MODELS UPDATE,Joelle Abi-Nahed,Joelle Abi-Nahed,Fixed,Can be Invoiced and Closed,"15,000",Ghida Hajj Hassan,Behzad Jandaghi,12/13/2024,20-Dec-24,,ERCOT,,Gas,,,
Generation Interconnection,Frontier,Lonestar TASK 7: ERCOT MODEL QUALITY,Joelle Abi-Nahed,Joelle Abi-Nahed,Fixed,Can be Invoiced and Closed,"11,000",Ghida Hajj Hassan,Sonjoy Roy,1/24/2025,31-Jan-25,,ERCOT,,Gas,,,
,,TEST AND VRT TUNING,,,,,,,,,,,,,,,,
TPGEN,Frontier,Lonestar TASK 5: Interconnection Support &,Joelle Abi-Nahed,Joelle Abi-Nahed,HNTE,Invoice time spent at end of month,"30,000",Behzad Jandaghi,Sonjoy Roy,,1-Dec-26,,ERCOT,,GAs,,Frontier Group of Companies today announced that it has been informed by the Public Utility Commission of Texas (PUCT) that its application for funding through the Texas Energy Fund (TEF) to support 164 megawatts (MW) of new generation capacity for the ERCOT grid will not be moving forward.,
,,Meetings,,,,,,,,,,,,,,,moving to SPP,
Generation Interconnection,"Frontier Gen, LLC",Macdonald TASK 5: LOAD PSS®E STEADY STATE & DYNAMIC MODEL UPDATE,Joelle Abi-Nahed,Sonjoy Roy,Fixed,Can be Invoiced - leave open,"13,500",Mary Fadlallah,Sonjoy Roy,2/10/2026,13-Feb-26,403552,ERCOT,,load,Other team,,
Generation Interconnection,"Frontier Gen, LLC",Hamer TASK 5: Dynamic Large Electronic Load Model,Joelle Abi-Nahed,Sonjoy Roy,Fixed,Can be Invoiced and Closed,"8,000",Mary Fadlallah,Sonjoy Roy,3/16/2026,25-Mar-26,403553,ERCOT,,load,,,
Generation Interconnection,"Frontier Gen, LLC",Mcdonald TASK 6 Dynamic Large Electronic Load Model,Joelle Abi-Nahed,Sonjoy Roy,Fixed,Can be Invoiced and Closed,"8,000",Mary Fadlallah,Sonjoy Roy,3/16/2026,30-Mar-26,403552,ERCOT,,load,,,
Generation Interconnection,FrontierGen LLC,Hamer Load Project T4 General Load Technical Support,Joelle Abi-Nahed,Sonjoy Roy,HNTE,Invoice time spent at end of month,"8,000",,Sonjoy Roy,,1-Dec-26,403553,ERCOT,,,Other team,base load in batch 0,
Generation Interconnection,FrontierGen LLC,MacDonald Load Project T4 General Load Technical Support,Joelle Abi-Nahed,Sonjoy Roy,HNTE,Invoice time spent at end of month,"8,000",,Sonjoy Roy,,1-Dec-26,403552,ERCOT,,,Other team,MWallocation in batch 0,
Generation Interconnection,FrontierGen LLC,Hamer Load Project T2 Load Model Development,Joelle Abi-Nahed,Sonjoy Roy,Fixed,Can be Invoiced and Closed,"7,650",Siddhesh Thorat,Sonjoy Roy,,7-Jan-26,403553,ERCOT,,,Other team,,
Generation Interconnection,FrontierGen LLC,Hamer Load Project T3 Stability Load Model Study,Joelle Abi-Nahed,Sonjoy Roy,Fixed,Can be Invoiced and Closed,"10,800",Siddhesh Thorat,Sonjoy Roy,,7-Jan-26,403553,ERCOT,,,Other team,,
Generation Interconnection,FrontierGen LLC,MacDonald Load Project T2 Load Model Development,Joelle Abi-Nahed,Sonjoy Roy,Fixed,Can be Invoiced and Closed,"7,650",Mary Fadlallah,Sonjoy Roy,1/13/2026,20-Jan-26,403552,ERCOT,,,Other team,,
Generation Interconnection,FrontierGen LLC,MacDonald Load Project T3 Stability Load Model Study,Joelle Abi-Nahed,Sonjoy Roy,Fixed,Can be Invoiced and Closed,"10,800",Mary Fadlallah,Sonjoy Roy,1/13/2026,20-Jan-26,403552,ERCOT,,,Other team,,
Generation Interconnection,Galehead Development LLC ,Gibbons 2.0 ((silver birch) Storage T2 - T2 ERCOT FIS Application ,Joelle Abi-Nahed,Joelle Abi-Nahed,Fixed,Can be Invoiced and Closed,"12,500",Georgette Khanfour,Bikram Bhandari,22-Oct,24-Oct-24,,ERCOT,,BESS,,TMPA TSP,
,,,,,,,,,,,,,,,,,follow up on FIS kickoff and  MQT support end of november,
Generation Interconnection,Galehead Development LLC ,Gibbons 2.0 (silver birch) Solar T2 - T2 ERCOT FIS Application (Gibbons 2.0 Solar),Joelle Abi-Nahed,Joelle Abi-Nahed,Fixed,Can be Invoiced and Closed,"12,500",Georgette Khanfour,Bikram Bhandari,22-Oct,24-Oct-24,,ERCOT,,Solar,,TMPA TSP,
,,,,,,,,,,,,,,,,,follow up on FIS kickoff and  MQT support end of november,
Generation Interconnection,Galehead Development LLC ,Galehead Support T1 - T1 Project Interconnection Support & Meetings,Joelle Abi-Nahed,Joelle Abi-Nahed,HNTE,Invoice time spent at end of month,"5,000",,,,1-Dec-26,,ERCOT,,,,,
Generation Interconnection,Galehead Development LLC ,Gibbons 1.0 Solar (golden birch)T2 - T2 ERCOT FIS Application (Gibbons 1.0 Solar),Joelle Abi-Nahed,Joelle Abi-Nahed,Fixed,Mark as Cancelled,"12,500",Georgette Khanfour,Bikram Bhandari,,1-Dec-25,,ERCOT,,Solar,,SS completed on 4/29/ waiting on site control,
Generation Interconnection,Galehead Development LLC ,Gibbons 1.0 Storage ((golden birch)T2 - T2 ERCOT FIS Application (Gibbons 1.0 Storage),Joelle Abi-Nahed,Joelle Abi-Nahed,Fixed,Mark as Cancelled,"12,500",Georgette Khanfour,Bikram Bhandari,,1-Dec-25,,ERCOT,,BESS,,SS completed on 4/29/ waiting on site control,
Generation Interconnection,Galehead Development LLC ,Leona West T2 - T2 ERCOT FIS Application,Joelle Abi-Nahed,Joelle Abi-Nahed,Fixed,Mark as Cancelled,"10,000",,,,1-Dec-24,,ERCOT,,,,,
Generation Interconnection,"GC Data Center Granbury, LLC ",Wolf Hollow Generate Capital  T1 - T1 Load Analysis Support,Joelle Abi-Nahed,Joelle Abi-Nahed,HNTE,Invoice time spent at end of month,"5,000",,,,1-Dec-26,,ERCOT,,BESS,,,
Generation Interconnection,"Glenfarne North America Interconnect Holdings, LLC",TASK 1: GENERAL INTERCONNECTION SUPPORT - LOAD,Joelle Abi-Nahed,Joelle Abi-Nahed,HNTE,In progress,"10,000",Siddhesh Thorat,Behzad Jandaghi,,1-Dec-26,403000,ERCOT,,load,BD,included in batch 0,
Generation Interconnection,"Glenfarne North America Interconnect Holdings, LLC",TASK 2: PSS®E STEADY STATE & DYNAMIC MODEL - LOAD,Joelle Abi-Nahed,Joelle Abi-Nahed,Fixed,Can be Invoiced - leave open,"20,000",Siddhesh Thorat,Behzad Jandaghi,2/13/2026,27-Feb-26,403000,ERCOT,,load,BD,,
Generation Interconnection,"Glenfarne North America Interconnect Holdings, LLC",Texas LNG TASK 1: Load Interconnection Support ,Joelle Abi-Nahed,Joelle Abi-Nahed,HNTE,Invoice time spent at end of month,"8,000",,,,1-Dec-26,406378,,,load,,,
Generation Interconnection,"Glenfarne North America Interconnect Holdings, LLC",Texas LNG TASK 2: PSS®E Model Development ,Joelle Abi-Nahed,Joelle Abi-Nahed,Fixed,Can be Invoiced and Closed,"8,000",,Behzad Jandaghi,6-Jul,8-Jul-26,406378,ERCOT,,load,,,
Generation Interconnection,"Glenfarne North America Interconnect Holdings, LLC",Texas LNG TASK 3: Dynamic Load Model  ,Joelle Abi-Nahed,Joelle Abi-Nahed,Fixed,Can be Invoiced and Closed,"13,000",,Behzad Jandaghi,6-Jul,8-Jul-26,406378,ERCOT,,load,,,
Generation Interconnection,Golden Grid,Knapp DG Task 1: Full Registration & ERCOT,Joelle Abi-Nahed,Joelle Abi-Nahed,Fixed,Can be Invoiced - leave open,"22,000",Georgette Khanfour,Bikram Bhandari,,31-Mar-25,400118,ERCOT,,BESS,,,
,,Registration Support/ Knapp BESS Project - T1 - Registration,,,,,,,,,,,,,,,,
Generation Interconnection,"Granite Source Power, LLC ",Rex Storage T1 - T1 ERCOT EXPEDITED SS & FIS APPLICATION- GENERATION,Joelle Abi-Nahed,Joelle Abi-Nahed,Fixed,Can be Invoiced and Closed,"18,000",Georgette Khanfour,Dibakar Shil,17-May,29-May-24,new buyer by end of 2025?,ERCOT,,,,,
Generation Interconnection,"Granite Source Power, LLC ",Hastings (brazos root) Storage T1 - T1 ERCOT EXPEDITED SS & FIS APPLICATION- GENERATION,Joelle Abi-Nahed,Joelle Abi-Nahed,Fixed,Can be Invoiced and Closed,"21,000",Yara Karam,Behzad Jandaghi,17-Jul,24-Jul-24,new buyer by end of 2025?,ERCOT,,BESS,,,
,,,,,,,,,,,,,,,,,202637 - brazos roots,
,,,,,,,,,,,,,,,,,pending LMP ?,
Generation Interconnection,"Granite Source Power, LLC ",Storage T3 - T3 ERCOT EXPEDITED SS & FIS APPLICATION- GENERATION,Joelle Abi-Nahed,Joelle Abi-Nahed,Fixed,Can be Invoiced and Closed,"1,231",Lena Barakat,Bikram Bhandari,,23-Sep-24,,ERCOT,,BESS,,202334 on core,
,,,,,,,,,,,,,,,,,pending LMP for project size & site name,
,,,,,,,,,,,,,,,,,On hold because of land and LMP results. we may resurrect this project,
,,,,,,,,,,,,,,,,,cacnelled in September and invoiced time spent,
Generation Interconnection,"Granite Source Power, LLC ",Hastings (brazos root) Storage T3- MQT update,Joelle Abi-Nahed,Joelle Abi-Nahed,Fixed,Can be Invoiced and Closed,"11,000",Yara Karam,Behzad Jandaghi,25-Nov,29-Nov-24,,ERCOT,,BESS,,,
,,,,,,,,,,,,,,,,,202637 - brazos roots,
,,,,,,,,,,,,,,,,,pending LMP ?,
Generation Interconnection,"Granite Source Power, LLC ",(brazos root) Storage T3- T3:  INTERCONNECTION SUPPORT,Joelle Abi-Nahed,Joelle Abi-Nahed,Hourly,Hold (other reason),"5,000",Yara Karam,Behzad Jandaghi,,1-Dec-26,,ERCOT,,BESS,,,
Generation Interconnection,"Granite Source Power, LLC ",Rex Storage T3 - T3: INTERCONNECTION SUPPORT ,Joelle Abi-Nahed,Joelle Abi-Nahed,Hourly,Invoice time spent at end of month,"5,000",Georgette Khanfour,Bikram Bhandari,,1-Dec-26,,ERCOT,,,,scoping meeting is on 8/6,
,,,,,,,,,,,,,,,,,IA review,
,,,,,,,,,,,,,,,,,new owner?,
Generation Interconnection,"Granite Source Power, LLC ",Storage T4- T4: ERCOT MODEL QUALITY TEST -GENERATION,Joelle Abi-Nahed,Joelle Abi-Nahed,Fixed,Mark as Cancelled,"11,000",Lena Barakat,Bikram Bhandari,,1-Dec-24,,ERCOT,,BESS,,,
Generation Interconnection,"Granite Source Power, LLC ",Rex TASK 4: ERCOT PSS/E MODEL QUALITY TEST PER,Joelle Abi-Nahed,Joelle Abi-Nahed,Fixed,Can be Invoiced and Closed,"11,000",Yara Karam,Behzad Jandaghi,1/8/2025,15-Jan-25,,ERCOT,,,,,
,,NOGRR245,,,,,,,,,,,,,,,,
Generation Interconnection,"Granite Source Power, LLC ",(brazos root) Storage T2- T2: ERCOT MODEL QUALITY TEST -GENERATION,Joelle Abi-Nahed,Joelle Abi-Nahed,Fixed,Can be Invoiced and Closed,"11,000",Yara Karam,Behzad Jandaghi,13-Aug,16-Aug-24,,ERCOT,,BESS,,,
Generation Interconnection,"Granite Source Power, LLC ",Rex Storage T2- T2: ERCOT MODEL QUALITY TEST -GENERATION,Joelle Abi-Nahed,Joelle Abi-Nahed,Fixed,Can be Invoiced and Closed,"11,000",Georgette Khanfour,Behzad Jandaghi,13-Sep,20-Sep-24,,ERCOT,,,,wait until FIS scoping meeting,
Generation Interconnection,"Granite Source Power, LLC ",Bluegill BESS T4 - T4 Project Interconnection Support,Joelle Abi-Nahed,Joelle Abi-Nahed,HNTE,Invoice time spent at end of month,"5,000",,,,1-Dec-26,,ERCOT,,BESS,,,
Generation Interconnection,"Granite Source Power, LLC ",Castle Storage T4 - T4 Project Interconnection Support,Joelle Abi-Nahed,Joelle Abi-Nahed,HNTE,Invoice time spent at end of month,"5,000",,,,1-Dec-26,,ERCOT,,BESS,,,
Generation Interconnection,"Granite Source Power, LLC ",Falcon 138kV BESS T3 - T3 Project Interconnection Support,Joelle Abi-Nahed,Joelle Abi-Nahed,HNTE,Invoice time spent at end of month,"5,000",,,,1-Dec-26,,ERCOT,,BESS,,,
Generation Interconnection,Green Hydrogen International Corp (mannti),TASK 1: LOAD INTERCONNECTION  SUPPORT,Joelle Abi-Nahed,Joelle Abi-Nahed,HNTE,In progress,"10,000",Bikram Bhandari,Joelle Abi-Nahed,,1-Dec-26,401305,ERCOT,,load/wind/solar,,revise core once tasks are clear,
,,,,,,,,,,,,,,,,,follow up medina/stec,
,,,,,,,,,,,,,,,,,follow up AEP end of september if study on track,
Generation Interconnection,Greenbelt,Max 4 Task 3: General Interconnection Support ,Joelle Abi-Nahed,Joelle Abi-Nahed,HNTE,Invoice time spent at end of month,"5,000",Georgette Khanfour,Bikram Bhandari,,1-Dec-26,401856,ERCOT,,,,,
Generation Interconnection,Greenbelt,Max 4 Task 1: ERCOT SS & FIS Interconnection Application  (copy of west munday),Joelle Abi-Nahed,Joelle Abi-Nahed,Fixed,Can be Invoiced and Closed,"10,000",Georgette Khanfour,Bikram Bhandari,6/26/2025,30-Jun-25,401856,ERCOT,,,,placeholder GE,
Generation Interconnection,Greenbelt,Max 4 Task 2: ERCOT PSS/E Model Quality Test and Tuning (New or Update) ,Joelle Abi-Nahed,Joelle Abi-Nahed,Fixed,Can be Invoiced and Closed,"6,200",Georgette Khanfour,Bikram Bhandari,6/26/2025,30-Jun-25,401856,ERCOT,,,,,
Generation Interconnection,Greenbelt Renewable Energy LLC,Las Mujeres Solar T3 Aspen,Joelle Abi-Nahed,Joelle Abi-Nahed,Fixed,Can be Invoiced and Closed,"5,000",Shiva Amini,Behzad Jandaghi,7/11/2025,18-Jul-25,401665,ERCOT,,PV,,PE 4200,
Generation Interconnection,Greenbelt Renewable Energy LLC,Las Mujeres Solar T4 Support,Joelle Abi-Nahed,Joelle Abi-Nahed,HNTE,Invoice time spent at end of month,"10,000",Shiva Amini,Behzad Jandaghi,,1-Dec-26,401665,ERCOT,,PV,,,
Generation Interconnection,Greenbelt Renewable Energy LLC,Las Mujeres Solar T1 ERCOT FIS,Joelle Abi-Nahed,Joelle Abi-Nahed,Fixed,Can be Invoiced and Closed,"18,000",Shiva Amini,Behzad Jandaghi,6/16/2025,20-Jun-25,401665,ERCOT,,PV,,,
Generation Interconnection,Greenbelt Renewable Energy LLC,Las Mujeres Solar T2 MQT,Joelle Abi-Nahed,Joelle Abi-Nahed,Fixed,Can be Invoiced and Closed,"11,000",Shiva Amini,Behzad Jandaghi,6/27/2025,30-Jun-25,401665,ERCOT,,PV,,,
Generation Interconnection,"Greenbelt Renewable Energy, LLC",West Munday (previously lake creek) Task 1: Plant Aspen Model– If Required by TSP,Joelle Abi-Nahed,Joelle Abi-Nahed,Fixed,Can be Invoiced and Closed,"5,000",Shiva Amini,Behzad Jandaghi,1/17/2025,17-Jan-25,400155,ERCOT,,,,he sold it,
,,,,,,,,,,,,,,,,,longview-not submitted?,
Generation Interconnection,"Greenbelt Renewable Energy, LLC",West Munday (previously lake creek) TASK 7: ERCOT PSS/E MODEL QUALITY TEST PER NOGRR245,Joelle Abi-Nahed,Joelle Abi-Nahed,Fixed,Can be Invoiced and Closed,"13,000",Bikram Bhandari,Joelle Abi-Nahed,1/29/2025,31-Jan-25,400155,ERCOT,,,,,
Generation Interconnection,Greenbelt renewables - Las Mujeres Solar LLC,Las Mujeres Solar T5-FIS update,Joelle Abi-Nahed,Joelle Abi-Nahed,Fixed,Can be Invoiced and Closed,"14,000",Shiva Amini,Behzad Jandaghi,4/14/2026,28-Apr-26,401665,ERCOT,,solar,,,
Generation Interconnection,Greenbelt renewables - Las Mujeres Solar LLC,Las Mujeres Solar T6- MQT update,Joelle Abi-Nahed,Joelle Abi-Nahed,Fixed,Can be Invoiced and Closed,"10,000",Shiva Amini,Behzad Jandaghi,7/15/2026,23-Jul-26,401665,ERCOT,,solar,,,
Generation Interconnection,Greenbelt renewables - Las Mujeres Solar LLC,Las Mujeres Solar T7- Aspen,Joelle Abi-Nahed,Joelle Abi-Nahed,Fixed,Can be Invoiced and Closed,"5,000",Shiva Amini,Behzad Jandaghi,4/14/2026,28-Apr-26,401665,ERCOT,,solar,,,
Generation Interconnection,Greenbelt renewables - Las Mujeres Solar LLC,Las Mujeres Solar T4- general Support,Joelle Abi-Nahed,Joelle Abi-Nahed,HNTE,Invoice time spent at end of month,"10,000",Shiva Amini,Behzad Jandaghi,,1-Dec-26,401665,ERCOT,,solar,,,
Generation Interconnection,Greening Group,Sequoyah TASK 3: SPP DISIS INTERCONNECTION APPLICATION UPDATE –HYBRID,Joelle Abi-Nahed,Lea El Khoury,Fixed,Can be Invoiced and Closed,"10,000",Elias Chedid,Lea El Khoury,5/8/2026,11-May-26,400445,Other,,PV+BESS,,,
Generation Interconnection,GRID CONNECTED INFRASTRUCTURE LLC ,Orbit BESS T3 - T3 Project Interconnection Support,Joelle Abi-Nahed,Joelle Abi-Nahed,HNTE,Mark as Cancelled,"5,000",,,,1-Dec-26,,ERCOT,,BESS,,,
Generation Interconnection,GRID CONNECTED INFRASTRUCTURE LLC ,Wolf BESS T3 - T3 Project Interconnection Support,Joelle Abi-Nahed,Joelle Abi-Nahed,HNTE,Mark as Cancelled,"5,000",,,,1-Dec-26,,ERCOT,,BESS,,,
Generation Interconnection,Grupo Cobra,Blarney Solar T2- PSSE MQT,Joelle Abi-Nahed,Sonjoy Roy,Fixed,Can be Invoiced and Closed,"11,000",Yara Karam,Sonjoy Roy,4/15/2026,30-Apr-26,401455,ERCOT,,PV,,feb Qsa,
Generation Interconnection,Grupo Cobra,Blarney Solar T4- PSCAD Model,Joelle Abi-Nahed,Sonjoy Roy,Fixed,Can be Invoiced and Closed,"11,000",Yara Karam,Sonjoy Roy,4/15/2026,30-Apr-26,401455,ERCOT,,PV,,,
Generation Interconnection,Grupo Cobra,Blarney Solar T5- PSCAD MQT,Joelle Abi-Nahed,Sonjoy Roy,Fixed,Can be Invoiced and Closed,"14,000",Yara Karam,Sonjoy Roy,4/15/2026,30-Apr-26,401455,ERCOT,,PV,,,
Generation Interconnection,Grupo Cobra,Miranda General Interconenction Support,Joelle Abi-Nahed,Joelle Abi-Nahed,HNTE,Invoice time spent at end of month,"7,500",Joelle Abi-Nahed,,,1-Dec-26,,ERCOT,,PV,,follow up epc in november 2025 / May 2027 QSA,
Generation Interconnection,Grupo Cobra,Camino Santiago Solar  T1- ERCOT FIS & Model update,Joelle Abi-Nahed,Joelle Abi-Nahed,Fixed,Can be Invoiced and Closed,"18,000",Georgette Khanfour,Bikram Bhandari,1/15/2026,30-Jan-26,401459,ERCOT,,PV,Organic,Nov 2026 QSA - maybe Feb 2027 QSA,
Generation Interconnection,Grupo Cobra,Camino Santiago Solar T2- PSSE MQT,Joelle Abi-Nahed,Joelle Abi-Nahed,Fixed,Can be Invoiced and Closed,"11,000",Georgette Khanfour,Bikram Bhandari,3/27/2026,28-Apr-26,401459,ERCOT,,PV,Organic,,
Generation Interconnection,Grupo Cobra,Camino Santiago Solar T4- PSCAD Model,Joelle Abi-Nahed,Joelle Abi-Nahed,Fixed,Can be Invoiced and Closed,"11,000",Georgette Khanfour,Bikram Bhandari,3/28/2026,28-Apr-26,401459,ERCOT,,PV,Organic,,
Generation Interconnection,Grupo Cobra,Camino Santiago Solar T5- PSCAD MQT,Joelle Abi-Nahed,Joelle Abi-Nahed,Fixed,Can be Invoiced and Closed,"14,000",Georgette Khanfour,Bikram Bhandari,3/29/2026,28-Apr-26,401459,ERCOT,,PV,Organic,,
Generation Interconnection,Grupo Cobra,Camino Santiago Solar T6- PSSE & PSCAD benchamrking,Joelle Abi-Nahed,Joelle Abi-Nahed,Fixed,Can be Invoiced and Closed,"5,000",Georgette Khanfour,Bikram Bhandari,3/30/2026,28-Apr-26,401459,ERCOT,,PV,Organic,,
Generation Interconnection,Grupo Cobra,Camino Santiago Solar T7 - reactive study,Joelle Abi-Nahed,Joelle Abi-Nahed,Fixed,Can be Invoiced and Closed,"15,000",Jonathan Ruiz,Bikram Bhandari,3/15/2026,30-Mar-26,401459,ERCOT,,PV,Organic,,
Generation Interconnection,Grupo Cobra,Camino Santiago Solar T8- Planning Data,Joelle Abi-Nahed,Joelle Abi-Nahed,Fixed,In progress,"10,000",Georgette Khanfour,Bikram Bhandari,8/15/2026,20-Aug-26,401459,ERCOT,,PV,Organic,Nov 2026 qsa,
,,,,,,,,,,,,,,,,,,
,,,,,,,,,,,,,,,,,Confirmed Restudies Needed:,
,,,,,,,,,,,,,,,,,1) Stability,
,,,,,,,,,,,,,,,,,2) Steady State,
,,,,,,,,,,,,,,,,,3) Short-Circuit,
Generation Interconnection,Grupo Cobra,Camino Santiago Solar T9-General Interconnection Support,Joelle Abi-Nahed,Joelle Abi-Nahed,HNTE,Invoice time spent at end of month,"15,000",Georgette Khanfour,Bikram Bhandari,,1-Dec-26,401459,ERCOT,,PV,Organic,,
Generation Interconnection,Grupo Cobra,Blarney Solar T6- PSSE & PSCAD benchamrking,Joelle Abi-Nahed,Sonjoy Roy,Fixed,Can be Invoiced and Closed,"5,000",Yara Karam,Sonjoy Roy,4/15/2026,30-Apr-26,401455,ERCOT,,PV,,,
Generation Interconnection,Grupo Cobra,Blarney Solar T7 - reactive study,Joelle Abi-Nahed,Sonjoy Roy,Fixed,Can be Invoiced and Closed,"15,000",Ghida Hajj Hassan,Sonjoy Roy,3/15/2026,30-Mar-26,401455,ERCOT,,PV,,,
Generation Interconnection,Grupo Cobra,Barrett  T17 Full Registration,Joelle Abi-Nahed,Sonjoy Roy,Fixed,Can be Invoiced and Closed,"19,000",Georgette Khanfour,Bikram Bhandari,6/20/2025,27-Jun-25,202417,ERCOT,,PV,,"Based on the energization date of 12/5/2025, we will have to target 11/5 PLD. The deadline to secure the PLD is 7/1/2025",
,,,,,,,,,,,,,,,,,,
,,,,,,,,,,,,,,,,,new leading curl? POI data?,
,,,,,,,,,,,,,,,,,model approval -> final QSA checklist,
Generation Interconnection,Grupo Cobra,Blarney Solar  T1- ERCOT FIS & Model update,Joelle Abi-Nahed,Sonjoy Roy,Fixed,Can be Invoiced and Closed,"18,000",Mary Fadlallah,Sonjoy Roy,1/20/2026,30-Jan-26,401455,ERCOT,,PV,,November 2026 QSA,
,,,,,,,,,,,,,,,,,"For Blarney, I've spoken with ONCOR and confirmed that the entire FIS re-study will be required for this project. Most recently (Friday), I was informed that it can take anywhere between 6 and 9 months, but that they absolutely cannot give definitive timelines on this. Conservatively, we should plan for the higher end of this.",
Generation Interconnection,grupo cobra,Barret BESS T1- SS&FIS,Joelle Abi-Nahed,Joelle Abi-Nahed,Fixed,Mark as Cancelled,"14,400",,Bikram Bhandari,,11-Jun-26,404201,ERCOT,,BESS,,follow up early May,
Generation Interconnection,grupo cobra,Camino BESS T1- SS&FIS,Joelle Abi-Nahed,Joelle Abi-Nahed,Fixed,Mark as Cancelled,"18,000",,Bikram Bhandari,,11-Jun-26,404199,ERCOT,,BESS,,follow up early May,
Generation Interconnection,grupo cobra,Bynum BESS T1- SS&FIS,Joelle Abi-Nahed,Joelle Abi-Nahed,Fixed,Mark as Cancelled,"14,400",,Bikram Bhandari,,11-Jun-26,404202,ERCOT,,BESS,,follow up early May,
Generation Interconnection,grupo cobra,Blarney BESS T1- SS&FIS,Joelle Abi-Nahed,Joelle Abi-Nahed,Fixed,In progress,"14,400",Mary Fadlallah,Sonjoy Roy,,4-Dec-26,404200,ERCOT,,BESS,,August 27 QSA. follow up end of ausgut for design,
Generation Interconnection,grupo cobra,Miranda BESS T1- SS&FIS,Joelle Abi-Nahed,Joelle Abi-Nahed,Fixed,In progress,"14,400",Ghida Hajj Hassan,Sonjoy Roy,,5-Dec-26,404198,ERCOT,,BESS,,August 27 QSA,
Generation Interconnection,Grupo Cobra,Blarney Solar T8- Planning Data,Joelle Abi-Nahed,Sonjoy Roy,Fixed,In progress,"10,000",Ghida Hajj Hassan,Sonjoy Roy,8/25/2026,5-Sep-26,401455,ERCOT,,PV,,Nov 2026 QSA,
,,,,,,,,,,,,,,,,,The Stability (Dynamic) study is complete and has been submitted to ERCOT for review.,
,,,,,,,,,,,,,,,,,The Short Circuit Study is pending but will be completed before the QSA submission deadline in September.,
,,,,,,,,,,,,,,,,,steady state completed,
Generation Interconnection,Grupo Cobra,Blarney Solar T9-General Interconnection Support,Joelle Abi-Nahed,Sonjoy Roy,HNTE,Invoice time spent at end of month,"15,000",Sonjoy Roy,Joelle Abi-Nahed,,7-Dec-26,401455,ERCOT,,PV,,,
Generation Interconnection,"HANWHA RENEWABLES, LLC",Badger Solar T1- ERCOT FIS Material & Models Update ,Joelle Abi-Nahed,Lea El Khoury,Fixed,Can be Invoiced and Closed,"13,000",Elias Chedid,Lea El Khoury,7/10/2026,31-Jul-26,405203,ERCOT,,PV+BESS,,SLF+AGS,
,,,,,,,,,,,,,,,,,SMA solar/sma storage/ sma PPC,
Generation Interconnection,"HANWHA RENEWABLES, LLC",Badger Solar T2- ERCOT PSS/E Model Quality Test and  Tuning Update – Solar Only ,Joelle Abi-Nahed,Lea El Khoury,Fixed,In progress,"8,000",Perla Boulos,Lea El Khoury,9/18/2026,28-Sep-26,405203,ERCOT,,PV+BESS,,,
Generation Interconnection,"HANWHA RENEWABLES, LLC",Badger Solar T3-Project Interconnection Support ,Joelle Abi-Nahed,Lea El Khoury,HNTE,Invoice time spent at end of month,"10,000",Perla Boulos,Lea El Khoury,,1-Dec-26,405203,ERCOT,,PV+BESS,,,
Generation Interconnection,"HANWHA RENEWABLES, LLC",Badger Storage T1- ERCOT FIS Material & Models Update ,Joelle Abi-Nahed,Lea El Khoury,Fixed,Can be Invoiced and Closed,"16,000",Elias Chedid,Lea El Khoury,7/10/2026,31-Jul-26,405204,ERCOT,,PV+BESS,,,
Generation Interconnection,"HANWHA RENEWABLES, LLC",Badger Storage T2  - ERCOT PSS/E Model Quality Test and  Tuning Update – Storage Only ,Joelle Abi-Nahed,Lea El Khoury,Fixed,In progress,"13,500",Perla Boulos,Lea El Khoury,9/18/2026,28-Sep-26,405204,ERCOT,,PV+BESS,,,
Generation Interconnection,"HANWHA RENEWABLES, LLC",Badger Storage T3  - Combined ERCOT PSS/E Model Quality Test and  Tuning Update,Joelle Abi-Nahed,Lea El Khoury,Fixed,In progress,"11,000",Perla Boulos,Lea El Khoury,9/18/2026,28-Sep-26,405204,ERCOT,,PV+BESS,,,
Generation Interconnection,"HANWHA RENEWABLES, LLC",Sister Solar T2-PSCAD™ PLANT MODEL DEVELOPMENT,Joelle Abi-Nahed,Lea El Khoury,Fixed,In progress,"5,500",Moussa Sarkis,Perla Boulos,8/10/2026,17-Aug-26,404929,ERCOT,,Solar,,sungrow soalr SG4400/SMA solarSC4200/ulteig PPC,
,,,,,,,,,,,,,,,,,may 2027 qsa,
Generation Interconnection,"HANWHA RENEWABLES, LLC",Sister Solar T3-PSCAD™ MODEL QUALITY TEST –Standalone 200 MW Phase ,Joelle Abi-Nahed,Lea El Khoury,Fixed,In progress,"12,000",Moussa Sarkis,Perla Boulos,8/10/2026,17-Aug-26,404929,ERCOT,,Solar,,,
Generation Interconnection,"HANWHA RENEWABLES, LLC",Sister Solar T4-Combined PSCAD™ MODEL QUALITY TEST – 300 MW,Joelle Abi-Nahed,Lea El Khoury,Fixed,In progress,"6,000",Moussa Sarkis,Perla Boulos,8/10/2026,17-Aug-26,404929,ERCOT,,Solar,,,
Generation Interconnection,"HANWHA RENEWABLES, LLC",Sister Solar T5- ERCOT PSSE MODEL QUALITY TEST AND TUNING – Standalone 200 MW Phase,Joelle Abi-Nahed,Lea El Khoury,Fixed,In progress,"9,000",Moussa Sarkis,Perla Boulos,8/10/2026,17-Aug-26,404929,ERCOT,,Solar,,,
Generation Interconnection,"HANWHA RENEWABLES, LLC",Sister Solar T6- Combined ERCOT PSSE MODEL QUALITY TEST AND TUNING – 300 MW,Joelle Abi-Nahed,Lea El Khoury,Fixed,In progress,"4,500",Moussa Sarkis,Perla Boulos,8/10/2026,17-Aug-26,404929,ERCOT,,Solar,,,
Generation Interconnection,"HANWHA RENEWABLES, LLC",Sister Solar T7-PSSE AND PSCAD MODEL BENCHMARKING STUDY,Joelle Abi-Nahed,Lea El Khoury,Fixed,In progress,"2,500",Moussa Sarkis,Perla Boulos,8/10/2026,17-Aug-26,404929,ERCOT,,Solar,,,
Generation Interconnection,"HANWHA RENEWABLES, LLC",Sister Solar T8-REACTIVE POWER COMPENSATION STUDY – 200 MW,Joelle Abi-Nahed,Lea El Khoury,Fixed,Can be Invoiced and Closed,"13,000",Elias Chedid,Lea El Khoury,7/24/2026,31-Jul-26,404929,ERCOT,,Solar,,,
Generation Interconnection,"HANWHA RENEWABLES, LLC",Sister Solar T9-Combined REACTIVE POWER COMPENSATION STUDY – 300 MW,Joelle Abi-Nahed,Lea El Khoury,Fixed,Can be Invoiced and Closed,"7,000",Elias Chedid,Lea El Khoury,7/24/2026,31-Jul-26,404929,ERCOT,,Solar,,,
Generation Interconnection,"HANWHA RENEWABLES, LLC",Sister Solar T10-PLANNING MODEL DATA & QSA REQUIREMENTS SUPPORT,Joelle Abi-Nahed,Lea El Khoury,Fixed,Hold (other reason),"8,000",,Lea El Khoury,,9-Dec-26,404929,ERCOT,,Solar,,,
Generation Interconnection,"HANWHA RENEWABLES, LLC",Sister Solar T11-GENERAL INTERCONNECTION SUPPORT,Joelle Abi-Nahed,Lea El Khoury,HNTE,Invoice time spent at end of month,"10,000",,Lea El Khoury,,10-Dec-26,404929,ERCOT,,Solar,,,
Generation Interconnection,"HANWHA RENEWABLES, LLC",Sister Solar T1 - ERCOT FIS MATERIAL & MODELSUPDATE & INR SPLIT,Joelle Abi-Nahed,Lea El Khoury,Fixed,Can be Invoiced and Closed,"11,500",Elias Chedid,Marise El Nacouzi,6/10/2026,12-Jun-26,404929,ERCOT,,Solar,,one tie-line owned by 2 owners on 2 diff cods / shared facility agrrement,
Generation Interconnection,"HANWHA RENEWABLES, LLC",Sister Solar II T2-PSCAD™ PLANT MODEL DEVELOPMENT,Joelle Abi-Nahed,Lea El Khoury,Fixed,In progress,"5,500",Moussa Sarkis,Perla Boulos,8/10/2026,17-Aug-26,404931,ERCOT,,Solar,,may 2027 qsa,
Generation Interconnection,"HANWHA RENEWABLES, LLC",Sister Solar II T3-PSCAD™ MODEL QUALITY TEST –Standalone 200 MW Phase ,Joelle Abi-Nahed,Lea El Khoury,Fixed,In progress,"12,000",Moussa Sarkis,Perla Boulos,8/10/2026,17-Aug-26,404931,ERCOT,,Solar,,,
Generation Interconnection,"HANWHA RENEWABLES, LLC",Sister Solar II T4-Combined PSCAD™ MODEL QUALITY TEST – 300 MW,Joelle Abi-Nahed,Lea El Khoury,Fixed,In progress,"6,000",Moussa Sarkis,Perla Boulos,8/10/2026,17-Aug-26,404931,ERCOT,,Solar,,,
Generation Interconnection,"HANWHA RENEWABLES, LLC",Sister Solar II T5- ERCOT PSSE MODEL QUALITY TEST AND TUNING – Standalone 200 MW Phase,Joelle Abi-Nahed,Lea El Khoury,Fixed,In progress,"9,000",Moussa Sarkis,Perla Boulos,8/10/2026,17-Aug-26,404931,ERCOT,,Solar,,,
Generation Interconnection,"HANWHA RENEWABLES, LLC",Sister Solar II T6- Combined ERCOT PSSE MODEL QUALITY TEST AND TUNING – 300 MW,Joelle Abi-Nahed,Lea El Khoury,Fixed,In progress,"4,500",Moussa Sarkis,Perla Boulos,8/10/2026,17-Aug-26,404931,ERCOT,,Solar,,,
Generation Interconnection,"HANWHA RENEWABLES, LLC",Sister Solar II T7-PSSE AND PSCAD MODEL BENCHMARKING STUDY,Joelle Abi-Nahed,Lea El Khoury,Fixed,In progress,"2,500",Moussa Sarkis,Perla Boulos,8/10/2026,17-Aug-26,404931,ERCOT,,Solar,,,
Generation Interconnection,"HANWHA RENEWABLES, LLC",Sister Solar  II T8-REACTIVE POWER COMPENSATION STUDY – 200 MW,Joelle Abi-Nahed,Lea El Khoury,Fixed,Can be Invoiced and Closed,"13,000",Elias Chedid,Lea El Khoury,7/24/2026,31-Jul-26,404931,ERCOT,,Solar,,,
Generation Interconnection,"HANWHA RENEWABLES, LLC",Sister Solar II T9-Combined REACTIVE POWER COMPENSATION STUDY – 300 MW,Joelle Abi-Nahed,Lea El Khoury,Fixed,Can be Invoiced and Closed,"7,000",Elias Chedid,Lea El Khoury,7/24/2026,31-Jul-26,404931,ERCOT,,Solar,,,
Generation Interconnection,"HANWHA RENEWABLES, LLC",Sister Solar II T10-PLANNING MODEL DATA & QSA REQUIREMENTS SUPPORT,Joelle Abi-Nahed,Lea El Khoury,Fixed,Hold (other reason),"8,000",,Lea El Khoury,,9-Dec-26,404931,ERCOT,,Solar,,,
Generation Interconnection,"HANWHA RENEWABLES, LLC",Sister Solar II T11-GENERAL INTERCONNECTION SUPPORT,Joelle Abi-Nahed,Lea El Khoury,HNTE,Invoice time spent at end of month,"10,000",,Lea El Khoury,,10-Dec-26,404931,ERCOT,,Solar,,,
Generation Interconnection,"HANWHA RENEWABLES, LLC",Sister Solar II T1 - ERCOT FIS MATERIAL & MODELSUPDATE & INR SPLIT,Joelle Abi-Nahed,Lea El Khoury,Fixed,Can be Invoiced and Closed,"11,500",Elias Chedid,Marise El Nacouzi,6/10/2026,12-Jun-26,404931,ERCOT,,Solar,,,
Generation Interconnection,Headwater Energy LLC,Orca Project T1- General Interconnection Support - Load,Joelle Abi-Nahed,Lea El Khoury,HNTE,Invoice time spent at end of month,"10,000",Mary Fadlallah,Sonjoy Roy,,1-Dec-26,403653,ERCOT,,Load,Organic,,
Generation Interconnection,Headwater Energy LLC,Orca Falls-- T2 FIS,Joelle Abi-Nahed,Lea El Khoury,Fixed,Can be Invoiced and Closed,"32,000",Moussa Sarkis,Perla Boulos,2/15/2026,28-Feb-26,404121,ERCOT,,solar+BESS SLF,Organic,IA MW increase is 0.85 MW,
,,,,,,,,,,,,,,,,,MVA:143.6 / new MVA: 180.6 MVA,
,,,,,,,,,,,,,,,,,what is oncor timeline? what is client decision on AGS?,
Generation Interconnection,Headwater Energy LLC,Orca Falls-- T3 PSSE MQT,Joelle Abi-Nahed,Lea El Khoury,Fixed,Can be Invoiced - leave open,"35,000",Moussa Sarkis,Lea El Khoury,4/20/2026,29-May-26,404121,ERCOT,,solar+BESS SLF,Organic,nov 2026 qsa,
Generation Interconnection,Headwater Energy LLC,Orca Falls-- T4 PSCAD model development,Joelle Abi-Nahed,Lea El Khoury,Fixed,Can be Invoiced - leave open,"22,000",Moussa Sarkis,Lea El Khoury,4/20/2026,29-May-26,404121,ERCOT,,solar+BESS SLF,Organic,,
Generation Interconnection,Headwater Energy LLC,Orca Falls-- T5 PSCAD MQT,Joelle Abi-Nahed,Lea El Khoury,Fixed,Can be Invoiced - leave open,"47,000",Moussa Sarkis,Lea El Khoury,4/20/2026,29-May-26,404121,ERCOT,,solar+BESS SLF,Organic,,
Generation Interconnection,Headwater Energy LLC,Orca Falls-- T7 reactive study,Joelle Abi-Nahed,Lea El Khoury,Fixed,Can be Invoiced and Closed,"35,000",Elias Chedid,Lea El Khoury,4/24/2026,30-Apr-26,404121,ERCOT,,solar+BESS SLF,Organic,,
Generation Interconnection,Headwater Energy LLC,Orca Falls-- T8 Planning Model Data & QSA support,Joelle Abi-Nahed,Lea El Khoury,Fixed,In progress,"20,000",Moussa Sarkis,Lea El Khoury,8/5/2026,20-Aug-26,404121,ERCOT,,solar+BESS SLF,Organic,,
Generation Interconnection,Headwater Energy LLC,Orca Falls-1 - T1 General Interconnection Support,Joelle Abi-Nahed,Sonjoy Roy,HNTE,Invoice time spent at end of month,"10,000",,Sonjoy Roy,,30-Dec-26,404121 ,ERCOT,,Solar + BESS,Organic,Submitted EPS Design Inputs for ONCOR,
Generation Interconnection,Headwater Energy LLC,Orca Projct T2-PSSE Steady State & Dynamic Model - Load,Joelle Abi-Nahed,Sonjoy Roy,Fixed,Can be Invoiced - leave open,"21,000",Mary Fadlallah,Sonjoy Roy,12/5/2025,23-Dec-25,403653,ERCOT,,Load,Organic,solar+storage+load (share MPT ) / MPT and line from FIS,
Generation Interconnection,Headwater Energy LLC,Orca Falls-- T6 PSSE & PSCAD benchmarking,Joelle Abi-Nahed,Lea El Khoury,Fixed,Can be Invoiced - leave open,"6,000",Moussa Sarkis,Lea El Khoury,4/20/2026,29-May-26,404121,ERCOT,,solar+BESS SLF,Organic,,
Generation Interconnection,"Headwater Energy, LLC",Longbow Storage TASK 3: ERCOT PSS/E MODEL QUALITY TEST AND TUNING (BESS),Joelle Abi-Nahed,Sonjoy Roy,Fixed,In progress,"13,500",Yara Karam,Sonjoy Roy,9/5/2026,14-Sep-26,403085,ERCOT,,BESS,,assuming 6 months for restudies and 32 week lead for inverters / ISD in Q3 2027 so QSA of feb 2027,
,,,,,,,,,,,,,,,,,sungrow solar / tesla storage/ separate PPCs ,
Generation Interconnection,"Headwater Energy, LLC",Longbow Storage TASK 4: PSCAD™ PLANT MODEL DEVELOPMENT (BESS),Joelle Abi-Nahed,Sonjoy Roy,Fixed,In progress,"11,000",Yara Karam,Sonjoy Roy,9/5/2026,14-Sep-26,403085,ERCOT,,BESS,,,
Generation Interconnection,"Headwater Energy, LLC",Longbow Storage TASK 5: PSCAD™ MODEL QUALITY TEST (BESS),Joelle Abi-Nahed,Sonjoy Roy,Fixed,In progress,"16,000",Yara Karam,Sonjoy Roy,9/5/2026,14-Sep-26,403085,ERCOT,,BESS,,,
Generation Interconnection,"Headwater Energy, LLC",Longbow Storage TASK 6: PSS®E AND PSCADTM MODEL BENCHMARKING STUDY (BESS),Joelle Abi-Nahed,Sonjoy Roy,Fixed,In progress,"6,000",Yara Karam,Sonjoy Roy,9/5/2026,14-Sep-26,403085,ERCOT,,BESS,,,
Generation Interconnection,"Headwater Energy, LLC",Longbow Storage TASK 7: ERCOT PSS/E MODEL QUALITY TEST AND TUNING COMBINED (PV+BESS) – IF REQUIRED,Joelle Abi-Nahed,Sonjoy Roy,Fixed,In progress,"12,000",Yara Karam,Sonjoy Roy,9/5/2026,14-Sep-26,403085,ERCOT,,BESS,,,
Generation Interconnection,"Headwater Energy, LLC",Longbow Storage TASK 8: COMBINED PSCAD™ PLANT MODEL DEVELOPMENT (PV+BESS) – IF REQUIRED,Joelle Abi-Nahed,Sonjoy Roy,Fixed,In progress,"10,000",Yara Karam,Sonjoy Roy,9/5/2026,14-Sep-26,403085,ERCOT,,BESS,,,
Generation Interconnection,"Headwater Energy, LLC",Longbow Storage TASK 9: COMBINED PSCAD™ MODEL QUALITY TEST (PV+BESS) – IF REQUIRED,Joelle Abi-Nahed,Sonjoy Roy,Fixed,In progress,"15,000",Yara Karam,Sonjoy Roy,9/5/2026,14-Sep-26,403085,ERCOT,,BESS,,,
Generation Interconnection,"Headwater Energy, LLC",Longbow Storage TASK 10: COMBINED PSS®E AND PSCADTM MODEL BENCHMARKING STUDY (PV+BESS) – IF REQUIRED,Joelle Abi-Nahed,Sonjoy Roy,Fixed,In progress,"5,000",Yara Karam,Sonjoy Roy,9/5/2026,14-Sep-26,403085,ERCOT,,BESS,,,
Generation Interconnection,"Headwater Energy, LLC",Longbow Storage TASK 15: GENERAL INTERCONNECTION SUPPORT ,Joelle Abi-Nahed,Joelle Abi-Nahed,HNTE,Invoice time spent at end of month,"10,000",Sonjoy Roy,Joelle Abi-Nahed,,,403085,ERCOT,,BESS,,,
Generation Interconnection,"Headwater Energy, LLC",TBC Small G1 - TASK 1: ADDITIONAL TECHNICAL SUPPORT & MEETINGS ,Joelle Abi-Nahed,Joelle Abi-Nahed,HNTE,In progress,"5,000",Bikram Bhandari,Joelle Abi-Nahed,,1-Dec-26,403163,ERCOT,,Solar+BESS,,,
Generation Interconnection,"Headwater Energy, LLC",Longbow Storage TASK 11: REACTIVE POWER COMPENSATION STUDY - BESS,Joelle Abi-Nahed,Sonjoy Roy,Fixed,In progress,"13,500",Ghida Hajj Hassan,Sonjoy Roy,9/5/2026,14-Sep-26,403085,ERCOT,,BESS,,longbow exisitng solar + longow new storage at 34.5 (not longbow storage other cleint),
Generation Interconnection,"Headwater Energy, LLC",Longbow Storage TASK 12: COMBINED REACTIVE POWER COMPENSATION STUDY (PV+BESS) – IF REQURIED,Joelle Abi-Nahed,Sonjoy Roy,Fixed,In progress,"13,500",Ghida Hajj Hassan,Sonjoy Roy,9/5/2026,14-Sep-26,403085,ERCOT,,BESS,,longbow exisitng solar + longow new storage at 34.5 (not longbow storage other cleint),
Generation Interconnection,"Headwater Energy, LLC",Longbow Storage TASK 2: ERCOT SS & FIS INTERCONNECTION APPLICATION,Joelle Abi-Nahed,Sonjoy Roy,Fixed,Can be Invoiced and Closed,"18,000",Ghida Hajj Hassan,Sonjoy Roy,2/15/2026,27-Feb-26,403085,ERCOT,,BESS,,Bodkins Storage??? - grid forming inverter,
,,,,,,,,,,,,,,,,,SLF,
,,,,,,,,,,,,,,,,,separate PPC -solar/storage) no main ppc?,
,,,,,,,,,,,,,,,,,use solar as built model,
Generation Interconnection,"Headwater Energy, LLC",Longbow Storage TASK 13: PLANNING MODEL DATA & QSA REQUIREMENTS SUPPORT,Joelle Abi-Nahed,Sonjoy Roy,Fixed,Hold (other reason),"10,000",Yara Karam,Sonjoy Roy,,,403085,ERCOT,,BESS,,,
Generation Interconnection,"Headwater Energy, LLC",Longbow Storage TASK 14: FULL REGISTRATION DATA SUBMISSION & PRODUCTION LOAD DATE SUPPORT,Joelle Abi-Nahed,Sonjoy Roy,Fixed,Hold (other reason),"17,000",Yara Karam,Sonjoy Roy,,1-Dec-26,403085,ERCOT,,BESS,,,
Generation Interconnection,"Headwater Energy, LLC",Longbow storage TASK 16: ERCOT FIS MATERIAL & MODELS UPDATE,Joelle Abi-Nahed,Sonjoy Roy,Fixed,Can be Invoiced and Closed,"12,000",Ghida Hajj Hassan,Sonjoy Roy,7/6/2026,15-Jul-26,403085,ERCOT,,bess,,,
Generation Interconnection,"Headwater Energy, LLC",Longbow storage TASK 17: TSAT PLANT MODEL DEVELOPMENT,Joelle Abi-Nahed,Sonjoy Roy,Fixed,In progress,"10,000",,Sonjoy Roy,9/5/2026,14-Sep-26,403085,ERCOT,,bess,,,
Generation Interconnection,"Headwater Energy, LLC",Longbow storage TASK 18: TSAT MODEL QUALITY TEST (BESS),Joelle Abi-Nahed,Sonjoy Roy,Fixed,In progress,"16,000",,Sonjoy Roy,9/5/2026,14-Sep-26,403085,ERCOT,,bess,,,
Generation Interconnection,"Headwater Energy, LLC",Longbow storage TASK 19: TSAT PLANT MODEL DEVELOPMENT (PV+BESS) – IF  REQUIRED,Joelle Abi-Nahed,Sonjoy Roy,Fixed,In progress,"10,000",,Sonjoy Roy,9/5/2026,14-Sep-26,403085,ERCOT,,bess,,,
Generation Interconnection,"Headwater Energy, LLC",Longbow storage TASK 20: TSAT MODEL QUALITY TEST (PV+BESS) – IF REQUIRED,Joelle Abi-Nahed,Sonjoy Roy,Fixed,In progress,"27,000",,Sonjoy Roy,9/5/2026,14-Sep-26,403085,ERCOT,,bess,,,
Generation Interconnection,"Headwater Energy, LLC,",Longbow storage 2 TASK 7: ERCOT PSS/E MODEL QUALITY TEST AND TUNING COMBINED (PV+BESS) – IF REQUIRED,Joelle Abi-Nahed,Sonjoy Roy,Fixed,Mark as Cancelled,"12,000",,Sonjoy Roy,,4-May-26,405451,ERCOT,,BESS,,,
Generation Interconnection,"Headwater Energy, LLC,",Longbow storage 2 TASK 1: ERCOT SS & FIS INTERCONNECTION APPLICATION,Joelle Abi-Nahed,Sonjoy Roy,Fixed,In progress,"16,000",Ghida Hajj Hassan,Sonjoy Roy,,1-Dec-26,405451,ERCOT,,BESS,,,
Generation Interconnection,"Headwater Energy, LLC,",Longbow storage 2 TASK 2: ERCOT PSS/E MODEL QUALITY TEST AND TUNING ,Joelle Abi-Nahed,Sonjoy Roy,Fixed,Hold (other reason),"13,500",,Sonjoy Roy,,1-Dec-26,405451,ERCOT,,BESS,,,
Generation Interconnection,"Headwater Energy, LLC,",Longbow storage 2 TASK 3: PSCAD™ PLANT MODEL DEVELOPMENT,Joelle Abi-Nahed,Sonjoy Roy,Fixed,Hold (other reason),"11,000",,Sonjoy Roy,,2-Dec-26,405451,ERCOT,,BESS,,,
Generation Interconnection,"Headwater Energy, LLC,",Longbow storage 2 TASK 4: PSCAD™ MODEL QUALITY TEST ,Joelle Abi-Nahed,Sonjoy Roy,Fixed,Hold (other reason),"16,000",,Sonjoy Roy,,3-Dec-26,405451,ERCOT,,BESS,,,
Generation Interconnection,"Headwater Energy, LLC,",Longbow storage 2 -TASK 5: TSAT PLANT MODEL DEVELOPMENT,Joelle Abi-Nahed,Sonjoy Roy,Fixed,Hold (other reason),"10,000",,Sonjoy Roy,,4-Dec-26,405451,ERCOT,,BESS,,,
Generation Interconnection,"Headwater Energy, LLC,",Longbow storage 2 TASK 6: TSAT MODEL QUALITY TEST,Joelle Abi-Nahed,Sonjoy Roy,Fixed,Hold (other reason),"12,000",,Sonjoy Roy,,5-Dec-26,405451,ERCOT,,BESS,,,
Generation Interconnection,"Headwater Energy, LLC,",Longbow storage 2 TASK 7: PSS®E AND PSCADTM AND TSAT MODEL BENCHMARKING STUDY,Joelle Abi-Nahed,Sonjoy Roy,Fixed,Hold (other reason),"6,000",,Sonjoy Roy,,6-Dec-26,405451,ERCOT,,BESS,,,
Generation Interconnection,"Headwater Energy, LLC,",Longbow storage 2 TASK 8: REACTIVE POWER COMPENSATION STUDY - BESS,Joelle Abi-Nahed,Sonjoy Roy,Fixed,Hold (other reason),"13,500",,Sonjoy Roy,,8-Dec-26,405451,ERCOT,,BESS,,,
Generation Interconnection,"Headwater Energy, LLC,",Longbow storage 2 TASK 9: PLANNING MODEL DATA & QSA REQUIREMENTS SUPPORT,Joelle Abi-Nahed,Sonjoy Roy,Fixed,Hold (other reason),"10,000",,Sonjoy Roy,,9-Dec-26,405451,ERCOT,,BESS,,,
Generation Interconnection,"Headwater Energy, LLC,",Longbow storage 2 TASK 10: GENERAL INTERCONNECTION SUPPORT,Joelle Abi-Nahed,Sonjoy Roy,HNTE,Invoice time spent at end of month,"10,000",,Sonjoy Roy,,10-Dec-26,405451,ERCOT,,BESS,,,
Generation Interconnection,HIF,HIF matagorda load model T2- Load PSSE & Dynamic model,Joelle Abi-Nahed,Sonjoy Roy,Fixed,Can be Invoiced - leave open,"21,000",Sonjoy Roy,Joelle Abi-Nahed,,1-May-26,405424,ERCOT,,Load,,,
Generation Interconnection,HIF,HIF matagorda load model TASK 3: PSS®E STEADY STATE &,Joelle Abi-Nahed,Sonjoy Roy,Fixed,Can be Invoiced and Closed,"7,000",Sonjoy Roy,Joelle Abi-Nahed,,18-May-26,405424,ERCOT,,Load,,,
,,DYNAMIC MODEL UPDATE - LOAD,,,,,,,,,,,,,,,,
Generation Interconnection,HIF,HIF matagorda load model T1- Support,Joelle Abi-Nahed,Sonjoy Roy,HNTE,Invoice time spent at end of month,"15,000",Sonjoy Roy,Joelle Abi-Nahed,,1-Dec-26,405424,ERCOT,,Load,,,
Generation Interconnection,Hut 8,Tom Cruise Load T3 - Reactive Power Study,Joelle Abi-Nahed,Lea El Khoury,Fixed,Can be Invoiced - leave open,"12,500",Perla Boulos,Lea El Khoury,,30-Jan-26,403378,ERCOT,,DC Load,Organic,Double check ERCOT requirements/report template,
Generation Interconnection,"Huwa Enterprises, LLC",T3 LOAD GENERAL INTERCONNECTION SUPPORT,Joelle Abi-Nahed,Joelle Abi-Nahed,HNTE,Invoice time spent at end of month,"10,000",,Joelle Abi-Nahed,,1-Dec-26,406148,ERCOT,,load,,load batch 1,
Generation Interconnection,Industrial Sun LLC ,Huck Solar T3 - T3 PLANT ASPEN MODEL – IF REQUIRED BY TSP,Joelle Abi-Nahed,Joelle Abi-Nahed,Fixed,Can be Invoiced and Closed,"3,000",Lena Barakat,Bikram Bhandari,12-Jun,30-Jun-24,,ERCOT,,Solar,,reactive runs,
Generation Interconnection,Industrial Sun LLC ,Huck Solar T4 - T4 FIS SCOPING MEETING & ASSISTANCE IN NEGOTIATION,Joelle Abi-Nahed,Joelle Abi-Nahed,Fixed,Can be Invoiced and Closed,"3,000",Lena Barakat,Bikram Bhandari,,8-Jul-24,,ERCOT,,Solar,,follow up in July,
Generation Interconnection,Industrial Sun LLC ,papa (valhalla) Solar T10 - T10  PRELIMINARY REACTIVE POWER COMPENSATION STUDY,Joelle Abi-Nahed,Joelle Abi-Nahed,Fixed,Can be Invoiced and Closed,"23,000",Bikram Bhandari,Joelle Abi Nahed,16-Aug,23-Aug-24,,ERCOT,,Solar,,cancelled by client,
Generation Interconnection,Industrial Sun LLC ,Huck Solar T2 - T2 ERCOT PSS/E MODEL QUALITY TEST AND VRT TUNING,Joelle Abi-Nahed,Joelle Abi-Nahed,Fixed,Can be Invoiced and Closed,"10,000",Lena Barakat,Bikram Bhandari,30-Oct,31-Oct-24,,ERCOT,,Solar,,sueggest configuration with number of PPC to the client,
Generation Interconnection,Industrial Sun LLC , Huck Solar T5 - T5 GENERAL INTERCONNECTION SUPPORT,Joelle Abi-Nahed,Joelle Abi-Nahed,HNTE,Invoice time spent at end of month,"5,000",Lena Barakat,Bikram Bhandari,,1-Dec-26,,ERCOT,,Solar,,,
Generation Interconnection,Industrial Sun LLC , Huck Solar TASK 6: GENERAL INTERCONNECTION,Joelle Abi-Nahed,Joelle Abi-Nahed,HNTE,Invoice time spent at end of month,"8,000",Lena Barakat,Bikram Bhandari,,1-Dec-26,202781 T16,ERCOT,,Solar,,follow up on bluefox,
,,SUPPORT EXPANSION,,,,,,,,,,,,,,,,
Generation Interconnection,Industrial Sun LLC ,Industrial Sun T1 - T1 GENERAL SUPPORT,Joelle Abi-Nahed,Joelle Abi-Nahed,Fixed,Invoice time spent at end of month,"5,000",,,,1-Dec-26,,ERCOT,,Solar,,,
Generation Interconnection,"Industrial Sun LLC,",Bluefox Solar Task 1: ERCOT FIS Material & Models Update,Joelle Abi-Nahed,Lea El Khoury,Fixed,Can be Invoiced and Closed,"4,851",Elias Chedid,Lea El Khoury,,22-May-26,404294,ERCOT,,PV,,,
Generation Interconnection,"Industrial Sun LLC,",Bluefox Solar Task 2: ERCOT PSS/E Model Quality Test and Tuning,Joelle Abi-Nahed,Lea El Khoury,Fixed,Mark as Cancelled,"33,000",Elias Chedid,Lea El Khoury,,22-May-26,404294,ERCOT,,PV,,,
Generation Interconnection,"Industrial Sun LLC,",Bluefox Solar Task 3: Plant Aspen Model ,Joelle Abi-Nahed,Lea El Khoury,Fixed,Mark as Cancelled,"10,000",Elias Chedid,Lea El Khoury,,22-May-26,404294,ERCOT,,PV,,,
Generation Interconnection,"Industrial Sun LLC,",Bluefox Solar Task 4: General Interconnection Support,Joelle Abi-Nahed,Lea El Khoury,HNTE,Mark as Cancelled,"10,000",Lea El Khoury,Lea El Khoury,,1-Dec-26,404294,ERCOT,,PV,,,
Generation Interconnection,"Innovative Solar 245, LLC",Indigo Phase I TASK 1: ERCOT PSS/E MODEL QUALITY TEST AND TUNING,Joelle Abi-Nahed,Sonjoy Roy,Fixed,Can be Invoiced - leave open,"33,000",Sonjoy Roy,Joelle Abi-Nahed,11/10/2025,25-Nov-25,401977,ERCOT,,Hybrid PV + BESS,,feb qsa,
,,,,,,,,,,,,,,,,,model approved? stability study started?,
,,,,,,,,,,,,,,,,,model matches PSCAD?,
,,,,,,,,,,,,,,,,,IA bess should be tendered in dec 2025 (before april 2026 for AGS req). was it?,
Generation Interconnection,"Innovative Solar 245, LLC",Indigo Phase I  TASK 4: PLANNING MODEL DATA & QSA REQUIREMENTS SUPPORT,Joelle Abi-Nahed,Sonjoy Roy,Fixed,In progress,"20,000",Yara Karam,Sonjoy Roy,9/10/2026,15-Sep-26,401977,ERCOT,,Hybrid PV + BESS,,,
Generation Interconnection,"Innovative Solar 245, LLC",Indigo Phase I TASK 2: PSCAD™ MODEL QUALITY TEST,Joelle Abi-Nahed,Sonjoy Roy,Fixed,Can be Invoiced and Closed,"42,000",Sonjoy Roy,Joelle Abi-Nahed,5/6/2026,26-May-26,401977,ERCOT,,Hybrid PV + BESS,,battery only - nov qsa,
Generation Interconnection,"Innovative Solar 245, LLC",Indigo Phase I  TASK 3: PSS®E AND PSCADTM MODEL BENCHMARKING STUDY,Joelle Abi-Nahed,Sonjoy Roy,Fixed,Can be Invoiced and Closed,"6,000",Sonjoy Roy,Joelle Abi-Nahed,5/6/2026,26-May-26,401977,ERCOT,,Hybrid PV + BESS,,battery only - nov qsa,
Generation Interconnection,"Innovative Solar 245, LLC",Indigo Phase I  TASK 6 : ERCOT PSS/E MODEL QUALITY TEST UPDATE (2 MPT Design) ,Joelle Abi-Nahed,Sonjoy Roy,Fixed,In progress,"15,500",Sonjoy Roy,Joelle Abi-Nahed,8/27/2026,31-Aug-26,401977,ERCOT,,Hybrid PV + BESS,,,
Generation Interconnection,"Innovative Solar 245, LLC",Indigo Phase I  TASK 7: ERCOT PSCAD MODEL QUALITY TEST UPDATE (2 MPT DESIGN) ,Joelle Abi-Nahed,Sonjoy Roy,Fixed,In progress,"18,500",Sonjoy Roy,Joelle Abi-Nahed,8/28/2026,31-Aug-26,401977,ERCOT,,Hybrid PV + BESS,,,
Generation Interconnection,"Innovative Solar 245, LLC",Indigo Phase I  TASK 8: PSS®E AND PSCADTM MODEL BENCHMARKING STUDY ,Joelle Abi-Nahed,Sonjoy Roy,Fixed,In progress,"7,000",Sonjoy Roy,Joelle Abi-Nahed,8/29/2026,31-Aug-26,401977,ERCOT,,Hybrid PV + BESS,,,
Generation Interconnection,Komipo,Lucy Solar T45 Post QSA General Interconnection Support ,Joelle Abi-Nahed,Lea El Khoury,HNTE,Invoice time spent at end of month,,,Lea El Khoury,,1-Dec-26,405671,ERCOT,,PV,,,
Generation Interconnection,Komipo,Lucy Solar T46 Full Registration Data Submission & Production Load Date Support ,Joelle Abi-Nahed,Lea El Khoury,Fixed,In progress,"19,000",,Lea El Khoury,10-Sep,30-Sep-26,405671,ERCOT,,PV,,10/1 deadline for 2/3/2027 pld,
Generation Interconnection,Komipo,Lucy Solar T47 IFC Inverter and Control Parameter Settings,Joelle Abi-Nahed,Lea El Khoury,Fixed,Hold (other reason),"30,000",,Lea El Khoury,,30-Dec-26,405671,ERCOT,,PV,,,
Generation Interconnection,Kroenke Ranches,Waggoner Ranch TASK 1: FULL TRANSMISSION ANALYSIS - WITHDRAWAL ,Joelle Abi-Nahed,Joelle Abi-Nahed,Fixed,Can be Invoiced and Closed,"4,800",Siddhesh Thorat,Behzad Jandaghi,,27-Apr-26,403819,ERCOT,,Load,,follow up end of feb,
Generation Interconnection,Kroenke Ranches,Waggoner Ranch T3-Load Support & PSSE Model Development,Joelle Abi-Nahed,Joelle Abi-Nahed,Fixed,Mark as Cancelled,"10,000",Shiva Amini,Behzad Jandaghi,,27-Apr-26,403819,ERCOT,,Load,,,
Generation Interconnection,Kroenke Ranches,Waggoner Ranch T4- Dynamic Load Model,Joelle Abi-Nahed,Joelle Abi-Nahed,Fixed,Mark as Cancelled,"13,000",Shiva Amini,Behzad Jandaghi,,27-Apr-26,403819,ERCOT,,Load,,,
Generation Interconnection,Kroenke Ranches,Waggoner Ranch T5 - Interconnection Support & meeting,Joelle Abi-Nahed,Joelle Abi-Nahed,HNTE,Mark as Cancelled,"5,000",Shiva Amini,Behzad Jandaghi,,27-Apr-26,403819,ERCOT,,Load,,,
Generation Interconnection,"Leeward Renewable Energy Development, LLC",Cradle Solar TASK 8: GENERAL INTERCONNECTION SUPPORT,Joelle Abi-Nahed,Joelle Abi-Nahed,HNTE,In progress,"5,000",Sonjoy Roy,Joelle Abi-Nahed,,1-Dec-26,,ERCOT,,,,new dates? inverter terminal voltage?,
Generation Interconnection,"Leeward Renewable Energy Development, LLC",Cradle TASK 7: FULL REGISTRATION DATA & ERCOT,Joelle Abi-Nahed,Sonjoy Roy,Fixed,Mark as Cancelled,"18,000",Yara Karam,Sonjoy Roy,,14-Jul-26,202277,ERCOT,,PV,,The construction schedule is continuing to slide due to a permitting issue,
,,REGISTRATION SUPPORT,,,,,,,,,,,,,,,synch is may 2027 (nov 2026 qsa?) and cod is 9/2027,
Generation Interconnection,"Leeward Renewable Energy Development, LLC, ",Morrow lake Task 9: IFC PSCAD and PSSE Plant Model Preparation and Model Quality Tests,Joelle Abi-Nahed,Joelle Abi-Nahed,Fixed,Mark as Cancelled,"45,000",Bikram Bhandari,Joelle Abi Nahed,,1-May-25,,ERCOT,,PV,,led by John's NERC Team- Mathias,
Generation Interconnection,"Leeward Renewable Energy Development, LLC, ",Cradle Solar project T1 - T1 ERCOT FIS DATA & PLANT MODELS UPDATE,Joelle Abi-Nahed,Joelle Abi-Nahed,Fixed,Can be Invoiced and Closed,"18,000",Yara Karam,Behzad Jandaghi,14-Jun,21-Jun-24,,ERCOT,,solar,,check reactive under support task,
Generation Interconnection,"Leeward Renewable Energy Development, LLC, ",Morrow lake TASK 17: REACTIVE AND DYNAMIC,Joelle Abi-Nahed,Joelle Abi-Nahed,Fixed,Can be Invoiced - leave open,"8,000",Bikram Bhandari,Joelle Abi Nahed,18-Oct,23-Oct-24,,ERCOT,,PV,,,
,,SENSITIVITY,,,,,,,,,,,,,,,,
Generation Interconnection,"Leeward Renewable Energy Development, LLC, ",Cradle Solar project T2 - T2 ERCOT PSS/E MODEL QUALITY TEST AND VRT TUNING UPDATE,Joelle Abi-Nahed,Joelle Abi-Nahed,Fixed,Can be Invoiced and Closed,"11,000",Sonjoy Roy,Anthony Saab,25-Nov,29-Nov-24,,ERCOT,,solar,,follow up receipt and restudies and scope ?,
Generation Interconnection,"Leeward Renewable Energy Development, LLC, ",Cradle Solar project T3 - T3 PSCAD™ PLANT MODEL DEVELOPMENT,Joelle Abi-Nahed,Joelle Abi-Nahed,Fixed,Can be Invoiced and Closed,"11,000",Sonjoy Roy,Anthony Saab,25-Nov,29-Nov-24,,ERCOT,,solar,,,
Generation Interconnection,"Leeward Renewable Energy Development, LLC, ",Cradle Solar project T4 - T4 PSCAD™ MODEL QUALITY TEST,Joelle Abi-Nahed,Joelle Abi-Nahed,Fixed,Can be Invoiced and Closed,"14,000",Sonjoy Roy,Anthony Saab,25-Nov,29-Nov-24,,ERCOT,,solar,,,
Generation Interconnection,"Leeward Renewable Energy Development, LLC, ",Cradle Solar project T5 - T5 PSS/E and PSCAD™ MODEL QUALITY TEST Per NOGRR245,Joelle Abi-Nahed,Joelle Abi-Nahed,Fixed,Can be Invoiced and Closed,"10,000",Sonjoy Roy,Anthony Saab,25-Nov,29-Nov-24,,ERCOT,,solar,,,
Generation Interconnection,"Leeward Renewable Energy Development, LLC, ",Cradle Solar project TASK 6: PLANNING MODEL DATA & QSA REQUIREMENTS SUPPORT,Joelle Abi-Nahed,Joelle Abi-Nahed,Fixed,Can be Invoiced - leave open,"10,000",Yara Karam,Sonjoy Roy,7-Mar,17-Mar-25,,ERCOT,,solar,,May QSA,
,,,,,,,,,,,,,,,,,full reg?,
Generation Interconnection,"Leeward Renewable Energy Development, LLC, ",Morrow lake TASK 18: REACTIVE POWER COMPENSATION,Joelle Abi-Nahed,Joelle Abi-Nahed,Fixed,Can be Invoiced and Closed,"15,000",Bikram Bhandari,Joelle Abi Nahed,24-Dec,27-Dec-24,,ERCOT,,PV,,,
,,STUDY,,,,,,,,,,,,,,,,
Generation Interconnection,"Leeward Renewable Energy Development, LLC, ",Morrow Lake Task 10: Model Commissioning Verification ,Joelle Abi-Nahed,Joelle Abi-Nahed,Fixed,Mark as Cancelled,"6,500",Anthony Saab,Bikram Bhandari,,1-Dec-25,,ERCOT,,solar,,,
Generation Interconnection,"Leeward Renewable Energy Development, LLC, ",Morrow Lake Task 11: General Interconnection Support ,Joelle Abi-Nahed,Joelle Abi-Nahed,HNTE,Mark as Cancelled,"5,000",Anthony Saab,Bikram Bhandari,,1-Dec-25,,ERCOT,,solar,,,
Generation Interconnection,"Leeward Renewable Energy Development, LLC, ",Cradle Solar Task 9: ERCOT PSS/E & PSCAD Model Quality Test,Joelle Abi-Nahed,Joelle Abi-Nahed,Fixed,Can be Invoiced and Closed,"20,000",Sonjoy Roy,Joelle Abi-Nahed,3/6/2025,10-Mar-25,202277,ERCOT,,Solar,,10.7 cap bank in qmax case,
,,Update,,,,,,,,,,,,,,,,
Generation Interconnection,"Leon Bess, LLC",TASK 4: ERCOT MODEL QUALITY TEST Update,Joelle Abi-Nahed,Joelle Abi-Nahed,Fixed,Can be Invoiced and Closed,"9,000",Yara Karam,Behzad Jandaghi,11/24/2025,30-Nov-25,202831,ERCOT,,BESS,,further tuning,
,,,,,,,,,,,,,,,,,did TSP approve new model?,
Generation Interconnection,"Leon BESS, LLC",Leon BESS Task 5: ERCOT FIS Material & Models Update,Joelle Abi-Nahed,Joelle Abi-Nahed,Fixed,Hold (other reason),"10,000",Shiva Amini,Behzad Jandaghi,,1-Dec-26,202831,ERCOT,,bess,,he wants to revise to increase data center???,
Generation Interconnection,"Leon BESS, LLC",Leon BESS Task 6: ERCOT PSS/E Model Quality Test and Tuning,Joelle Abi-Nahed,Joelle Abi-Nahed,Fixed,Hold (other reason),"13,500",,Behzad Jandaghi,,1-Dec-26,202831,ERCOT,,bess,,,
Generation Interconnection,Lightsource bp,Fiddleleaf-2 - T2 SPP MODIFICATION REQUEST APPLICATION - FIDDLELEAF,Joelle Abi-Nahed,Lea El Khoury,Fixed,Can be Invoiced and Closed,"17,500",Perla Boulos,Lea El Khoury,5/4/2026,12-May-26,400477,Other,,Solar,,"solar - updating inverters, GSU, MPT and gen-tie",
Generation Interconnection,"Lightsource Renewable Energy Operations, LLC ",Jackalope Solar T6 - T6 Full Registration RARF & ERCOT Registration Support,Joelle Abi-Nahed,Joelle Abi-Nahed,Fixed,Can be Invoiced and Closed,"17,000",,,,30-Mar-24,,ERCOT,,,,,
Generation Interconnection,"Lightsource Renewable Energy Operations, LLC ",Second Division Solar TASK 25: IFC PSCAD and PSSE Plant Model Preparation and Model Quality Tests,Joelle Abi-Nahed,Joelle Abi-Nahed,Fixed,Can be Invoiced and Closed,"45,000",Behzad Jandaghi,Bikram Bhandari,,30-Dec-24,,ERCOT,,Solar,,,
Generation Interconnection,"Lightsource Renewable Energy Operations, LLC ",Jackalope Solar TASK 29: IFC PSCAD and PSSE Plant Model Preparation and Model Quality Tests,Joelle Abi-Nahed,Joelle Abi-Nahed,Fixed,Mark as Cancelled,"45,000",Bikram Bhandari,Sonjoy Roy/Joelle Abi Nahed,,1-Dec-24,,ERCOT,,,,moved to Antonio's team,
Generation Interconnection,"Lightsource Renewable Energy Operations, LLC ",Second Division BESS T1 - T1 ERCOT FIS Application Update,Joelle Abi-Nahed,Joelle Abi-Nahed,Fixed,Mark as Cancelled,"15,000",Anthony Saab,Bikram Bhandari,,18-Feb-25,,ERCOT,,BESS,,We are still awaiting some internal confirmation for the inverters. I will update you as soon as I get some.,
,,,,,,,,,,,,,,,,,follow up early january,
System Studies,"Lightsource Renewable Energy Operations, LLC ",Second Division BESS T10 - T10 Reactive Power Compensation Study,Joelle Abi-Nahed,Joelle Abi-Nahed,Fixed,Mark as Cancelled,"15,000",Anthony Saab,Bikram Bhandari,,18-Feb-25,,ERCOT,,BESS,,,
System Studies,"Lightsource Renewable Energy Operations, LLC ",Second Division BESS T11 - T11 Reactive Power Compensation Study – Solar + BESS,Joelle Abi-Nahed,Joelle Abi-Nahed,Fixed,Mark as Cancelled,"15,000",Anthony Saab,Bikram Bhandari,,18-Feb-25,,ERCOT,,BESS,,,
Generation Interconnection,"Lightsource Renewable Energy Operations, LLC ",Second Division BESS T12 - T12 Planning Model Data & QSA Requirements Support,Joelle Abi-Nahed,Joelle Abi-Nahed,Fixed,Mark as Cancelled,"9,500",Anthony Saab,Bikram Bhandari,,18-Feb-25,,ERCOT,,BESS,,,
Generation Interconnection,"Lightsource Renewable Energy Operations, LLC ",Second Division BESS T13 - T13 Full Registration Data & ERCOT Registration Support,Joelle Abi-Nahed,Joelle Abi-Nahed,Fixed,Mark as Cancelled,"15,000",Anthony Saab,Bikram Bhandari,,18-Feb-25,,ERCOT,,BESS,,,
Generation Interconnection,"Lightsource Renewable Energy Operations, LLC ",Second Division BESS T14 - T14 Interconnection Support & Meetings,Joelle Abi-Nahed,Joelle Abi-Nahed,Fixed,Mark as Cancelled,"10,000",,,,18-Feb-25,,ERCOT,,BESS,,,
Generation Interconnection,"Lightsource Renewable Energy Operations, LLC ",Second Division BESS T2 - T2 ERCOT PSSE Model Quality Test,Joelle Abi-Nahed,Joelle Abi-Nahed,Fixed,Mark as Cancelled,"10,000",Anthony Saab,Bikram Bhandari,,18-Feb-25,,ERCOT,,BESS,,,
Generation Interconnection,"Lightsource Renewable Energy Operations, LLC ",Second Division BESS T3 - T3 ERCOT Combined PSSE Model Quality Test AND VRT Tuning – Solar+BESS,Joelle Abi-Nahed,Joelle Abi-Nahed,Fixed,Mark as Cancelled,"10,000",Anthony Saab,Bikram Bhandari,,18-Feb-25,,ERCOT,,BESS,,,
Generation Interconnection,"Lightsource Renewable Energy Operations, LLC ",Second Division BESS T4 - T4 PSCAD™ Plant Model Development,Joelle Abi-Nahed,Joelle Abi-Nahed,Fixed,Mark as Cancelled,"10,000",Anthony Saab,Bikram Bhandari,,18-Feb-25,,ERCOT,,BESS,,,
Generation Interconnection,"Lightsource Renewable Energy Operations, LLC ",Second Division BESS T5 - T5 PSCAD™ Model Quality Test,Joelle Abi-Nahed,Joelle Abi-Nahed,Fixed,Mark as Cancelled,"13,000",Anthony Saab,Bikram Bhandari,,18-Feb-25,,ERCOT,,BESS,,,
Generation Interconnection,"Lightsource Renewable Energy Operations, LLC ",Second Division BESS T6 - T6 PSCAD™ Model Quality Test – Solar + BESS,Joelle Abi-Nahed,Joelle Abi-Nahed,Fixed,Mark as Cancelled,"13,000",Anthony Saab,Bikram Bhandari,,18-Feb-25,,ERCOT,,BESS,,,
Generation Interconnection,"Lightsource Renewable Energy Operations, LLC ","Second Division BESS T7 - T7 TSAT UDM Development, OPTIONAL",Joelle Abi-Nahed,Joelle Abi-Nahed,Fixed,Mark as Cancelled,"9,500",Anthony Saab,Bikram Bhandari,,18-Feb-25,,ERCOT,,BESS,,,
Generation Interconnection,"Lightsource Renewable Energy Operations, LLC ","Second Division BESS T8 - T8 TSAT UDM Development – Solar + BESS, OPTIONAL",Joelle Abi-Nahed,Joelle Abi-Nahed,Fixed,Mark as Cancelled,"9,500",Anthony Saab,Bikram Bhandari,,18-Feb-25,,ERCOT,,BESS,,,
Generation Interconnection,"Lightsource Renewable Energy Operations, LLC ",Second Division BESS T9 - T9 FIS Scoping Meeting & Assistance In Negotiation Of The FIS Scope,Joelle Abi-Nahed,Joelle Abi-Nahed,Fixed,Mark as Cancelled,"3,000",Anthony Saab,Bikram Bhandari,,18-Feb-25,,ERCOT,,BESS,,,
Generation Interconnection,"Lightsource Renewable Energy Operations, LLC ",Second Division Solar T22 - T22 Interconnection Support & Meetings,Joelle Abi-Nahed,Joelle Abi-Nahed,Fixed,Mark as Cancelled,"15,000",Bikram Bhandari,,,1-Dec-25,,ERCOT,,Solar,,,
Generation Interconnection,Limitless Energy Group,Long Creek Load TASK 2: LOAD INTERCONNECTION SUPPORT,Joelle Abi-Nahed,Joelle Abi-Nahed,HNTE,Invoice time spent at end of month,"10,000",Bikram Bhandari,Joelle Abi-Nahed,2/25/2025,28-Dec-26,400017,ERCOT,,load,,"32.374564 N, -99.322905 W",
,,,,,,,,,,,,,,,,, oncor territory,
Generation Interconnection,Limitless Energy Group,Long Creek Load TASK 3: PSS®E MODEL DEVELOPMENT,Joelle Abi-Nahed,Joelle Abi-Nahed,Fixed,Can be Invoiced and Closed,"8,000",Bikram Bhandari,Joelle Abi-Nahed,2/25/2025,28-Feb-26,400017,ERCOT,,load,,,
Generation Interconnection,Limitless Energy Group,Long Creek Load TASK 4: DYNAMIC LOAD MODEL,Joelle Abi-Nahed,Joelle Abi-Nahed,Fixed,Can be Invoiced and Closed,"13,000",Bikram Bhandari,Joelle Abi-Nahed,2/25/2025,28-Feb-25,400017,ERCOT,,load,,,
Generation Interconnection,Limitless Energy Group,West Shackelford Load TASK 2: LOAD INTERCONNECTION SUPPORT,Joelle Abi-Nahed,Joelle Abi-Nahed,HNTE,Invoice time spent at end of month,"10,000",Bikram Bhandari,Joelle Abi-Nahed,2/25/2025,28-Dec-26,400206,ERCOT,,load,,"32.63463843 N, -99.53429044 W",
,,,,,,,,,,,,,,,,,lonestar excel to fill out,
Generation Interconnection,Limitless Energy Group,West Shackelford Load TASK 3: PSS®E MODEL DEVELOPMENT,Joelle Abi-Nahed,Joelle Abi-Nahed,Fixed,Can be Invoiced and Closed,"8,000",Bikram Bhandari,Joelle Abi-Nahed,2/25/2025,28-Feb-25,400206,ERCOT,,load,,,
Generation Interconnection,Limitless Energy Group,West Shackelford Load TASK 4: DYNAMIC LOAD MODEL,Joelle Abi-Nahed,Joelle Abi-Nahed,Fixed,Can be Invoiced and Closed,"13,000",Bikram Bhandari,Joelle Abi-Nahed,2/25/2025,28-Feb-25,400206,ERCOT,,load,,"Lone star II  32.323040 N , -99.321914 W????",
Generation Interconnection,Limitless Energy Group,Riley7A Task 1: ERCOT Expedited SS&FIS Application ,Joelle Abi-Nahed,Joelle Abi-Nahed,Fixed,Can be Invoiced and Closed,"18,000",Georgette Khanfour,Bikram Bhandari,10/27/2025,31-Oct-25,401477,ERCOT,,gas,,no load// riley POI so not same as load JJ: SOW in file everything OK on the OS - invoice in process,
,,,,,,,,,,,,,,,,,PUN load data??,
,,,,,,,,,,,,,,,,,aspen model?,
Generation Interconnection,Limitless Energy Group,Riley7A Task 2: ERCOT Model Quality Test and VRT Tuning,Joelle Abi-Nahed,Joelle Abi-Nahed,Fixed,Can be Invoiced and Closed,"11,000",Georgette Khanfour,Bikram Bhandari,11/21/2025,30-Nov-25,401477 T2,ERCOT,,gas,,,
Generation Interconnection,Limitless Energy Group,Riley7A Task 3: Project Interconnection Support ,Joelle Abi-Nahed,Joelle Abi-Nahed,HNTE,Invoice time spent at end of month,"10,000",Georgette Khanfour,Bikram Bhandari,,1-Dec-26,401477,ERCOT,,gas,,use it for sec iNR,
Generation Interconnection,Limitless Energy Group,Riley7A Task 4-Aspen,Joelle Abi-Nahed,Joelle Abi-Nahed,Fixed,Can be Invoiced and Closed,"5,000",Georgette Khanfour,Bikram Bhandari,4/27/2026,30-Apr-26,401477,ERCOT,,gas,,use it for sec iNR,
Generation Interconnection,Limitless Energy Group,Riley 7B Task 1: ERCOT Expedited SS&FIS Application ,Joelle Abi-Nahed,Joelle Abi-Nahed,Fixed,Can be Invoiced and Closed,"10,000",Bikram Bhandari,Joelle Abi-Nahed,10/27/2025,31-Oct-25,402535,ERCOT,,gas,,,
Generation Interconnection,Limitless Energy Group,Riley 7B Task 2: ERCOT Model Quality Test and VRT Tuning ,Joelle Abi-Nahed,Joelle Abi-Nahed,Fixed,Can be Invoiced and Closed,"11,000",Bikram Bhandari,Joelle Abi-Nahed,11/21/2025,30-Nov-25,402535,ERCOT,,gas,,JJ: Email sent 11/14 waiting for follow up regarding WO 11/18 TO signed and retrigged ,
Generation Interconnection,Limitless Energy Group,Riley 7B Task 3: Project Interconnection Support ,Joelle Abi-Nahed,Joelle Abi-Nahed,HNTE,Invoice time spent at end of month,"10,000",Bikram Bhandari,Joelle Abi-Nahed,,1-Dec-26,402535,ERCOT,,gas,,,
Generation Interconnection,Limitless Energy Group,Riley 7B Task 4: aspen,Joelle Abi-Nahed,Joelle Abi-Nahed,Fixed,Can be Invoiced and Closed,"5,000",Georgette Khanfour,Bikram Bhandari,4/27/2026,30-Apr-26,402535,ERCOT,,gas,,,
Generation Interconnection,Limitless Energy Group,Riley 7B TASK 1: LOAD INTERCONNECTION SUPPORT ,Joelle Abi-Nahed,Joelle Abi-Nahed,HNTE,In progress,"10,000",Bikram Bhandari,Joelle Abi-Nahed,,1-Dec-26,402540,ERCOT,,load,,,
Generation Interconnection,Limitless Energy Group,Riley 7B TASK 2: PSS®E MODEL DEVELOPMENT,Joelle Abi-Nahed,Joelle Abi-Nahed,Fixed,Can be Invoiced and Closed,"8,000",Bikram Bhandari,Joelle Abi-Nahed,8/25/2025,29-Aug-25,402540,ERCOT,,load,,,
Generation Interconnection,Limitless Energy Group,Riley 7B TASK 3: DYNAMIC LOAD MODEL ,Joelle Abi-Nahed,Joelle Abi-Nahed,Fixed,Can be Invoiced and Closed,"13,000",Bikram Bhandari,Joelle Abi-Nahed,8/25/2025,29-Aug-25,402540,ERCOT,,load,,,
Generation Interconnection,Limitless Energy Group,Riley 7B TASK 4: DYNAMIC LOAD MODEL Update,Joelle Abi-Nahed,Joelle Abi-Nahed,Fixed,Can be Invoiced - leave open,"10,800",Georgette Khanfour,Bikram Bhandari,5/28/2026,28-May-26,402540,ERCOT,,load,,,
Generation Interconnection,Limitless Energy Group,Riley 7A TASK 1: LOAD INTERCONNECTION SUPPORT,Joelle Abi-Nahed,Joelle Abi-Nahed,HNTE,In progress,"10,000",Bikram Bhandari,Joelle Abi-Nahed,,1-Dec-26,402539,ERCOT,,load,,,
Generation Interconnection,Limitless Energy Group,Riley 7A TASK 2: PSS®E MODEL DEVELOPMENT,Joelle Abi-Nahed,Joelle Abi-Nahed,Fixed,Can be Invoiced and Closed,"8,000",Bikram Bhandari,Joelle Abi-Nahed,8/25/2025,29-Aug-25,402539,ERCOT,,load,,,
Generation Interconnection,Limitless Energy Group,Riley 7A TASK 3: DYNAMIC LOAD MODEL,Joelle Abi-Nahed,Joelle Abi-Nahed,Fixed,Can be Invoiced and Closed,"13,000",Bikram Bhandari,Joelle Abi-Nahed,8/25/2025,29-Aug-25,402539,ERCOT,,load,,,
Generation Interconnection,Limitless Energy Group,Riley 7A TASK 4: DYNAMIC LOAD MODEL Update,Joelle Abi-Nahed,Joelle Abi-Nahed,Fixed,Can be Invoiced - leave open,"10,800",Georgette Khanfour,Bikram Bhandari,5/28/2026,28-May-26,402539,ERCOT,,load,,,
TPGEN,Limitless Energy Group,Edith Clark station TASK 1: HIGH LEVEL TRANSMISSION IMPORT ANALYSIS – SUMMER PEAK,Joelle Abi-Nahed,Joelle Abi-Nahed,Fixed,Can be Invoiced and Closed,"8,000",Georgette Khanfour,Bikram Bhandari,12/15/2025,17-Dec-25,403839,ERCOT,,load,Organic,,
TPGEN,Limitless Energy Group,Edith Clark station TASK 2: ERCOT TRANSMISSION ANALYSIS – SUMMER PEAK CONDITIONS,Joelle Abi-Nahed,Joelle Abi-Nahed,Fixed,Can be Invoiced and Closed,"23,000",Georgette Khanfour,Bikram Bhandari,1/12/2026,30-Jan-26,403839,ERCOT,,load,Organic,,
Generation Interconnection,Limitless Energy Group,Edith Clark station TASK 3: GENERAL INTERCONNECTION SUPPORT - LOAD,Joelle Abi-Nahed,Joelle Abi-Nahed,HNTE,Hold (other reason),"10,000",Siddhesh Thorat,Behzad Jandaghi,,30-Dec-26,403839,ERCOT,,load,Organic,generation?,
Generation Interconnection,Limitless Energy Group,Edith Clark station TASK 4: PSS®E STEADY STATE & DYNAMIC MODEL - LOAD,Joelle Abi-Nahed,Joelle Abi-Nahed,Fixed,Can be Invoiced - leave open,"21,000",Siddhesh Thorat,Behzad Jandaghi,2/20/2026,28-Feb-26,403839,ERCOT,,load,Organic,,
Generation Interconnection,Limitless Energy Group,Riley7A PUN Load TASK 1: GENERAL INTERCONNECTION SUPPORT -LOAD,Joelle Abi-Nahed,Joelle Abi-Nahed,HNTE,Invoice time spent at end of month,"10,000",Georgette Khanfour,Bikram Bhandari,,1-Dec-26,404708,,,,,,
Generation Interconnection,Limitless Energy Group,Riley7A PUN Load TASK 2: PSS®E STEADY STATE & DYNAMIC MODEL - LOAD,Joelle Abi-Nahed,Joelle Abi-Nahed,Fixed,Can be Invoiced - leave open,"21,000",Georgette Khanfour,Bikram Bhandari,3/5/2026,27-Mar-26,404708,ERCOT,,load,,,
Generation Interconnection,Limitless Energy Group,Riley7B PUN Load TASK 1: GENERAL INTERCONNECTION SUPPORT -LOAD,Joelle Abi-Nahed,Joelle Abi-Nahed,HNTE,Invoice time spent at end of month,"10,000",Georgette Khanfour,Bikram Bhandari,,1-Dec-26,404719,,,,,,
Generation Interconnection,Limitless Energy Group,Riley7BPUN Load TASK 2: PSS®E STEADY STATE & DYNAMIC MODEL - LOAD,Joelle Abi-Nahed,Joelle Abi-Nahed,Fixed,Can be Invoiced - leave open,"16,000",Georgette Khanfour,Bikram Bhandari,3/5/2026,27-Mar-26,404719,ERCOT,,load,,,
Generation Interconnection,Limitless Energy Group,Riley 2 GW load T1 - interconnection Support,Joelle Abi-Nahed,Joelle Abi-Nahed,HNTE,Invoice time spent at end of month,"10,000",,Bikram Bhandari,,1-Dec-26,404991,ERCOT,,Load,,,
Generation Interconnection,Limitless Energy Group,Riley 2 GW load T2-Load Model,Joelle Abi-Nahed,Joelle Abi-Nahed,Fixed,Can be Invoiced and Closed,"16,000",,Bikram Bhandari,3/26/2026,27-Mar-26,404991,ERCOT,,Load,,,
Generation Interconnection,Limitless Operating Company LLC,West Shackelford T4 PSSE Model Update,Joelle Abi-Nahed,Joelle Abi-Nahed,Fixed,Can be Invoiced and Closed,"5,600",Georgette Khanfour,Bikram Bhandari,7/16/2025,25-Jul-25,400206,ERCOT,,Load,,update to 1.5 GW,
Generation Interconnection,Limitless Operating Company LLC,West Shackelford TASK 5: DYNAMIC LOAD MODEL UPDATE,Joelle Abi-Nahed,Joelle Abi-Nahed,Fixed,Can be Invoiced and Closed,"9,100",Georgette Khanfour,Bikram Bhandari,7/16/2025,25-Jul-25,400206,ERCOT,,Load,,,
Generation Interconnection,Linea Energy Development Co LLC ,BPA Wind T1 - T1 BPA INTERCONNECTION APPLICATION,Joelle Abi-Nahed,Joelle Abi-Nahed,Fixed,Can be invoiced and closed,"22,000",,,,1-Apr-24,,WECC,,wind,,,
Generation Interconnection,Linea Energy Development Co LLC ,Avista  WECC solar T5 - T 5: PLANT ASPEN MODEL,Joelle Abi-Nahed,Joelle Abi-Nahed,Fixed,Mark as Cancelled,"6,000",Bikram Bhandari,Joelle Abi Nahed,,1-Dec-24,,WECC,,solar,,,
Generation Interconnection,Linea Energy Development Co LLC ,Avista  WECC solar T6 - T 6: PROJECT INTERCONNECTION SUPPORT,Joelle Abi-Nahed,Joelle Abi-Nahed,Hourly,Mark as Cancelled,"5,000",,,,1-Dec-24,,WECC,,solar,,,
Generation Interconnection,Linea Energy Development Co LLC ,Avista WECC solar T1 - T1 INTERCONNECTION APPLICATION,Joelle Abi-Nahed,Joelle Abi-Nahed,Fixed,Mark as Cancelled,"17,000",Anthony Saab,Bikram Bhandari,,1-Dec-24,,WECC,,solar,,,
Generation Interconnection,Linea Energy Development Co LLC ,Avista WECC solar T2 - T2: DYNAMIC SIMULATION,Joelle Abi-Nahed,Joelle Abi-Nahed,Fixed,Mark as Cancelled,"13,000",Bikram Bhandari,Joelle Abi Nahed,,1-Dec-24,,WECC,,solar,,,
Generation Interconnection,Linea Energy Development Co LLC ,Avista WECC solar T3 - T3: PSCAD™ PLANT MODEL  DEVELOPMENT,Joelle Abi-Nahed,Joelle Abi-Nahed,Fixed,Mark as Cancelled,"15,000",Yang Zhou,SM,,1-Dec-24,,WECC,,solar,,,
Generation Interconnection,Linea Energy Development Co LLC ,Avista WECC solar T4 - T4: PSCAD™ DYNAMIC SIMULATION,Joelle Abi-Nahed,Joelle Abi-Nahed,Fixed,Mark as Cancelled,"18,000",Yang Zhou,SM,,1-Dec-24,,WECC,,solar,,,
Generation Interconnection,Linea Energy Development Co LLC ,BPA 1 T2 - T2 PROJECT INTERCONNECTION SUPPORT,Joelle Abi-Nahed,Joelle Abi-Nahed,HNTE,Invoice time spent at end of month,"5,000",,,,1-Dec-26,,WECC,,BESS,,,
Generation Interconnection,Linea Energy Development Co LLC ,BPA 2 T2 - T2 PROJECT INTERCONNECTION SUPPORT,Joelle Abi-Nahed,Joelle Abi-Nahed,HNTE,Invoice time spent at end of month,"5,000",,,,1-Dec-26,,WECC,,,,,
Generation Interconnection,Linea Energy Development Co LLC ,BPA Wind T2 - T2 PROJECT INTERCONNECTION SUPPORT,Joelle Abi-Nahed,Joelle Abi-Nahed,HNTE,Invoice time spent at end of month,"5,000",,,,1-Dec-26,,WECC,,,,,
Generation Interconnection,Longbow BESS LLC,Longbow BESS TASK 24: MQT PREFERRED TEST,Joelle Abi-Nahed,Joelle Abi-Nahed,Fixed,Can be Invoiced and Closed,"12,000",Bikram Bhandari,Joelle Abi-Nahed,,5-May-25,,ERCOT,,BESS,,,
Generation Interconnection,"Longbow Solar, LLC ",Longbow BESS T5 - T5 INTERCONNECTION SUPPORT & MEETINGS,Joelle Abi-Nahed,Joelle Abi-Nahed,Fixed,Invoice time spent at end of month,"15,000",,,,1-Dec-26,,ERCOT,,BESS,,,
Generation Interconnection,"Longview Wind, LLC",Fivemile Wind TASK 1: ERCOT SS & FIS INTERCONNECTION APPLICATION,Joelle Abi-Nahed,Joelle Abi-Nahed,Fixed,Can be Invoiced and Closed,"15,000",Ghida Hajj Hassan,Bikram Bhandari,2/25/2025,28-Feb-25,400187,ERCOT,,wind,,,
Generation Interconnection,"Longview Wind, LLC",Fivemile Wind TASK 2: ERCOT PSS/E MODEL QUALITY TEST AND VRT TUNING,Joelle Abi-Nahed,Joelle Abi-Nahed,Fixed,Can be Invoiced and Closed,"11,000",Georgette Khanfour,Bikram Bhandari,11-May,16-May-25,400187,ERCOT,,wind,,,
Generation Interconnection,"Longview Wind, LLC",Fivemile Wind TASK 3: GENERAL INTERCONNECTION SUPPORT,Joelle Abi-Nahed,Joelle Abi-Nahed,HNTE,Invoice time spent at end of month,"5,000",Sonjoy Roy,,,1-Dec-26,400187,ERCOT,,wind,,scoping call was 6/3,
Generation Interconnection,"LOTUS INFRASTRUCTURE GLOBAL OPERATIONS,",Task 1: Arriba Wind Expansion TSGT,Joelle Abi-Nahed,Joelle Abi-Nahed,Fixed,Can be Invoiced and Closed,"15,000",Behzad Jandaghi,,23-May,28-May-24,,WECC,TSGT,,,,
,LLC,Interconnection Application,,,,,,,,,,,,,,,,
Generation Interconnection,"LOTUS INFRASTRUCTURE GLOBAL OPERATIONS,",Task 2: Arriba Storage Expansion,Joelle Abi-Nahed,Joelle Abi-Nahed,Fixed,Can be Invoiced and Closed,"8,000",Behzad Jandaghi,,23-May,28-May-24,,WECC,TSGT,,,,
,LLC,TSGT Interconnection Application,,,,,,,,,,,,,,,,
Generation Interconnection,"LOTUS INFRASTRUCTURE GLOBAL OPERATIONS,",Task 3: Project Interconnection,Joelle Abi-Nahed,Joelle Abi-Nahed,HNTE,Invoice time spent at end of month,"5,000",Behzad Jandaghi,,,1-Dec-26,,ERCOT,,,,,
,LLC,Support,,,,,,,,,,,,,,,,
Generation Interconnection,Lydian Energy,Faraday BESS Surplus - TASK 1: SURPLUS INTERCONNECTION APPLICATION PACKAGE,Joelle Abi-Nahed,Joelle Abi-Nahed,Fixed,Can be Invoiced and Closed,"17,000",Shiva Amini,Behzad Jandaghi,1/7/2026,30-Jan-26,402510,WECC,PacifiCorp,,,,
,,,,,,,,,,,,,,,,,MMA - task 2?,
,,,,,,,,,,,,,,,,,pscad?aspen?,
Generation Interconnection,Lydian Energy,Faraday BESS Surplus - task 2: Interconnection Application Package: Short Circuit Modeling - Plant Aspen,Joelle Abi-Nahed,Joelle Abi-Nahed,Fixed,Can be Invoiced and Closed,"8,000",Shiva Amini,Behzad Jandaghi,1/7/2026,30-Jan-26,402510,WECC,PacifiCorp,Solar+BESS,,,
Generation Interconnection,Lydian Energy,Faraday Solar MMA - task 1: Interconnection Application Package: Steady-State and Dynamics Modeling,Joelle Abi-Nahed,Joelle Abi-Nahed,Fixed,Can be Invoiced and Closed,"27,000",Shiva Amini,Behzad Jandaghi,11/7/2025,30-Nov-25,403193,WECC,PacifiCorp,Solar+BESS,,PO? JJ: Emailed SF team to chase PO 11/19,
Generation Interconnection,Lydian Energy,Faraday Solar MMA -  task 2: Interconnection Application Package: Short Circuit Modeling - Plant Aspen,Joelle Abi-Nahed,Joelle Abi-Nahed,Fixed,Can be Invoiced and Closed,"10,000",Shiva Amini,Behzad Jandaghi,11/21/2025,30-Nov-25,403193,WECC,PacifiCorp,Solar+BESS,,PO? JJ: Emailed SF team to chase PO 11/19,
Generation Interconnection,M-Bar Energy I LLC,M bar storage Task 5: ERCOT FIS Material & Models Update,Joelle Abi-Nahed,Sonjoy Roy,Fixed,Can be Invoiced and Closed,"8,000",Ghida Hajj Hassan,Sonjoy Roy,4/22/2026,30-Apr-26,203043,ERCOT,,bess,,,
Generation Interconnection,M-Bar Energy I LLC,M bar storage Task 6: ERCOT PSS/E Model Quality Test and Tuning,Joelle Abi-Nahed,Sonjoy Roy,Fixed,Can be Invoiced and Closed,"13,500",Yara Karam,Sonjoy Roy,7/12/2026,31-Jul-26,203043,ERCOT,,BESS,,solar REPC and UDM for storag e- separate PPCs,
,,(Update),,,,,,,,,,,,,,,,
Generation Interconnection,M-Bar Energy I LLC,M bar storage Task 7: COMBINED (PV + BESS) ERCOT PSS/E Model,Joelle Abi-Nahed,Sonjoy Roy,Fixed,Can be Invoiced and Closed,"13,500",Yara Karam,Sonjoy Roy,7/12/2026,31-Jul-26,203043,ERCOT,,BESS,,,
,,Quality Test and Tuning (Update),,,,,,,,,,,,,,,,
Generation Interconnection,M-Bar Energy LLC,M Bar 1 30 MW PV BESS ERCOT SS & FIS Application,Joelle Abi-Nahed,Joelle Abi-Nahed,Fixed,Can be Invoiced and Closed,"18,000",Georgette Khanfour,Sonjoy Roy,23-Oct,28-Oct-24,,ERCOT,,PV,,FIS studies?,
,,,,,,,,,,,,,,,,,project sold at NTP?,
Generation Interconnection,M-Bar Energy LLC,M Bar 1 80 MW BESS ERCOT SS & FIS Application,Joelle Abi-Nahed,Joelle Abi-Nahed,Fixed,Can be Invoiced and Closed,"18,000",Georgette Khanfour,Sonjoy Roy,23-Oct,28-Oct-24,,ERCOT,,BESS,,,
Generation Interconnection,M-Bar Energy LLC,M Bar 1 30 MW PV Support,Joelle Abi-Nahed,Joelle Abi-Nahed,HNTE,Invoice time spent at end of month,"10,000",Georgette Khanfour,Sonjoy Roy,,1-Dec-26,,ERCOT,,PV,,scoping meeting is on 1/29/2025. MQT?,
Generation Interconnection,M-Bar Energy LLC,M Bar 1 80 MW BESS Support,Joelle Abi-Nahed,Joelle Abi-Nahed,HNTE,Invoice time spent at end of month,"10,000",Georgette Khanfour,Sonjoy Roy,,1-Dec-26,,ERCOT,,BESS,,scoping meeting is on 1/29/2025. MQT?,
Generation Interconnection,M-Bar Energy LLC,M bar solar TASK 2: ERCOT PSS/E MODEL,Joelle Abi-Nahed,Joelle Abi-Nahed,Fixed,Can be Invoiced and Closed,"11,000",Yara Karam,Sonjoy Roy,4/14/2025,29-Apr-25,203042,ERCOT,,Solar,,,
,,QUALITY TEST AND VRT TUNING,,,,,,,,,,,,,,,,
Generation Interconnection,M-Bar Energy LLC,M bar storage TASK 2: ERCOT PSS/E MODEL,Joelle Abi-Nahed,Joelle Abi-Nahed,Fixed,Can be Invoiced and Closed,"11,000",Yara Karam,Sonjoy Roy,4/14/2025,29-Apr-25,203043,ERCOT,,BESS,,,
,,QUALITY TEST AND VRT TUNING,,,,,,,,,,,,,,,,
Generation Interconnection,M-Bar Energy LLC,M bar storage TASK 3: Combined ERCOT PSS/E,Joelle Abi-Nahed,Joelle Abi-Nahed,Fixed,Can be Invoiced and Closed,"11,000",Yara Karam,Sonjoy Roy,4/14/2025,29-Apr-25,203043,ERCOT,,BESS,,,
,,MODEL QUALITY TEST AND VRT,,,,,,,,,,,,,,,,
,,TUNING,,,,,,,,,,,,,,,,
Generation Interconnection,Metra Properties,Terrel load T5 - Models & SLD Update,Joelle Abi-Nahed,Lea El Khoury,Fixed,Can be Invoiced - leave open,"12,000",Perla Boulos,Lea El Khoury,1/6/2026,6-Feb-26,401834,ERCOT,,load,,batch 0 allocated load,
Generation Interconnection,Metra Properties,Terrel load T7 - Dynamic Large Electronic Load (LEL) Model,Joelle Abi-Nahed,Lea El Khoury,Fixed,Can be Invoiced and Closed,"9,000",Marise El Nacouzi,Perla Boulos,3/13/2026,18-Mar-26,401834,ERCOT,,load,Organic,,
Generation Interconnection,Millenium Power,138 kV load T1- Interconnection Support,Joelle Abi-Nahed,Sonjoy Roy,HNTE,Invoice time spent at end of month,"10,000",,Sonjoy Roy,,1-Dec-26,405320,ERCOT,,Load,,in batch 1,
Generation Interconnection,Millenium Power,138 kV load T2- Load Model ,Joelle Abi-Nahed,Sonjoy Roy,Fixed,Can be Invoiced - leave open,"21,000",,Sonjoy Roy,4/28/2026,30-Apr-26,405320,ERCOT,,Load,,,
Generation Interconnection,Millenium Power,345 kV load T1- Interconnection Support,Joelle Abi-Nahed,Sonjoy Roy,HNTE,Invoice time spent at end of month,"10,000",,Sonjoy Roy,,1-Dec-26,405420,ERCOT,,Load,,in batch 1,
Generation Interconnection,Millenium Power,345 kV load T2- Load Model ,Joelle Abi-Nahed,Sonjoy Roy,Fixed,Can be Invoiced - leave open,"21,000",,Sonjoy Roy,4/28/2026,30-Apr-26,405420,ERCOT,,Load,,,
Generation Interconnection,Miranda Solar Project LLC,Miranda T1-ERCOT FIS Update,Joelle Abi-Nahed,Sonjoy Roy,Fixed,Can be Invoiced and Closed,"18,000",Ghida Hajj Hassan,Sonjoy Roy,4/22/2026,30-Apr-26,401440,ERCOT,,solar,Organic,tie-line length confirmation,
,,,,,,,,,,,,,,,,,feb or may 2027 qsa,
,,,,,,,,,,,,,,,,,PPC??,
Generation Interconnection,Miranda Solar Project LLC,Miranda T2-PSSE MQT,Joelle Abi-Nahed,Sonjoy Roy,Fixed,Can be Invoiced and Closed,"11,000",Ghida Hajj Hassan,Sonjoy Roy,6/30/2026,16-Jul-26,401440,ERCOT,,solar,Organic,May 2027 QSA ,
Generation Interconnection,Miranda Solar Project LLC,Miranda T3-PSCAD model,Joelle Abi-Nahed,Sonjoy Roy,Fixed,Can be Invoiced and Closed,"11,000",Ghida Hajj Hassan,Sonjoy Roy,6/30/2026,16-Jul-26,401440,ERCOT,,solar,Organic,sungrow +RRC PPC,
Generation Interconnection,Miranda Solar Project LLC,Miranda T4-PSCAD MQT,Joelle Abi-Nahed,Sonjoy Roy,Fixed,Can be Invoiced and Closed,"14,000",Ghida Hajj Hassan,Sonjoy Roy,6/30/2026,16-Jul-26,401440,ERCOT,,solar,Organic,sungrow +RRC PPC,
Generation Interconnection,Miranda Solar Project LLC,Miranda T5-PSSE & PSCAD Benchmarking,Joelle Abi-Nahed,Sonjoy Roy,Fixed,Can be Invoiced and Closed,"5,000",Ghida Hajj Hassan,Sonjoy Roy,6/30/2026,16-Jul-26,401440,ERCOT,,solar,Organic,sungrow +RRC PPC,
Generation Interconnection,Grupo Cobra (Miranda Solar Project LLC),Miranda T6-reactive study,Joelle Abi-Nahed,Sonjoy Roy,Fixed,In progress,"22,200",Ghida Hajj Hassan,Sonjoy Roy,8/10/2026,17-Aug-26,401440,ERCOT,,solar,Organic,,
Generation Interconnection,Grupo Cobra (Miranda Solar Project LLC),Miranda T7-planning & QSA support,Joelle Abi-Nahed,Sonjoy Roy,Fixed,In progress,"10,000",Ghida Hajj Hassan,Sonjoy Roy,1/1/2027,15-Jan-27,401440,ERCOT,,solar,Organic,,
Generation Interconnection,Grupo Cobra (Miranda Solar Project LLC),Miranda T9-ERCOT FIS MATERIAL & MODEL UPDATE,Joelle Abi-Nahed,Sonjoy Roy,Fixed,In progress,"9,000",Ghida Hajj Hassan,Sonjoy Roy,8/10/2026,17-Aug-26,401440,ERCOT,,solar,Organic,TO,
Generation Interconnection,Grupo Cobra (Miranda Solar Project LLC),Miranda TASK 10: PSCAD™ MODEL QUALITY TEST UPDATE,Joelle Abi-Nahed,Sonjoy Roy,Fixed,In progress,"9,000",Ghida Hajj Hassan,Sonjoy Roy,8/10/2026,17-Aug-26,401440,ERCOT,,solar,Organic,,
Generation Interconnection,Grupo Cobra (Miranda Solar Project LLC),Miranda TASK 11: ERCOT PSS/E MODEL QUALITY TEST UPDATE,Joelle Abi-Nahed,Sonjoy Roy,Fixed,In progress,"7,200",Ghida Hajj Hassan,Sonjoy Roy,8/10/2026,17-Aug-26,401440,ERCOT,,solar,Organic,,
Generation Interconnection,Grupo Cobra (Miranda Solar Project LLC),Miranda TASK 12: PSS®E AND PSCADTM MODEL BENCHMARKING STUDY,Joelle Abi-Nahed,Sonjoy Roy,Fixed,In progress,"3,600",Ghida Hajj Hassan,Sonjoy Roy,8/10/2026,17-Aug-26,401440,ERCOT,,solar,Organic,,
Generation Interconnection,"Misae - North America Data Center, LLC",TASK 1: LOAD INTERCONNECTION SUPPORT,Joelle Abi-Nahed,Joelle Abi-Nahed,Fixed,Invoice time spent at end of month,"10,000",,Behzad Jandaghi,,1-Dec-26,404363,,,,,,
Generation Interconnection,"Misae - North America Data Center, LLC",TASK 2: PSS®E MODEL DEVELOPMENT,Joelle Abi-Nahed,Joelle Abi-Nahed,Fixed,Can be Invoiced - leave open,"16,000",Shiva Amini,Behzad Jandaghi,2/17/2026,2/27/2026,404363,,,,,,
Generation Interconnection,MIsae (Power Synergy LLC),Mojo Solar TASK 6: ERCOT MODEL QUALITY TEST– COMBINED ,Joelle Abi-Nahed,Joelle Abi-Nahed,Fixed,Can be Invoiced - leave open,"15,000",Behzad Jandaghi,Joelle Abi-Nahed,6/20/2025,30-Jun-25,203705,ERCOT,,PV+BESS,,wilson+mojo MQT,
Generation Interconnection,Misae Solar Parks,Comanche Bess Task 2: ERCOT SS & FIS,Joelle Abi-Nahed,Joelle Abi-Nahed,Fixed,Can be Invoiced and Closed,"18,000",Yara Karam,Behzad Jandaghi,25-Sep,30-Sep-24,,ERCOT,,BESS,,,
,,Interconnection Application,,,,,,,,,,,,,,,,
Generation Interconnection,Misae Solar Parks,Leon Bess Task 2: ERCOT SS & FIS,Joelle Abi-Nahed,Joelle Abi-Nahed,Fixed,Can be Invoiced and Closed,"15,000",Yara Karam,Behzad Jandaghi,4-Oct,11-Oct-24,,ERCOT,,BESS,,,
,,Interconnection Application,,,,,,,,,,,,,,,,
Generation Interconnection,Misae Solar Parks,Leon Bess Task 2: ERCOT PSS/E Model,Joelle Abi-Nahed,Joelle Abi-Nahed,Fixed,Can be Invoiced and Closed,"9,000",Yara Karam,Behzad Jandaghi,25-Nov,29-Nov-24,,ERCOT,,BESS,,solar+storage follow up,
,,Quality Test and VRT Tuning,,,,,,,,,,,,,,,follow up on load?,
Generation Interconnection,Misae Solar Parks,Comanche Bess Task 3: ERCOT PSS/E Model,Joelle Abi-Nahed,Joelle Abi-Nahed,Fixed,Can be Invoiced and Closed,"10,000",Yara Karam,Behzad Jandaghi,6-Dec,13-Dec-24,,ERCOT,,BESS,,,
,,Quality Test and VRT Tuning,,,,,,,,,,,,,,,,
Generation Interconnection,Misae Solar Parks,WIlson Bess TASK 2: ERCOT EXPEDITED SS & FIS,Joelle Abi-Nahed,Joelle Abi-Nahed,Fixed,Can be Invoiced and Closed,"18,000",Shiva Amini,Behzad Jandaghi,20-Mar,28-Mar-25,,ERCOT,,BESS,,pending layout from kevin's team (400),
,,APPLICATION,,,,,,,,,,,,,,,SLF: pending LMP with mohamad (120 MW),
Generation Interconnection,Misae Solar Parks,WIlson Bess TASK 4: INTERCONNECTION SUPPORT &,Joelle Abi-Nahed,Joelle Abi-Nahed,HNTE,Hold (other reason),"5,000",Shiva Amini,Behzad Jandaghi,,1-Dec-26,,ERCOT,,BESS,,,
,,MEETINGS,,,,,,,,,,,,,,,,
Generation Interconnection,Misae Solar Parks,Mojo Solar TASK 1: ERCOT EXPEDITED SS & FIS,Joelle Abi-Nahed,Joelle Abi-Nahed,Fixed,Can be Invoiced and Closed,"18,000",Shiva Amini,Behzad Jandaghi,3-Jan,10-Jan-25,,ERCOT,,BESS,,,
,,APPLICATION,,,,,,,,,,,,,,,,
Generation Interconnection,Misae Solar Parks,Mojo solar TASK 3: INTERCONNECTION SUPPORT &,Joelle Abi-Nahed,Joelle Abi-Nahed,HNTE,Hold (other reason),"5,000",Shiva Amini,Behzad Jandaghi,,1-Dec-26,,ERCOT,,BESS,,please follow up on how to enter the PUN with ERCOT. Ask client first if they approve us reaching out to ERCOT,
,,MEETINGS,,,,,,,,,,,,,,,"Also, check with client when IA will be signed – after all studies are done?",
Generation Interconnection,Misae Solar Parks,Mojo load TASK 1: LOAD INTERCONNECTION SUPPORT,Joelle Abi-Nahed,Joelle Abi-Nahed,Fixed,In progress,"8,000",Abraham Reveles,Behzad Jandaghi,5/23/2025,1-Dec-26,203741,ERCOT,,load,,study approved. batch 0??,
Generation Interconnection,Misae Solar Parks,Mojo load TASK 2: PSS®E MODEL DEVELOPMENT,Joelle Abi-Nahed,Joelle Abi-Nahed,Fixed,Can be Invoiced and Closed,"8,000",Abraham Reveles,Behzad Jandaghi,5/23/2025,30-May-25,203741,ERCOT,,load,,PUN with who? wilson or Mojo? breaker configuration for load?,
Generation Interconnection,Misae Solar Parks,Mojo load TASK 3: DYNAMIC LOAD MODEL ,Joelle Abi-Nahed,Joelle Abi-Nahed,Fixed,Can be Invoiced and Closed,"13,000",Shiva Amini,Behzad Jandaghi,5/23/2025,30-May-25,203741,ERCOT,,load,,,
Generation Interconnection,Misae Solar Parks,Comanche Bess Task 4: General,Joelle Abi-Nahed,Joelle Abi-Nahed,HNTE,Hold (other reason),"15,000",Yara Karam,Behzad Jandaghi,,1-Dec-26,,ERCOT,,BESS,,scoping meeting on 1/22,
,,Interconnection Support,,,,,,,,,,,,,,,,
Generation Interconnection,Misae Solar Parks,Leon Bess Task 4: General  Interconnection Support,Joelle Abi-Nahed,Joelle Abi-Nahed,HNTE,Hold (other reason),"15,000",Georgette Khanfour,Behzad Jandaghi,,1-Dec-26,,ERCOT,,BESS,,scoping meeting on 1/6,
,,,,,,,,,,,,,,,,," intention of adding a 70 MW data center load; however if the data center has the same substation as solar and BESS, WSL metering will not be functional. There will be another meeting to discuss the configuration of the data center load in terms of WSL metering POI, substation, ...",
,,,,,,,,,,,,,,,,,,
,,,,,,,,,,,,,,,,,client wants 2 POIs not 1 for solar+storage.,
,,,,,,,,,,,,,,,,,load request should come from Houston co-op to oncor,
,,,,,,,,,,,,,,,,,we sent scope for combined but will not follow up unless requetsed by oncor,
Generation Interconnection,Misae Solar Parks,WIlson Bess  TASK 3: ERCOT MODEL QUALITY TEST,Joelle Abi-Nahed,Joelle Abi-Nahed,Fixed,Can be Invoiced - leave open,"11,000",Behzad Jandaghi,Joelle Abi-Nahed,6/20/2025,30-Jun-25,,ERCOT,,BESS,,"share equipment or no? if no, cancel",
Generation Interconnection,Misae Solar Parks,MojoSolar TASK 2: ERCOT MODEL QUALITY TEST,Joelle Abi-Nahed,Joelle Abi-Nahed,Fixed,Can be Invoiced - leave open,"11,000",Behzad Jandaghi,Joelle Abi-Nahed,6/20/2025,30-Jun-25,,ERCOT,,BESS,,kick off after discussion with TSP: separate or combined models and tie-lines? can we tap both circuits?,
,,,,,,,,,,,,,,,,,scoping call is on 3/27,
Generation Interconnection,"Misae Solar Parks, LLC",Mojo BESS SLF TASK 2: ERCOT EXPEDITED SS & FIS,Joelle Abi-Nahed,Joelle Abi-Nahed,Fixed,Can be Invoiced and Closed,"24,000",Shiva Amini,Behzad Jandaghi,4/7/2025,14-Apr-25,400997,ERCOT,,BESS,,reactive req is not seprate. every unot should meet full capability,
,,APPLICATION FOR BESS SLF,,,,,,,,,,,,,,,,
Generation Interconnection,"Misae Solar Parks, LLC",Mojo BESS SLF TASK 3: ERCOT MODEL QUALITY TEST–,Joelle Abi-Nahed,Joelle Abi-Nahed,Fixed,Can be Invoiced and Closed,"22,000",Behzad Jandaghi,Joelle Abi-Nahed,6/20/2025,30-Jun-25,400997,ERCOT,,BESS,,,
,,combined SLF,,,,,,,,,,,,,,,,
Generation Interconnection,"Misae Solar Parks, LLC",Mojo BESS SLF TASK 4: INTERCONNECTION SUPPORT &,Joelle Abi-Nahed,Joelle Abi-Nahed,HNTE,Invoice time spent at end of month,"5,000",Shiva Amini,Behzad Jandaghi,,1-Dec-26,400997,ERCOT,,BESS,,,
,,MEETINGS,,,,,,,,,,,,,,,,
Generation Interconnection,"Misae Solar Parks, LLC",Comanche TASK 2: PSS®E MODEL DEVELOPMENT,Joelle Abi-Nahed,Joelle Abi-Nahed,Fixed,Can be Invoiced and Closed,"6,000",Yara Karam,Sonjoy Roy,9/23/2025,30-Sep-25,402784,ERCOT,,load,,500 MW,
Generation Interconnection,"Misae Solar Parks, LLC",Comanche TASK 3: DYNAMIC LOAD MODEL,Joelle Abi-Nahed,Joelle Abi-Nahed,Fixed,Can be Invoiced and Closed,"10,000",Yara Karam,Sonjoy Roy,9/23/2025,30-Sep-25,402784,ERCOT,,load,,500 MW,
Generation Interconnection,"Misae Solar Parks, LLC",Leon TASK 1: LOAD INTERCONNECTION SUPPORT,Joelle Abi-Nahed,Joelle Abi-Nahed,HNTE,In progress,"6,000",Mary Fadlallah,Sonjoy Roy,9/23/2025,10-Dec-26,400644,ERCOT,,load,,74 MW. houston co-op started studies?,
Generation Interconnection,"Misae Solar Parks, LLC",Leon TASK 2: PSS®E MODEL DEVELOPMENT,Joelle Abi-Nahed,Joelle Abi-Nahed,Fixed,Can be Invoiced and Closed,"6,000",Mary Fadlallah,Sonjoy Roy,9/23/2025,30-Sep-25,400644,ERCOT,,load,,74 MW,
Generation Interconnection,"Misae Solar Parks, LLC",Comanche TASK 1: LOAD INTERCONNECTION SUPPORT,Joelle Abi-Nahed,Joelle Abi-Nahed,HNTE,In progress,"6,000",Yara Karam,Sonjoy Roy,9/23/2025,10-Dec-26,402784,ERCOT,,load,,500 MW,
Generation Interconnection,"Misae Solar Parks, LLC",Leon TASK 3: DYNAMIC LOAD MODEL,Joelle Abi-Nahed,Joelle Abi-Nahed,Fixed,Can be Invoiced and Closed,"10,000",Mary Fadlallah,Sonjoy Roy,9/23/2025,30-Sep-25,400644,ERCOT,,load,,74 MW,
Generation Interconnection,Mission Clean ,Mandolin Solar Task 4: Plant Aspen Model,Joelle Abi-Nahed,Joelle Abi-Nahed,Fixed,Can be Invoiced and Closed,"5,000",Georgette Khanfour,Bikram Bhandari,5/16/2026,20-May-26,202640,ERCOT,,Solar,,,
Generation Interconnection,Mission Clean ,Mandolin Storage Task 4: Plant Aspen Model,Joelle Abi-Nahed,Joelle Abi-Nahed,Fixed,Can be Invoiced and Closed,"5,000",Georgette Khanfour,Bikram Bhandari,5/16/2026,20-May-26,202643,ERCOT,,BESS,,,
Generation Interconnection,"MISSION CLEAN ENERGY DEVCO, LLC",Mandolin Solar & BESS phase II TASK 1: ERCOT SS & FIS INTERCONNECTION APPLICATION ,Joelle Abi-Nahed,Joelle Abi-Nahed,Fixed,Can be Invoiced - leave open,"36,000",Georgette Khanfour,Bikram Bhandari,11/3/2025,26-Nov-25,402383 T1,,,,,load? changes to mandolin phase 1?,
Generation Interconnection,"Mission Clean Energy, LLC ",Ridley BESS T1 - T1 ERCOT Expedited FIS Application,Joelle Abi-Nahed,Joelle Abi-Nahed,Fixed,Can be invoiced and closed,"17,500",Georgette Khanfour,Yang Zhou,23-Apr,26-Apr-24,,ERCOT,,BESS,,,
Generation Interconnection,"Mission Clean Energy, LLC ",Ridley Solar T1 - T1 ERCOT Expedited FIS Application,Joelle Abi-Nahed,Joelle Abi-Nahed,Fixed,Can be invoiced and closed,"17,500",Georgette Khanfour,Yang Zhou,23-Apr,26-Apr-24,,ERCOT,,Solar,,,
Generation Interconnection,"Mission Clean Energy, LLC ",Mandolin BESS T1 - T 1: ERCOT SS & FIS,Joelle Abi-Nahed,Joelle Abi-Nahed,Fixed,Can be Invoiced and Closed,"18,000",Georgette Khanfour,Behzad Jandaghi,17-Jun,24-Jun-24,,ERCOT,,,,RFI was sent to us on 5/16,
,,INTERCONNECTION APPLICATION,,,,,,,,,,,,,,,,
Generation Interconnection,"Mission Clean Energy, LLC ",Mandolin Solar T1 - T 1: ERCOT SS & FIS,Joelle Abi-Nahed,Joelle Abi-Nahed,Fixed,Can be Invoiced and Closed,"18,000",Georgette Khanfour,Behzad Jandaghi,17-Jun,24-Jun-24,,Ercot,,,,,
,,INTERCONNECTION APPLICATION,,,,,,,,,,,,,,,,
Generation Interconnection,"Mission Clean Energy, LLC ",Cottontail BESS T4 - T4 Project Interconnection Support,Joelle Abi-Nahed,Joelle Abi-Nahed,HNTE,Invoice time spent at end of month,"5,000",,,,1-Dec-26,,ERCOT,,,,,
Generation Interconnection,"Mission Clean Energy, LLC ",Mandolin BESS T2 - T  2: ERCOT PSS/E MODEL,Joelle Abi-Nahed,Joelle Abi-Nahed,Fixed,Mark as Cancelled,"11,000",Georgette Khanfour,Bikram Bhandari,,25-Apr-25,,ERCOT,,,,"Please hold on the dynamic models for now, I’ll get back to you when that needs to be kicked off",
,,QUALITY TEST AND VRT TUNING,,,,,,,,,,,,,,,,
Generation Interconnection,"Mission Clean Energy, LLC ",Mandolin BESS T3 - T  3: Combined ERCOT PSS/E,Joelle Abi-Nahed,Joelle Abi-Nahed,Fixed,Mark as Cancelled,"11,000",Georgette Khanfour,Bikram Bhandari,,25-Apr-25,,ERCOT,,,,"Please hold on the dynamic models for now, I’ll get back to you when that needs to be kicked off",
,,MODEL QUALITY TEST AND VRT,,,,,,,,,,,,,,,,
,,TUNING,,,,,,,,,,,,,,,,
Generation Interconnection,"Mission Clean Energy, LLC ",Mandolin Solar T2 - T  2: ERCOT PSS/E MODEL,Joelle Abi-Nahed,Joelle Abi-Nahed,Fixed,Mark as Cancelled,"11,000",Georgette Khanfour,Bikram Bhandari,,25-Apr-25,,ERCOT,,,,"Please hold on the dynamic models for now, I’ll get back to you when that needs to be kicked off",
,,QUALITY TEST AND VRT TUNING,,,,,,,,,,,,,,,follow up in August,
Generation Interconnection,"Mission Clean Energy, LLC ",Ridley BESS T2 - T2 ERCOT Model Quality Test and VRT Tuning,Joelle Abi-Nahed,Joelle Abi-Nahed,Fixed,Mark as Cancelled,"10,000",Georgette Khanfour,Yang Zhou,,25-Apr-25,,ERCOT,,BESS,,"Let's hold on this for now, I'll let you know when we're ready to kick this off.",
Generation Interconnection,"Mission Clean Energy, LLC ",Ridley Solar T2.1 - T2.1 ERCOT Model Quality Test and VRT Tuning,Joelle Abi-Nahed,Joelle Abi-Nahed,Fixed,Mark as Cancelled,"10,000",Georgette Khanfour,Yang Zhou,,25-Apr-25,,ERCOT,,Solar,,"Let's hold on this for now, I'll let you know when we're ready to kick this off.",
Generation Interconnection,"Mission Clean Energy, LLC ",Ridley Solar T2.2 - T2.2 ERCOT Model Quality Test and VRT Tuning (Combined),Joelle Abi-Nahed,Joelle Abi-Nahed,Fixed,Mark as Cancelled,"10,000",Georgette Khanfour,Yang Zhou,,25-Apr-25,,ERCOT,,Solar,,"Let's hold on this for now, I'll let you know when we're ready to kick this off.",
,,,,,,,,,,,,,,,,,follow up in october 9aspen + psse mqt),
Generation Interconnection,"Mission Clean Energy, LLC ",Ridley Solar Task 4: Project Interconnection,Joelle Abi-Nahed,Joelle Abi-Nahed,HNTE,Invoice time spent at end of month,"5,000",Georgette Khanfour,,,1-Dec-26,,ERCOT,,,,scoping meeting on 7/18,
,,Support,,,,,,,,,,,,,,,,
Generation Interconnection,Mitsui,Three W Load Project TASK 1: Support Task – Large Load Survey and Application ,Joelle Abi-Nahed,Sonjoy Roy,HNTE,Invoice time spent at end of month,"10,000",Mary Fadlallah,Sonjoy Roy,12/20/2025,30-Dec-26,403315,ERCOT,,Load ,,oncor: they wnat to add bess behind load / battery behind solar,
,,,,,,,,,,,,,,,,,for item 1 - they need to discuss with oncor if allowable / metering ,
Generation Interconnection,Mitsui,Three W Load Project Task 2: PSS®E Steady State & Dynamic Model,Joelle Abi-Nahed,Sonjoy Roy,Fixed,Can be Invoiced and Closed,"18,000",Mary Fadlallah,Sonjoy Roy,3/7/2026,25-Mar-26,403315,ERCOT,,Load ,,oncor,
Generation Interconnection,Mitsui,Three W Load Project Task 3: ERCOT Transmission Analysis - Summer Peak Conditions,Joelle Abi-Nahed,Sonjoy Roy,Fixed,Can be Invoiced and Closed,"25,000",Ghida Hajj Hassan,Sonjoy Roy,3/16/2026,31-Mar-26,403315,ERCOT,,Load ,,oncor,
Generation Interconnection,Monarch Power Inc. ,Monarch Corpus Load Only T4 - T4 Load Interconnection Support,Joelle Abi-Nahed,Joelle Abi-Nahed,HNTE,Mark as Cancelled,"5,000",,,,1-Dec-26,,ERCOT,,,,,
Generation Interconnection,Monarch Power Inc. ,Monarch Orange Grove Gen+Load T2 - T2 ERCOT Model Quality Test and VRT Tuning (Load + Generation),Joelle Abi-Nahed,Joelle Abi-Nahed,Fixed,Mark as Cancelled,"15,000",,,,1-Dec-25,,ERCOT,,,,,
Generation Interconnection,Monarch Power Inc. ,Monarch Orange Grove Gen+Load T4 - T4 Project Interconnection Support,Joelle Abi-Nahed,Joelle Abi-Nahed,HNTE,Mark as Cancelled,"5,000",,,,1-Dec-25,,ERCOT,,,,,
Generation Interconnection,NexAmp,Elkhead TASK 1: NEXAMP TRISTATE GREENBACKER HYBRID PROJECT APPLICATION PACKAGE,Joelle Abi-Nahed,Joelle Abi-Nahed,Fixed,Can be Invoiced - leave open,"26,400",Abraham Reveles,Behzad Jandaghi,9/12/2025,18-Sep-25,402758,WECC,TriState,PV+BESS,,,
Generation Interconnection,NexAmp,Elkhead TASK 2: NEXAMP TRISTATE GREENBACKER HYBRID PSLF USER DEFINED MODEL,Joelle Abi-Nahed,Joelle Abi-Nahed,Fixed,Mark as Cancelled,"16,800",Abraham Reveles,Behzad Jandaghi,,3-Sep-25,402758,WECC,TriState,PV+BESS,,,
Generation Interconnection,NexAmp,Elkhead Task 3: NEXAMP TRISTATE’S GREENBACKER HYBRID ASPEN MODEL DEVELOPMENT,Joelle Abi-Nahed,Joelle Abi-Nahed,Fixed,Can be Invoiced and Closed,"12,000",Abraham Reveles,Behzad Jandaghi,9/12/2025,18-Sep-25,402758,WECC,TriState,PV+BESS,,,
Generation Interconnection,NexAmp,Greenback TASK 1: NEXAMP TRISTATE GREENBACKER HYBRID PROJECT APPLICATION PACKAGE,Joelle Abi-Nahed,Sonjoy Roy,Fixed,Can be Invoiced - leave open,"26,400",Miguel Penagos,Sonjoy Roy,9/12/2025,18-Sep-25,402759,WECC,TriState,PV+BESS,,PO? - received,
Generation Interconnection,NexAmp,Greenback TASK 2: NEXAMP TRISTATE GREENBACKER HYBRID PSLF USER DEFINED MODEL,Joelle Abi-Nahed,Sonjoy Roy,Fixed,Mark as Cancelled,"16,800",Miguel Penagos,Sonjoy Roy,,3-Sep-25,402759,WECC,TriState,PV+BESS,,Received,
Generation Interconnection,NexAmp,Greenback Task 3: NEXAMP TRISTATE’S GREENBACKER HYBRID ASPEN MODEL DEVELOPMENT,Joelle Abi-Nahed,Sonjoy Roy,Fixed,Can be Invoiced and Closed,"12,000",Miguel Penagos,Sonjoy Roy,9/12/2025,18-Sep-25,402759,WECC,TriState,PV+BESS,,Received,
Generation Interconnection,Northern Energy Development,Eagles Nest Task 1: Load Interconnection Support ,Joelle Abi-Nahed,Joelle Abi-Nahed,HNTE,In progress,"15,000",Ghida Hajj Hassan,Sonjoy Roy,4/30/2025,12-Dec-26,400032,ERCOT,,Load,,phase 1/ 2 base load in batch 0,
Generation Interconnection,Northern Energy Development,Eagles Nest TASK 2: PSS®E MODEL DEVELOPMENT,Joelle Abi-Nahed,Joelle Abi-Nahed,Fixed,Can be Invoiced and Closed,"8,000",Ghida Hajj Hassan,Sonjoy Roy,3/7/2025,14-Mar-25,400032,ERCOT,,Load,,,
Generation Interconnection,Northern Energy Development,Eagles Nest TASK 3: DYNAMIC LOAD MODEL ,Joelle Abi-Nahed,Joelle Abi-Nahed,Fixed,Can be Invoiced and Closed,"13,000",Ghida Hajj Hassan,Sonjoy Roy,3/7/2025,14-Mar-25,400032,ERCOT,,Load,,,
Generation Interconnection,Northern Energy Development,Eagles Nest Task 4 -  PSS®E STEADY STATE & DYNAMIC MODEL – ADDITIONAL 300 MW LOAD,Joelle Abi-Nahed,Sonjoy Roy,Fixed,Can be Invoiced and Closed,"16,000",Jonathan Ruiz,Bikram Bhandari,11/26/2025,27-Nov-25,400032,ERCOT,,Load,Organic,JJ: WO on file 11/26,
Generation Interconnection,Nova Clean,Big Spring Data complex TASK 1: LOAD INTERCONNECTION SUPPORT ,Joelle Abi-Nahed,Sonjoy Roy,HNTE,Invoice time spent at end of month,"10,000",,Sonjoy Roy,,1-Dec-26,404405,ERCOT,,load,,approval on modeling?,
Generation Interconnection,Nova Clean,Pecos Wind T11-Planning,Joelle Abi-Nahed,Sonjoy Roy,Fixed,Mark as Cancelled,"10,000",,Sonjoy Roy,,1-Jul-26,400645,ERCOT,,Wind,,Nov QSA,
Generation Interconnection,Nova Clean,Pecos Wind T12-Full Reg,Joelle Abi-Nahed,Sonjoy Roy,Fixed,Mark as Cancelled,"19,000",,Sonjoy Roy,,1-Jul-26,400645,ERCOT,,Wind,,12/1 deadline for 4/1 PLD before May energization,
Generation Interconnection,Nova Clean,Pecos Wind T13-Support,Joelle Abi-Nahed,Joelle Abi-Nahed,HNTE,Invoice time spent at end of month,"5,000",,Sonjoy Roy,,1-Dec-26,400645,ERCOT,,Wind,,,
Generation Interconnection,Nova Clean,Crossroads Wind T10-Planning,Joelle Abi-Nahed,Sonjoy Roy,Fixed,Mark as Cancelled,"10,000",,Sonjoy Roy,,16-Jun-26,401804,ERCOT,,Wind,,to complete or no if sold?,
Generation Interconnection,Nova Clean,Crossroads Wind T11-Full Reg,Joelle Abi-Nahed,Sonjoy Roy,Fixed,Mark as Cancelled,"19,000",,Sonjoy Roy,,16-Jun-26,401804,ERCOT,,Wind,,,
Generation Interconnection,Nova Clean,Crossroads Wind T12-Support,Joelle Abi-Nahed,Joelle Abi-Nahed,HNTE,Invoice time spent at end of month,"5,000",,Sonjoy Roy,,1-Dec-26,401804,ERCOT,,Wind,,,
Generation Interconnection,Nova Clean  Energy LLC,Data center and load modeling - T1 Generation Interconnetcion Support,Joelle Abi-Nahed,Sonjoy Roy,HNTE,In progress,"10,000",Ghida Hajj Hassan,Sonjoy Roy,,1-Dec-26,403318,ERCOT,,load,,,
Generation Interconnection,Nova Clean  Energy LLC,Data center and load modeling - T2 PSSE steady state and dynamic model,Joelle Abi-Nahed,Sonjoy Roy,Fixed,Can be Invoiced - leave open,"20,000",Ghida Hajj Hassan,Sonjoy Roy,10/31/2025,21-Nov-25,403318 T2,ERCOT,,load,,AEP JJ: APPROVE TIME ENTRIES 11/26,
Generation Interconnection,"Nova Clean Energy, LLC",Nova ERCOT (easy wind) T1 - T1 ERCOT Expedited FIS Application,Joelle Abi-Nahed,Joelle Abi-Nahed,Fixed,Can be invoiced and closed,"16,000",Lena Barakat,Yang Zhou,23-Apr,26-Apr-24,,ERCOT,,wind,,,
Generation Interconnection,"Nova Clean Energy, LLC",Windswept T1-ERCOT SS INTERCONNECTION APPLICATION ,Joelle Abi-Nahed,Sonjoy Roy,Fixed,Can be Invoiced and Closed,"5,000",Wissam Estephan,Ghida Hajj Hassan,,30-Jul-26,405903,ERCOT,,wind,,,
Generation Interconnection,"Nova Clean Energy, LLC",Windswept  T2-ERCOT FIS INTERCONNECTION,Joelle Abi-Nahed,Sonjoy Roy,Fixed,Hold (other reason),"13,000",,Sonjoy Roy,,1-Dec-26,405903,ERCOT,,wind,,,
,,APPLICATION ,,,,,,,,,,,,,,,,
Generation Interconnection,"Nova Clean Energy, LLC",Windswept  T3- ERCOT PSSE MODEL QUALITY TEST,Joelle Abi-Nahed,Sonjoy Roy,Fixed,Hold (other reason),"15,000",,Sonjoy Roy,,2-Dec-26,405903,ERCOT,,wind,,,
,,AND TUNING UPDATE,,,,,,,,,,,,,,,,
Generation Interconnection,"Nova Clean Energy, LLC",Windswept  T4-PLANT ASPEN MODEL– IF REQUIRED,Joelle Abi-Nahed,Sonjoy Roy,Fixed,Hold (other reason),"3,500",,Sonjoy Roy,,3-Dec-26,405903,ERCOT,,wind,,,
,,BY TSP,,,,,,,,,,,,,,,,
Generation Interconnection,"Nova Clean Energy, LLC",Windswept T5-GENERAL INTERCONNECTION,Joelle Abi-Nahed,Sonjoy Roy,HNTE,Invoice time spent at end of month,"10,000",,Sonjoy Roy,,4-Dec-26,405903,ERCOT,,wind,,,
,,SUPPORT,,,,,,,,,,,,,,,,
Generation Interconnection,"Nova Clean Energy, LLC",Sanders Hollow T1-ERCOT SS INTERCONNECTION  APPLICATION ,Joelle Abi-Nahed,Sonjoy Roy,Fixed,In progress,"5,000",Wissam Estephan,Sonjoy Roy,10-Sep,15-Aug-26,203826,ERCOT,,wind,,,
Generation Interconnection,"Nova Clean Energy, LLC ",Nova ERCOT T4 - T4 FIS Scoping Meeting & Assistance in Negotiation of the FIS Scope,Joelle Abi-Nahed,Joelle Abi-Nahed,Fixed,Mark as Cancelled,"3,500",,,,30-Jul-24,,ERCOT,,,,follow up with client to kick off - change PM form Sibin to Joelle,
Generation Interconnection,Omega Digital Renewable Energy,Goodnight 2 TASK 9: ERCOT FIS MATERIAL & MODELS UPDATE,Joelle Abi-Nahed,Joelle Abi-Nahed,Fixed,Can be Invoiced and Closed,"15,000",Dibakar Shil,Bikram Bhandari,29-Jul,30-Jul-24,,ERCOT,,,,,
Generation Interconnection,Omega Digital Renewable Energy,Serenity Wind Task 4: ERCOT FIS Interconnection,Joelle Abi-Nahed,Joelle Abi-Nahed,Fixed,Can be Invoiced and Closed,"18,000",Ghida Hajj Hassan,Lena Barakat,3/28/2025,7-Apr-25,,ERCOT,,wind,,972 MW gen,
,,Application – Option 1,,,,,,,,,,,,,,,load on HV side  - > ,
Generation Interconnection,Omega Digital Renewable Energy,Serenity Wind Task 5: ERCOT PSS/E Model Quality Test and VRT Tuning – Option 1,Joelle Abi-Nahed,Joelle Abi-Nahed,Fixed,Mark as Cancelled,"13,000",Lena Barakat,Bikram Bhandari,,24-Mar-26,,ERCOT,,wind,,wait for discussion on 4/11 / change turbines?,
Generation Interconnection,Omega Digital Renewable Energy,Serenity Wind Task 8: Interconnection Support,Joelle Abi-Nahed,Joelle Abi-Nahed,HNTE,Can be Invoiced and Closed,"5,000",Lena Barakat,Bikram Bhandari,,1-Sep-25,201801,ERCOT,,wind,,,
Generation Interconnection,Omega Digital Renewable Energy,Serenity Wind Task 6: ERCOT FIS Interconnection,Joelle Abi-Nahed,Joelle Abi-Nahed,Fixed,Can be Invoiced and Closed,"26,000",Lena Barakat,Bikram Bhandari,2/12/2025,21-Feb-25,,ERCOT,,wind,,retainer was paid but revneu counts when invoiced,
,,Application – Option 2,,,,,,,,,,,,,,,follow up scoping call,
,,,,,,,,,,,,,,,,,follow up new turbines?,
,,,,,,,,,,,,,,,,,kick off dynamic - third party PPC?,
Generation Interconnection,Omega Digital Renewable Energy,Serenity Wind Task 7: ERCOT PSS/E Model Quality Test and VRT Tuning – Option 2,Joelle Abi-Nahed,Joelle Abi-Nahed,Fixed,Mark as Cancelled,"13,000",Lena Barakat,Bikram Bhandari,,24-Mar-26,,ERCOT,,wind,,pending call with oncor/ do same as goodnight,
,,,,,,,,,,,,,,,,,wait for discussion on 4/11 /  change turbines?,
,,,,,,,,,,,,,,,,,scoping meeting on 4/30 at 10 AM CT,
Generation Interconnection,Omega Digital Renewable Energy,Goodnight 2 TASK 4:  TSAT UDM DEVELOPMENT,Joelle Abi-Nahed,Joelle Abi-Nahed,Fixed,Can be Invoiced and Closed,"10,000",Yang Zhou,,,10-May-24,,ERCOT,,,,,
Generation Interconnection,Omega Digital Renewable Energy,Goodnight 2 TASK 3:  PSCAD™ MODEL QUALITY TEST,Joelle Abi-Nahed,Joelle Abi-Nahed,Fixed,Can be Invoiced and Closed,"14,000",Bikram Bhandari,,,10-May-24,,ERCOT,,,,,
Generation Interconnection,Omega Digital Renewable Energy,Goodnight 2 TASK 23:PSCAD AND PSSE AND TSAT NOGRR245 DYNAMIC TESTS,Joelle Abi-Nahed,Joelle Abi-Nahed,Fixed,Can be Invoiced and Closed,"10,000",Bikram Bhandari,Joelle Abi Nahed,,10-Jan-25,,ERCOT,,Wind,,,
Generation Interconnection,Omega Digital Renewable Energy,Goodnight 2 TASK 22: PSCAD AND PSSE AND TSAT PLANT MODEL QUALITY TESTS (ONLY,Joelle Abi-Nahed,Joelle Abi-Nahed,Fixed,Can be Invoiced and Closed,"27,000",Bikram Bhandari,Joelle Abi Nahed,,2-Oct-24,,ERCOT,,Wind,,,
,,GN2),,,,,,,,,,,,,,,,
Generation Interconnection,Omega Digital Renewable Energy,Goodnight 2 TASK 2: PSCAD™ PLANT MODEL DEVELOPMENT,Joelle Abi-Nahed,Joelle Abi-Nahed,Fixed,Can be Invoiced and Closed,"11,000",Bikram Bhandari,,,10-May-24,,ERCOT,,,,discrete controlled cap not fixed,
Generation Interconnection,Omega Digital Renewable Energy,Goodnight 2 TASK 16: PLANNING MODEL DATA & QSA REQUIREMENTS SUPPORT,Joelle Abi-Nahed,Joelle Abi-Nahed,Fixed,Can be Invoiced - leave open,"10,000",Bikram Bhandari,Joelle Abi Nahed,,10-Feb-25,,ERCOT,,Wind,,,
Generation Interconnection,Omega Digital Renewable Energy,Goodnight 2 TASK 15: COMBINED REACTIVE POWER COMPENSATION STUDY,Joelle Abi-Nahed,Joelle Abi-Nahed,Fixed,Can be Invoiced and Closed,"15,000",Sonjoy Roy,Bikram Bhandari,18-Nov,22-Nov-24,,ERCOT,,Wind,,,
Generation Interconnection,Omega Digital Renewable Energy,Goodnight 2 TASK 14: REACTIVE POWER COMPENSATION STUDY,Joelle Abi-Nahed,Joelle Abi-Nahed,Fixed,Hold (other reason),"15,000",Behzad Jandaghi,Joelle Abi Nahed,,30-Dec-26,,ERCOT,,Wind,,may not be needed as completed by Barr,
,,,,,,,,,,,,,,,,,may cancel,
Generation Interconnection,Omega Digital Renewable Energy,Goodnight 2 TASK 13: TSAT UDM DEVELOPMENT,Joelle Abi-Nahed,Joelle Abi-Nahed,Fixed,Can be Invoiced and Closed,"9,000",Bikram Bhandari,Joelle Abi Nahed,16-Aug,30-Aug-24,,ERCOT,,,,,
Generation Interconnection,Omega Digital Renewable Energy,TASK 1: GN1+GN2 WIND+LOAD MODEL,Joelle Abi-Nahed,Joelle Abi-Nahed,Fixed,Can be Invoiced and Closed,"10,000",Bikram Bhandari,Joelle Abi Nahed,,29-Oct-24,,ERCOT,,,,,
Generation Interconnection,Omega Digital Renewable Energy,Goodnight 2 TASK 12: PSCAD™ MODEL QUALITY TEST,Joelle Abi-Nahed,Joelle Abi-Nahed,Fixed,Can be Invoiced and Closed,"12,000",Bikram Bhandari,Joelle Abi Nahed,16-Aug,30-Aug-24,,ERCOT,,,,,
Generation Interconnection,Omega Digital Renewable Energy,Goodnight 2 TASK 11: PSCAD™ PLANT MODEL DEVELOPMENT,Joelle Abi-Nahed,Joelle Abi-Nahed,Fixed,Can be Invoiced and Closed,"9,000",Bikram Bhandari,Joelle Abi Nahed,16-Aug,30-Aug-24,,ERCOT,,,,,
Generation Interconnection,Omega Digital Renewable Energy,Goodnight 2 TASK 10: ERCOT PSS/E MODEL QUALITY TEST AND VRT TUNING,Joelle Abi-Nahed,Joelle Abi-Nahed,Fixed,Can be Invoiced and Closed,"9,000",Bikram Bhandari,Joelle Abi Nahed,16-Aug,30-Aug-24,,ERCOT,,,,,
Generation Interconnection,Omega Digital Renewable Energy,serenity TASK 1: LOAD INTERCONNECTION SUPPORT - option 1,Joelle Abi-Nahed,Joelle Abi-Nahed,HNTE,Invoice time spent at end of month,"8,000",Jonathan Ruiz,Georgette Khanfour,,30-Dec-26,201801,ERCOT,,load,,invoice after discussion with oncor,
Generation Interconnection,Omega Digital Renewable Energy,serenity TASK 2: PSS®E MODEL DEVELOPMENT  - option 1,Joelle Abi-Nahed,Joelle Abi-Nahed,Fixed,Can be Invoiced and Closed,"8,000",Jonathan Ruiz,Georgette Khanfour,,25-Feb-26,201801,ERCOT,,load,,don't invoice if not needed,
Generation Interconnection,Omega Digital Renewable Energy,serenity TASK 3: DYNAMIC LOAD MODEL   - option 1,Joelle Abi-Nahed,Joelle Abi-Nahed,Fixed,Can be Invoiced and Closed,"13,000",Jonathan Ruiz,Georgette Khanfour,,25-Feb-26,201801,ERCOT,,load,,,
Generation Interconnection,Omega Digital Renewable Energy,serenity TASK 1: LOAD INTERCONNECTION SUPPORT  - option 2,Joelle Abi-Nahed,Joelle Abi-Nahed,HNTE,Invoice time spent at end of month,"8,000",Jonathan Ruiz,Georgette Khanfour,,30-Dec-26,201801,ERCOT,,load,,invoice after discussion with oncor,
Generation Interconnection,Omega Digital Renewable Energy,serenity  TASK 2: PSS®E MODEL DEVELOPMENT  - option 2,Joelle Abi-Nahed,Joelle Abi-Nahed,Fixed,Can be Invoiced and Closed,"8,000",Jonathan Ruiz,Georgette Khanfour,,25-Feb-26,201801,ERCOT,,load,,load is on 345-don't invoice if not needed,
,,,,,,,,,,,,,,,,,Both RIOO and PSSE model reflects 11.9-mile gen-tie length upon confirmation (attached email) . Please let us know if we need to update the gen-tie length as there is a mention of shorter gen-tie line.,
Generation Interconnection,Omega Digital Renewable Energy,serenity TASK 3: DYNAMIC LOAD MODEL  - option 2,Joelle Abi-Nahed,Joelle Abi-Nahed,Fixed,Can be Invoiced and Closed,"13,000",Jonathan Ruiz,Georgette Khanfour,,25-Feb-26,201801,ERCOT,,load,,pending call with oncor. follow up on call?,
Generation Interconnection,Omega Digital Renewable Energy,Goodnight 2 TASK 1: ERCOT PSS/E MODEL QUALITY TEST AND VRT TUNING,Joelle Abi-Nahed,Joelle Abi-Nahed,Fixed,Can be invoiced and closed,"11,000",Yang Zhou,,,26-Apr-24,,ERCOT,,,,,
Generation Interconnection,Ormat,Bird Dog TASK 22: PSCAD AND PSSE PLANT MODEL UPDATE AND MODEL QUALITY TESTS,Joelle Abi-Nahed,Joelle Abi-Nahed,Fixed,Can be Invoiced and Closed,"25,000",Sonjoy Roy,Joelle Abi-Nahed,8/7/2025,18-Aug-25,400394,ERCOT,,BESS,,follow up with STEC after august qsa. bring it up 8/5,
,,POST COD OR BEFORE PLD – 21 INVERTERS,,,,,,,,,,,,,,,,
Generation Interconnection,Ormat,Bird Dog TASK 23: REACTIVE POWER COMPENSATION STUDY – 21 INVERTERS ,Joelle Abi-Nahed,Joelle Abi-Nahed,Fixed,Can be Invoiced and Closed,"11,000",Shiva Amini,Behzad Jandaghi,8/7/2025,18-Aug-25,400394,ERCOT,,BESS,,,
Generation Interconnection,Ormat,Bird Dog TASK 24: RIOO-RS UPDATE – 21 INVERTERS,Joelle Abi-Nahed,Joelle Abi-Nahed,Fixed,Can be Invoiced and Closed,"5,000",Behzad Jandaghi,Bikram Bhandari,8/7/2025,18-Aug-25,400394,ERCOT,,BESS,,,
Generation Interconnection,Ormat,ORMAT interconnection support (ERCOT and WECC) - T1 project Portfolio support,Joelle Abi-Nahed,Joelle Abi-Nahed,Fixed,Can be Invoiced and Closed,"39,600",Bikram Bhandari,Joelle Abi-Nahed,,30-Nov-25,403129,ERCOT,,,,JJ: INVOICED 11/30,
Generation Interconnection,Ormat,ORMAT interconnection support (ERCOT and WECC) - T1 project Portfolio support,Joelle Abi-Nahed,Joelle Abi-Nahed,Fixed,Can be Invoiced and Closed,"19,800",Bikram Bhandari,Joelle Abi-Nahed,,26-Dec-25,403129,ERCOT,,,,,
Generation Interconnection,Orsted,Thalia Solar 2 - SPP-3 - T3 SPP DISIS APPLICATION UPDATES,Joelle Abi-Nahed,Lea El Khoury,Fixed,Can be Invoiced and Closed,"8,500",Elias Chedid,Lea El Khoury,5/4/2026,12-May-26,400297,Other,,,,"Solar - DISIS-2024-317 which is just reducing from 300 MW to 250 MW. so the project will need to be resized, but the other data should be the same. / reduce inverter count but use inverter for reactive and not cap banks",
Generation Interconnection,Panamint,Big rooter DC T1- Load Support,Joelle Abi-Nahed,Lea El Khoury,HNTE,Invoice time spent at end of month,"10,000",,Lea El Khoury,,1-Dec-26,404845,ERCOT,,Load,,,
Generation Interconnection,Panamint,Big rooter DC T2- Load Dynamic model Update,Joelle Abi-Nahed,Lea El Khoury,Fixed,Can be Invoiced and Closed,"9,000",Marise El Nacouzi,Perla Boulos,4/23/2026,28-Apr-26,404845,ERCOT,,Load,,,
Generation Interconnection,"Panamint Power, LLC",Big Rooter T1- Solar ERCOT Interconnection Support,Joelle Abi-Nahed,Lea El Khoury,HNTE,Invoice time spent at end of month,"30,000",Lea El Khoury,Joelle Abi-Nahed,,1-Dec-26,404118,ERCOT,,solar+BESS,Organic,,
Generation Interconnection,"PCL Solar Constructors USA,INC",Barrett IFC PSCAD Plant Model and MQT,Joelle Abi-Nahed,Sonjoy Roy,Fixed,Can be Invoiced and Closed,"30,000",Miguel Penagos,Bikram Bhandari,12/24/2025,31-Dec-25,402900,,,,,"JJ: Email sent 11/14 waiting for follow up regarding PO / PO#00011010-OS, PO is attached / No info in CORE / (PO is attached in SF) ",
Generation Interconnection,PCR,Wadley T4 : Drawing Review and PE Stamp Support,Joelle Abi-Nahed,Joelle Abi-Nahed,Fixed,Can be invoiced and closed,"2,000",Georgette Khanfour,Joelle Abi Nahed,,29-Mar-24,,WECC,,BESS,,,
,,(2 drawings) ,,,,,,,,,,,,,,,,
Generation Interconnection,PCR,Wadley T5 : Drawing Review and PE Stamp Support,Joelle Abi-Nahed,Joelle Abi-Nahed,Fixed,Can be invoiced and closed,"2,000",Georgette Khanfour,Joelle Abi Nahed,,10-May-24,,WECC,,BESS,,,
,,(2 drawings) ,,,,,,,,,,,,,,,,
Generation Interconnection,Peregrine Energy Solutions,Mallard BESS - T13 – IFC PSCAD Plant Model Development and MQTs,Joelle Abi-Nahed,Lea El Khoury,Fixed,In progress,"35,000",Marise El Nacouzi,Sonjoy Roy,,20-Sep-26,200481,ERCOT,,BESS,Organic,ISD will lmost likely be moved to fall 2026. Client to circle back on new timeline,
Generation Interconnection,Peregrine Energy Solutions,Mallard BESS - T22 - General Interconnection Support,Joelle Abi-Nahed,Lea El Khoury,HNTE,Invoice time spent at end of month,"15,000",Lea El Khoury,Lea El Khoury,,30-Dec-26,200481,ERCOT,,BESS,Organic,,
Generation Interconnection,"Peregrine Energy Solutions, LLC ",Flat Iron Energy Storage T2 - T2 Project Interconnection Support,Joelle Abi-Nahed,Joelle Abi-Nahed,HNTE,Mark as Cancelled,"10,000",,,,1-Dec-25,,ERCOT,,,,,
Generation Interconnection,"Peregrine Energy Solutions, LLC ",Mike the Headless Chicken Energy Storage T2 - T2 Project Interconnection Support,Joelle Abi-Nahed,Joelle Abi-Nahed,HNTE,Mark as Cancelled,"10,000",,,,1-Dec-25,,ERCOT,,,,,
Generation Interconnection,"Pine Gate Renewables, LLC ",Piccolo Solar + Storage project T2 - T2 Project Interconnection Support,Joelle Abi-Nahed,Joelle Abi-Nahed,HNTE,Mark as Cancelled,"5,000",,,,1-Dec-25,,ERCOT,,,,,
Generation Interconnection,"Pine Gate Renewables, LLC ",Diadem Solar + Storage project T2 - T2 Project Interconnection Support,Joelle Abi-Nahed,Joelle Abi-Nahed,HNTE,Mark as Cancelled,"5,000",,,,1-Dec-25,,WECC,,,,,
Generation Interconnection,Plug Power,TASK 1: LOAD GENERAL INTERCONNECTION SUPPORT,Joelle Abi-Nahed,Joelle Abi-Nahed,HNTE,Invoice time spent at end of month,"10,000",,Bikram Bhandari,,1-Dec-26,403530,ERCOT,,load,,,
Generation Interconnection,Plug Power (headwaters Site Development),Graham Load TASK 1: LOAD GENERAL INTERCONNECTION SUPPORT,Joelle Abi-Nahed,Joelle Abi-Nahed,HNTE,Invoice time spent at end of month,"7,000",,Bikram Bhandari,,1-Dec-26,405494,ERCOT,,Load,,,
Generation Interconnection,Plug Power (headwaters Site Development),Midlothian Load TASK 1: LOAD GENERAL INTERCONNECTION SUPPORT,Joelle Abi-Nahed,Joelle Abi-Nahed,HNTE,Invoice time spent at end of month,"7,000",,Bikram Bhandari,,1-Dec-26,405495,ERCOT,,Load,,,
Generation Interconnection,Plug Power (headwaters Site Development),Waxahatchie Load TASK 1: LOAD GENERAL INTERCONNECTION SUPPORT,Joelle Abi-Nahed,Joelle Abi-Nahed,HNTE,Invoice time spent at end of month,"7,000",Bikram Bhandari,Joelle Abi-Nahed,5/5/2026,1-Dec-26,405469,ERCOT,,Load,,,
Generation Interconnection,Primergy,TASK 1: PRELIMINARY COLLECTOR SYSTEM  DESIGN,Joelle Abi-Nahed,Joelle Abi-Nahed,Fixed,Can be Invoiced and Closed,"5,000",Sonjoy Roy,Joelle Abi Nahed,,17-Dec-24,203784,PJM,,,,,
Generation Interconnection,Primergy,"TASK 2: PJM DYNAMIC MODEL DEVELOPMENT, TESTING AND REPORT",Joelle Abi-Nahed,Joelle Abi-Nahed,Fixed,Can be Invoiced and Closed,"10,625",Sonjoy Roy,Joelle Abi Nahed,,17-Dec-24,203784,PJM,,,,,
Generation Interconnection,Primergy,Task 3: support,Joelle Abi-Nahed,Sonjoy Roy,HNTE,Mark as Cancelled,"13,000",Sonjoy Roy,,,1-Dec-25,,,,,,SLD update/ queue point update/ model review,
Generation Interconnection,Primergy,PJM Support,Joelle Abi-Nahed,Sonjoy Roy,HNTE,Can be Invoiced and Closed,"5,000",,Sonjoy Roy,,30-Dec-25,203784,,,,,,
Generation Interconnection,"PSG Operating Company, LLC ",Panhandle Flagship Solar T4 - T4 Project Interconnection Support,Joelle Abi-Nahed,Joelle Abi-Nahed,HNTE,Mark as Cancelled,"5,000",,,,1-Dec-25,,ERCOT,,Solar,,,
Generation Interconnection,"PSG Operating Company, LLC ",Panhandle Flagship Storage T5 - T5 Project Interconnection Support,Joelle Abi-Nahed,Joelle Abi-Nahed,HNTE,Mark as Cancelled,"5,000",,,,1-Dec-25,,ERCOT,,BESS,,,
Generation Interconnection,"Red River Clean Energy, LLC ",Jaguarundi Solar T4 - T4 Project Interconnection Support,Joelle Abi-Nahed,Joelle Abi-Nahed,HNTE,Mark as Cancelled,"5,000",,,,1-Dec-25,,ERCOT,,,,,
Generation Interconnection,"Red River Clean Energy, LLC ",Wolf Spring Storage T3 - T3 Project Interconnection Support,Joelle Abi-Nahed,Joelle Abi-Nahed,HNTE,Mark as Cancelled,"5,000",,,,1-Dec-25,,ERCOT,,BESS,,,
Generation Interconnection,Renova Inc,WAPA T3: INTERCONNECTION PROCESS OVERVIEW,Joelle Abi-Nahed,Joelle Abi-Nahed,Fixed,Can be Invoiced and Closed,"8,000",Yang Zhou,Joelle Abi Nahed,,29-Mar-24,,WECC,,,,,
Generation Interconnection,Repsol (Connect Gen),Repsol CG Leon County (nabato) solar T1 - T1 FIS application,Joelle Abi-Nahed,Joelle Abi-Nahed,Fixed,Can be Invoiced and Closed,"18,000",Shiva Amini,Behzad Jandaghi,5/14/2025,27-May-25,400931,ERCOT,,PV,,executed TO?,
Generation Interconnection,Repsol Renewables North America,CG Leon County II Solar Task 4: ERCOT FIS Material & Models Update,Joelle Abi-Nahed,Joelle Abi-Nahed,Fixed,Can be Invoiced and Closed,"2,500",Shiva Amini,Behzad Jandaghi,12/17/2025,31-Dec-25,402979,ERCOT,,PV,,,
Generation Interconnection,Repsol Renewables North America,CG Leon County II Solar Task 5: ERCOT PSS/E Model Quality Test and Tuning Update,Joelle Abi-Nahed,Joelle Abi-Nahed,Fixed,Can be Invoiced and Closed,"5,500",Abraham Reveles,Behzad Jandaghi,9-Jan-26,26-Jan-26,402979,ERCOT,,PV,,,
Generation Interconnection,Repsol Renewables North America,CG Leon County II Solar Task 6: PSCAD™ Model Quality Test,Joelle Abi-Nahed,Joelle Abi-Nahed,Fixed,Can be Invoiced and Closed,"7,000",Abraham Reveles,Behzad Jandaghi,9-Jan-26,26-Jan-26,402979,ERCOT,,PV,,,
Generation Interconnection,Repsol Renewables North America,CG Leon County II Solar Task 7: PSS®E and PSCAD™ Model  Benchmarking Study,Joelle Abi-Nahed,Joelle Abi-Nahed,Fixed,Can be Invoiced and Closed,"4,500",Abraham Reveles,Behzad Jandaghi,9-Jan-26,26-Jan-26,402979,ERCOT,,PV,,,
Generation Interconnection,Repsol Renewables North America,CG Leon County II Solar Task 8: Reactive Power Compensation Study,Joelle Abi-Nahed,Joelle Abi-Nahed,Fixed,Can be Invoiced and Closed,"11,500",Shiva Amini,Behzad Jandaghi,12/17/2025,31-Dec-25,402979,ERCOT,,PV,,,
Generation Interconnection,Repsol Renewables North America,CG Leon County II Solar Task 9: Aspen Model,Joelle Abi-Nahed,Joelle Abi-Nahed,Fixed,Can be Invoiced and Closed,"5,000",Shiva Amini,Behzad Jandaghi,9-Jan-26,26-Jan-26,402979,ERCOT,,PV,,,
Generation Interconnection,Repsol Renewables North America,CG Leon County II Solar Task 4: ERCOT FIS Material & Models Update,Joelle Abi-Nahed,Joelle Abi-Nahed,Fixed,Can be Invoiced and Closed,"2,500",Shiva Amini,Behzad Jandaghi,12/17/2025,31-Dec-25,403957,ERCOT,,PV,,,
Generation Interconnection,Repsol Renewables North America,CG Leon County II Solar Task 5: ERCOT PSS/E Model Quality Test and Tuning Update,Joelle Abi-Nahed,Joelle Abi-Nahed,Fixed,Can be Invoiced and Closed,"5,500",Abraham Reveles,Behzad Jandaghi,9-Jan-26,26-Jan-26,403957,ERCOT,,PV,,,
Generation Interconnection,Repsol Renewables North America,CG Leon County II Solar Task 6: PSCAD™ Model Quality Test,Joelle Abi-Nahed,Joelle Abi-Nahed,Fixed,Can be Invoiced and Closed,"7,000",Abraham Reveles,Behzad Jandaghi,9-Jan-26,26-Jan-26,403957,ERCOT,,PV,,,
Generation Interconnection,Repsol Renewables North America,CG Leon County II Solar Task 7: PSS®E and PSCAD™ Model  Benchmarking Study,Joelle Abi-Nahed,Joelle Abi-Nahed,Fixed,Can be Invoiced and Closed,"4,500",Abraham Reveles,Behzad Jandaghi,9-Jan-26,26-Jan-26,403957,ERCOT,,PV,,,
Generation Interconnection,Repsol Renewables North America,CG Leon County II Solar Task 22:Aspen Model,Joelle Abi-Nahed,Joelle Abi-Nahed,Fixed,Can be Invoiced and Closed,"5,000",Shiva Amini,Behzad Jandaghi,9-Jan-26,26-Jan-26,403957,ERCOT,,PV,,,
Generation Interconnection,Repsol Renewables North America,CG Leon County II Solar Task 8: Reactive Power Compensation Study,Joelle Abi-Nahed,Joelle Abi-Nahed,Fixed,Can be Invoiced and Closed,"11,500",Shiva Amini,Behzad Jandaghi,12/17/2025,31-Dec-25,403957,ERCOT,,PV,,,
Generation Interconnection,RKB,Grizzly Ridge Solar T8 - RIOO INTERCONNECTION SUPPORT ,Joelle Abi-Nahed,Lea El Khoury,HNTE,Invoice time spent at end of month,"7,000",,Lea El Khoury,,3-Dec-26,404950,ERCOT,,Solar + BESS,,,
Generation Interconnection,Rosendin,Brazoria (tanglewood) T1 IFC model and MQT,Joelle Abi-Nahed,Joelle Abi-Nahed,Fixed,Can be Invoiced and Closed,"30,000",Bikram Bhandari,Joelle Abi-Nahed,7/25/2025,31-Jul-25,400726,ERCOT,,PV,,SG3600 / ulteig PPC,
TPGEN,RPower LLC ,ERCOT Generation & Load Project T1 - T1 HIGH-LEVEL TRANSMISSION ANALYSIS,Joelle Abi-Nahed,Joelle Abi-Nahed,Fixed,Can be Invoiced - leave open,"27,000",Bikram Bhandari,Joelle Abi Nahed,10-May,24-May-24,,ERCOT,,,,follow up 9/16,
Generation Interconnection,RPower LLC ,ERCOT Generation & Load Project T2 - T2 Load Sensitivity,Joelle Abi-Nahed,Joelle Abi-Nahed,Fixed,Can be Invoiced - leave open,"12,000",Bikram Bhandari,Joelle Abi Nahed,10-May,31-May-24,,ERCOT,,,,follow up 9/16,
Generation Interconnection,RPower LLC ,ERCOT Generation & Load Project T3 - T3  Full Transmission Analysis,Joelle Abi-Nahed,Joelle Abi-Nahed,Fixed,Can be Invoiced - leave open,"32,000",Bikram Bhandari,Joelle Abi Nahed,19-Jun,25-Jun-24,,ERCOT,,,,follow up 9/16,
Generation Interconnection,Sabanci ,Lucky 7 One Time-7 - T7 Planning Model Data & QSA Requirements Support,Joelle Abi-Nahed,Joelle Abi-Nahed,Fixed,Can be Invoiced and Closed,"7,000",Shiva Amini,Behzad Jandaghi,3/5/2026,31-Mar-26,402504,ERCOT,,,Other team,,
Generation Interconnection,Sabanci ,Lucky 7 One Time-10 - T10 General Technical Support,Joelle Abi-Nahed,Joelle Abi-Nahed,HNTE,Invoice time spent at end of month,"4,000",,Behzad Jandaghi,,1-Dec-26,402504,ERCOT,,,Other team,,
Generation Interconnection,Sabanci ,Lucky 7 One Time  T8 Full Registration ,Joelle Abi-Nahed,Joelle Abi-Nahed,Fixed,Hold (other reason),"15,000",Shiva Amini,Behzad Jandaghi,11/10/2026,1-Dec-26,402504,ERCOT,,,Other team,12/2026 deadline for 4/2027 PLD,
Generation Interconnection,Sabanci ,Lucky 7 One Time-T9- IFC reactive study ,Joelle Abi-Nahed,Joelle Abi-Nahed,Fixed,Hold (other reason),"9,500",Siddhesh Thorat,Behzad Jandaghi,,1-Dec-26,402504,ERCOT,,,Other team,,
Generation Interconnection,Sabanci ,Lucky 7 One Time-T11- Pre ocmmissionign PPC and Inverter Setting,Joelle Abi-Nahed,Joelle Abi-Nahed,Fixed,Hold (other reason),"22,500",,Behzad Jandaghi,,1-Dec-26,402504,ERCOT,,,Other team,,
Generation Interconnection,Sabanci ,Pepper Solar Project - T7 Planning Model Data & QSA Requirements Support,Joelle Abi-Nahed,Joelle Abi-Nahed,Fixed,Can be Invoiced and Closed,"7,000",Shiva Amini,Behzad Jandaghi,3/5/2026,31-Mar-26,402505,ERCOT,,,Other team,,
Generation Interconnection,Sabanci ,Pepper Solar Project - T4 PSCAD Model Development,Joelle Abi-Nahed,Joelle Abi-Nahed,Fixed,Can be Invoiced and Closed,"7,000",Siddhesh Thorat,Behzad Jandaghi,1/23/2026,30-Jan-26,402505,ERCOT,,,Other team,,
Generation Interconnection,Sabanci ,Pepper Solar Project - T6 PSSE and PSCAD Model Benchmarking,Joelle Abi-Nahed,Joelle Abi-Nahed,Fixed,Can be Invoiced and Closed,"11,500",Siddhesh Thorat,Behzad Jandaghi,1/23/2026,30-Jan-26,402505,ERCOT,,,Other team,,
Generation Interconnection,Sabanci ,Pepper Solar Project - T5 PSCAD Model Quality Test,Joelle Abi-Nahed,Joelle Abi-Nahed,Fixed,Can be Invoiced and Closed,"9,500",Siddhesh Thorat,Behzad Jandaghi,1/23/2026,30-Jan-26,402505,ERCOT,,,Other team,,
Generation Interconnection,Sabanci ,Pepper Solar Project - T10 General Technical Support,Joelle Abi-Nahed,Joelle Abi-Nahed,HNTE,Invoice time spent at end of month,"4,000",Shiva Amini,Behzad Jandaghi,,1-Dec-26,402505,ERCOT,,,Other team,,
Generation Interconnection,Sabanci ,Pepper Solar Project -T8 Full Registration ,Joelle Abi-Nahed,Joelle Abi-Nahed,Fixed,Hold (other reason),"15,000",Shiva Amini,Behzad Jandaghi,11/10/2026,1-Dec-26,402505,ERCOT,,,Other team,12/2026 deadline for 4/2027 PLD,
Generation Interconnection,Sabanci ,Pepper Solar Project - T9- IFC reactive study ,Joelle Abi-Nahed,Joelle Abi-Nahed,Fixed,Hold (other reason),"9,500",Siddhesh Thorat,Behzad Jandaghi,,1-Dec-26,402505,ERCOT,,,Other team,,
Generation Interconnection,Sabanci ,Pepper Solar Project - T11- Pre ocmmissionign PPC and Inverter Setting,Joelle Abi-Nahed,Joelle Abi-Nahed,Fixed,Hold (other reason),"22,500",Shiva Amini,Behzad Jandaghi,,1-Dec-26,402505,ERCOT,,,Other team,,
Generation Interconnection,Sabanci ,Lucky 7 One Time-4 - T4 PSCAD Model Development,Joelle Abi-Nahed,Sonjoy Roy,Fixed,Can be Invoiced and Closed,"7,000",Yara Karam,Sonjoy Roy,1/23/2026,30-Jan-26,402504,ERCOT,,,Other team,nov 2026 QSA,
,,,,,,,,,,,,,,,,,MPT overload?,
Generation Interconnection,Sabanci ,Lucky 7 One Time-6 - T6 PSSE and PSCAD Model Benchmarking,Joelle Abi-Nahed,Sonjoy Roy,Fixed,Can be Invoiced and Closed,"11,500",Yara Karam,Sonjoy Roy,1/23/2026,30-Jan-26,402504,ERCOT,,,Other team,,
Generation Interconnection,Sabanci ,Lucky 7 One Time-5 - T5 PSCAD Model Quality Test,Joelle Abi-Nahed,Sonjoy Roy,Fixed,Can be Invoiced and Closed,"9,500",Yara Karam,Sonjoy Roy,1/23/2026,30-Jan-26,402504,ERCOT,,,Other team,,
Generation Interconnection,"SB Energy DevCo (US), LLC ",Athos I and II TASK 1: PSCAD™ PLANT MODEL UPDATE,Joelle Abi-Nahed,Joelle Abi-Nahed,Fixed,Can be Invoiced and Closed,"22,000",Sonjoy Roy,Joelle Abi Nahed,27-Aug,30-Aug-24,,CAISO,,,,,
Generation Interconnection,"SB Energy DevCo (US), LLC ",Forty Mile North T2 - T2 PROJECT INTERCONNECTION SUPPORT,Joelle Abi-Nahed,Joelle Abi-Nahed,HNTE,Mark as Cancelled,"5,000",,,,1-Dec-25,,WECC,,Solar+BESS,,,
Generation Interconnection,"SB Energy DevCo (US), LLC ",Forty Mile South T2 - T2 PROJECT INTERCONNECTION SUPPORT,Joelle Abi-Nahed,Joelle Abi-Nahed,HNTE,Mark as Cancelled,"11,000",,,,1-Dec-25,,WECC,,Solar+BESS,,,
TPGEN,Sempra,Sempra ERCOT Wide Transmission Analysis,Joelle Abi-Nahed,Joelle Abi-Nahed,Fixed,Can be Invoiced - leave open,"55,000",Bikram Bhandari,Joelle Abi-Nahed,2/26/2026,28-Feb-26,403233,ERCOT,,,,,
Generation Interconnection,Serena,General Support,Joelle Abi-Nahed,Joelle Abi-Nahed,HNTE,Hold (other reason),"10,000",Joelle Abi-Nahed,,,1-Dec-26,401664,ERCOT,,Wind,,,
Generation Interconnection,Shell,Friendswood GENCO Expansion T1- TDSP INTERCONNECTION,Joelle Abi-Nahed,Joelle Abi-Nahed,Fixed,In progress,"10,000",Ghida Hajj Hassan,Sonjoy Roy,,1-Dec-26,400782,ERCOT,,gas,,needed or not??,
,,APPLICATION (IF REQUIRED),,,,,,,,,,,,,,,PO?,
Generation Interconnection,Shell,Friendswood GENCO Expansion T2-FULL REGISTRATION RARF &,Joelle Abi-Nahed,Joelle Abi-Nahed,Fixed,In progress,"19,000",Ghida Hajj Hassan,Sonjoy Roy,10-Sep,15-Sep-26,400782,ERCOT,,gas,,PO?,
,,ERCOT REGISTRATION SUPPORT ,,,,,,,,,,,,,,,,
Generation Interconnection,Shell,Friendswood GENCO Expansion T3-ERCOT PSS/E MODEL,Joelle Abi-Nahed,Joelle Abi-Nahed,Fixed,In progress,"11,000",Ghida Hajj Hassan,Sonjoy Roy,10-Sep,15-Sep-26,400782,ERCOT,,gas,,PO? combined?,
,,QUALITY TEST AND VRT TUNING,,,,,,,,,,,,,,,,
Generation Interconnection,Shell,Friendswood GENCO Expansion T4-GENERAL INTERCONNECTION,Joelle Abi-Nahed,Joelle Abi-Nahed,HNTE,Invoice time spent at end of month,"15,000",Ghida Hajj Hassan,Sonjoy Roy,,1-Dec-26,400782,ERCOT,,gas,,PO?,
,,SUPPORT ,,,,,,,,,,,,,,,,
TPGEN,Skylar Opportunities LLC ,CAISO Merced Project T1 - T1 Full Transmission Analysis,Joelle Abi-Nahed,Joelle Abi-Nahed,Fixed,Can be Invoiced and Closed,"18,000",Bikram Bhandari,Joelle Abi Nahed,28-Mar,12-Apr-24,,WECC,CAISO,solar,,,
TPGEN,Skyline renewables / Energy Ventures,ERCOT North BESS Adder TASK 1: FULL TRANSMISSION,Joelle Abi-Nahed,Joelle Abi-Nahed,Fixed,Can be Invoiced and Closed,"20,000",Bikram Bhandari,Joelle Abi Nahed,8/16/2024,16-Aug-24,,ERCOT,,,,storage to exisitng solar,
,,ANALYSIS,,,,,,,,,,,,,,,follow up week of  9/4,
Generation Interconnection,Skyline renewables / Energy Ventures,ERCOT North BESS Adder TASK 3: ERCOT EXPEDITED SS & FIS APPLICATION,Joelle Abi-Nahed,Joelle Abi-Nahed,Fixed,Mark as Cancelled,"18,000",Yara Karam,Bikram Bhandari,,10-Nov-25,,ERCOT,,,,,
Generation Interconnection,Skyline renewables / Energy Ventures,ERCOT North BESS Adder TASK 4: ERCOT MODEL QUALITY,Joelle Abi-Nahed,Joelle Abi-Nahed,Fixed,Mark as Cancelled,"11,000",Yara Karam,Bikram Bhandari,,10-Nov-25,,ERCOT,,,,check with LCRA if model shoul dbe only storage or combined,
,,TEST,,,,,,,,,,,,,,,,
Generation Interconnection,Skyline renewables / Energy Ventures,ERCOT North BESS Adder TASK 5: INTERCONNECTION SUPPORT,Joelle Abi-Nahed,Joelle Abi-Nahed,HNTE,Mark as Cancelled,"5,000",Yara Karam,Bikram Bhandari,,10-Nov-25,,ERCOT,,,,,
,,& MEETINGS,,,,,,,,,,,,,,,,
System Studies,SMT Energy , SMT McAllen II BESS T4 - T4 Reactive Power Study,Joelle Abi-Nahed,Joelle Abi-Nahed,Fixed,Mark as Cancelled,"13,000",,,,1-Dec-24,,ERCOT,,BESS,,,
TPGEN,SMT Energy ,200259 - SMT Mesquite BESS,Joelle Abi-Nahed,Joelle Abi-Nahed,Hourly,Mark as Cancelled,0,,,,1-Dec-24,,ERCOT,,BESS,,,
System Studies,SMT Energy ,Houston BESS T4 - T4 Reactive Power Compensation Study,Joelle Abi-Nahed,Joelle Abi-Nahed,Fixed,Mark as Cancelled,"15,000",,,,1-Dec-24,,ERCOT,,BESS,,,
Generation Interconnection,SMT Energy ,Houston BESS T7 - T7 Planning Model RARF & QSA Requirements Support,Joelle Abi-Nahed,Joelle Abi-Nahed,Fixed,Mark as Cancelled,"9,500",,,,1-Dec-24,,ERCOT,,BESS,,,
Generation Interconnection,SMT Energy ,Houston BESS T8 - T8 Project Interconnection Support,Joelle Abi-Nahed,Joelle Abi-Nahed,HNTE,Mark as Cancelled,"5,000",,,,1-Dec-24,,ERCOT,,BESS,,,
Generation Interconnection,SMT Energy ,MegaCharge BESS T8 - T8 Project Interconnection Support,Joelle Abi-Nahed,Joelle Abi-Nahed,HNTE,Mark as Cancelled,"5,000",,,,1-Dec-25,,ERCOT,,BESS,,,
Generation Interconnection,SMT Energy ,Mercedes II BESS T2 - T2 ERCOT Model Quality Test and VRT Tuning,Joelle Abi-Nahed,Joelle Abi-Nahed,Fixed,Mark as Cancelled,"7,000",,,,1-Dec-24,,ERCOT,,BESS,,,
System Studies,SMT Energy ,Mercedes II BESS T4 - T4 Reactive Power Compensation Study,Joelle Abi-Nahed,Joelle Abi-Nahed,Fixed,Mark as Cancelled,"9,000",,,,1-Dec-24,,ERCOT,,BESS,,,
Generation Interconnection,SMT Energy ,Mercedes II BESS T5 - T5 PSCAD™ Plant Model Development,Joelle Abi-Nahed,Joelle Abi-Nahed,Fixed,Mark as Cancelled,"6,500",,,,1-Dec-24,,ERCOT,,BESS,,,
Generation Interconnection,SMT Energy ,Mercedes II BESS T6 - T6 PSCAD™ Model Quality Test,Joelle Abi-Nahed,Joelle Abi-Nahed,Fixed,Mark as Cancelled,"8,000",,,,1-Dec-24,,ERCOT,,BESS,,,
Generation Interconnection,SMT Energy ,Mercedes II BESS T7 - T7 Planning Model RARF & QSA Requirements Support,Joelle Abi-Nahed,Joelle Abi-Nahed,Fixed,Mark as Cancelled,"8,500",,,,1-Dec-24,,ERCOT,,BESS,,,
Generation Interconnection,SMT Energy ,Mercedes II BESS T8 - T8 Project Interconnection Support,Joelle Abi-Nahed,Joelle Abi-Nahed,HNTE,Mark as Cancelled,"5,000",,,,1-Dec-25,,ERCOT,,BESS,,,
System Studies,SMT Energy ,SMT Harlingen III T4 - T4 Reactive Power Compensation Study,Joelle Abi-Nahed,Joelle Abi-Nahed,Fixed,Mark as Cancelled,"15,000",,,,1-Dec-24,,ERCOT,,BESS,,,
Generation Interconnection,SMT Energy ,SMT Harlingen III T7 - T7 Planning Model RARF & QSA Requirements Support,Joelle Abi-Nahed,Joelle Abi-Nahed,Fixed,Mark as Cancelled,"9,500",,,,1-Dec-24,,ERCOT,,BESS,,,
Generation Interconnection,SMT Energy ,SMT Harlingen III T8 - T8 Project Interconnection Support,Joelle Abi-Nahed,Joelle Abi-Nahed,HNTE,Mark as Cancelled,"5,000",,,,1-Dec-25,,ERCOT,,BESS,,,
System Studies,SMT Energy ,SMT Houston IV T4 - T4 Reactive Power Compensation Study,Joelle Abi-Nahed,Joelle Abi-Nahed,Fixed,Mark as Cancelled,"15,000",,,,1-Dec-24,,ERCOT,,BESS,,,
Generation Interconnection,SMT Energy ,SMT Houston IV T7 - T7 Planning Model RARF & QSA Requirements Support,Joelle Abi-Nahed,Joelle Abi-Nahed,Fixed,Mark as Cancelled,"9,500",,,,1-Dec-24,,ERCOT,,BESS,,,
Generation Interconnection,SMT Energy ,SMT Houston IV T8 - T8 Project Interconnection Support,Joelle Abi-Nahed,Joelle Abi-Nahed,HNTE,Mark as Cancelled,"5,000",,,,1-Dec-25,,ERCOT,,BESS,,,
Generation Interconnection,SMT Energy ,SMT Ironman BESS Interconnection Support T4 - T4 Project Interconnection Support,Joelle Abi-Nahed,Joelle Abi-Nahed,HNTE,Mark as Cancelled,"6,000",,,,1-Dec-24,,ERCOT,,BESS,,,
Generation Interconnection,SMT Energy ,SMT McAllen II BESS T5 - T5 PSCAD Model,Joelle Abi-Nahed,Joelle Abi-Nahed,Fixed,Mark as Cancelled,"10,000",,,,1-Dec-24,,ERCOT,,BESS,,,
Generation Interconnection,SMT Energy ,SMT McAllen II BESS T6 - T6 PSCAD MQT,Joelle Abi-Nahed,Joelle Abi-Nahed,Fixed,Mark as Cancelled,"10,000",,,,1-Dec-24,,ERCOT,,BESS,,,
Generation Interconnection,SMT Energy ,SMT McAllen II BESS T7 - T7 Planning Model RARF and QSA Requirements Support,Joelle Abi-Nahed,Joelle Abi-Nahed,Fixed,Mark as Cancelled,"8,500",,,,1-Dec-24,,ERCOT,,BESS,,,
System Studies,SMT Energy ,SMT Olympic BESS T4 - T4 Reactive Power Study,Joelle Abi-Nahed,Joelle Abi-Nahed,Fixed,Mark as Cancelled,"13,000",,,,1-Dec-24,,ERCOT,,BESS,,,
Generation Interconnection,SMT Energy ,SMT Olympic BESS T5 - T5 PSCAD Model,Joelle Abi-Nahed,Joelle Abi-Nahed,Fixed,Mark as Cancelled,"10,000",,,,1-Dec-24,,ERCOT,,BESS,,,
Generation Interconnection,SMT Energy ,Houston IV TASK 11: PSCAD™ PLANT MODEL,Joelle Abi-Nahed,Joelle Abi-Nahed,Fixed,Can be Invoiced and Closed,"11,000",Georgette Khanfour,Bikram Bhandari,6/2/2025,30-Jun-25,200804,ERCOT,,BESS,,"sungrow SC5000, Siemens hybridOS PPC",
,,DEVELOPMENT,,,,,,,,,,,,,,,,
Generation Interconnection,SMT Energy ,Houston IV TASK 12: PSCAD™ MODEL QUALITY TEST ,Joelle Abi-Nahed,Joelle Abi-Nahed,Fixed,Can be Invoiced and Closed,"20,000",Georgette Khanfour,Bikram Bhandari,6/2/2025,30-Jun-25,200804,ERCOT,,BESS,,,
Generation Interconnection,SMT Energy ,SMT Olympic BESS T6 - T6 PSCAD MQT,Joelle Abi-Nahed,Joelle Abi-Nahed,Fixed,Mark as Cancelled,"10,000",,,,1-Dec-24,,ERCOT,,BESS,,,
Generation Interconnection,SMT Energy ,SMT Olympic BESS T7 - T7 Planning Model RARF and QSA Requirements Support,Joelle Abi-Nahed,Joelle Abi-Nahed,Fixed,Mark as Cancelled,"8,500",,,,1-Dec-24,,ERCOT,,BESS,,,
Generation Interconnection,SMT Energy ,SMT Olympic BESS T8 - T8 Project Interconnection Support,Joelle Abi-Nahed,Joelle Abi-Nahed,HNTE,Mark as Cancelled,"5,000",,,,1-Dec-25,,ERCOT,,BESS,,,
System Studies,SMT Energy ,SMT Tyler T4 - T4 Reactive Power Compensation Study,Joelle Abi-Nahed,Joelle Abi-Nahed,Fixed,Mark as Cancelled,"15,000",,,,1-Dec-24,,ERCOT,,BESS,,,
Generation Interconnection,SMT Energy ,SMT Tyler T7 - T7 Planning Model RARF & QSA Requirements Support,Joelle Abi-Nahed,Joelle Abi-Nahed,Fixed,Mark as Cancelled,"9,500",,,,1-Dec-24,,ERCOT,,BESS,,,
Generation Interconnection,SMT Energy ,SMT Tyler T8 - T8 Project Interconnection Support,Joelle Abi-Nahed,Joelle Abi-Nahed,HNTE,Mark as Cancelled,"5,000",,,,1-Dec-25,,ERCOT,,BESS,,,
System Studies,SMT Energy ,Temple BESS T4 - T4 Reactive Power Compensation Study,Joelle Abi-Nahed,Joelle Abi-Nahed,Fixed,Mark as Cancelled,"15,000",,,,1-Dec-24,,ERCOT,,BESS,,,
Generation Interconnection,SMT Energy ,Temple BESS T7 - T7 Planning Model RARF & QSA Requirements Support,Joelle Abi-Nahed,Joelle Abi-Nahed,Fixed,Mark as Cancelled,"8,500",,,,1-Dec-24,,ERCOT,,BESS,,,
Generation Interconnection,SMT Energy ,Temple BESS T8 - T8 Project Interconnection Support,Joelle Abi-Nahed,Joelle Abi-Nahed,HNTE,Mark as Cancelled,"5,000",,,,1-Dec-25,,ERCOT,,BESS,,,
Generation Interconnection,SMT Energy ,Houston IV TASK 9: ERCOT FIS MATERIAL & MODELS,Joelle Abi-Nahed,Joelle Abi-Nahed,Fixed,Can be Invoiced and Closed,"13,000",Georgette Khanfour,Bikram Bhandari,2/28/2025,7-Mar-25,200804,ERCOT,,BESS,,nov 2025 qsa/ sept 17 deadline,
,,UPDATE,,,,,,,,,,,,,,,,
Generation Interconnection,SMT Energy ,Houston IV TASK 10: ERCOT PSS/E MODEL QUALITY TEST,Joelle Abi-Nahed,Joelle Abi-Nahed,Fixed,Can be Invoiced and Closed,"10,000",Georgette Khanfour,Bikram Bhandari,3/28/2025,31-Mar-25,200804,ERCOT,,BESS,,assume slow PPC,
,,AND VRT TUNING,,,,,,,,,,,,,,,,
Generation Interconnection,SMT Mcallen II LLC,carambola Task 10: IFC PSCAD Plant Model Development (Conditional),Joelle Abi-Nahed,Joelle Abi-Nahed,Fixed,Can be Invoiced and Closed,"35,000",Georgette Khanfour,Bikram Bhandari,1/20/2025,27-Feb-26,201572,ERCOT,,BESS,,,
Generation Interconnection,"Solar Proponent, LLC",Three Canes Solar ERCOT FIS MATERIAL & MODELS UPDATE,Joelle Abi-Nahed,Joelle Abi-Nahed,Fixed,Mark as Cancelled,"16,000",Georgette Khanfour,Bikram Bhandari,,13-Oct-25,,ERCOT,,Solar,,transferred to Rita Salame leading tehuacana,
Generation Interconnection,"Solar Proponent, LLC",SP load application TASK 1: GENERAL INTERCONNECTION SUPPORT - LOAD,Joelle Abi-Nahed,Joelle Abi-Nahed,HNTE,In progress,"5,000",Georgette Khanfour,Bikram Bhandari,12/29/2025,1-Dec-26,403946,ERCOT,,PV+load,Organic,,
Generation Interconnection,"Solar Proponent, LLC",SP load application TASK 2: PSS®E STEADY STATE &  DYNAMIC MODEL - LOAD,Joelle Abi-Nahed,Joelle Abi-Nahed,Fixed,Can be Invoiced - leave open,"15,000",Georgette Khanfour,Bikram Bhandari,12/29/2025,30-Dec-25,403946,ERCOT,,PV+load,Organic,,
Generation Interconnection,Solvent Energy,Forts Trail TASK 9: ERCOT PSS/E MODEL QUALITY TEST UPDATE,Joelle Abi-Nahed,Joelle Abi-Nahed,Fixed,Can be Invoiced - leave open,"27,000",Georgette Khanfour,Bikram Bhandari,12/12/2025,23-Dec-25,100288,ERCOT,,PV+BESS,,,
Generation Interconnection,Solvent Energy,Inadale TASK 6: ERCOT PSS/E MODEL QUALITY TEST UPDATE,Joelle Abi-Nahed,Joelle Abi-Nahed,Fixed,Can be Invoiced - leave open,"27,000",Georgette Khanfour,Bikram Bhandari,12/12/2025,23-Dec-25,200107,ERCOT,,PV+BESS,,,
Generation Interconnection,"Solvent Energy, Inc ",Sleepy Hollow BESS T2 - T2 ERCOT Model Quality Test and VRT Tuning,Joelle Abi-Nahed,Joelle Abi-Nahed,Fixed,Can be Invoiced and Closed,"10,000",Anthony Saab,Joelle Abi Nahed,13-May,31-May-24,,ERCOT,,BESS,,check Ayass BESS,
,,,,,,,,,,,,,,,,,Please find below Bonaparte MQT package I prepared using the manufacturer’s recommended parameters.,
,,,,,,,,,,,,,,,,,https://epeconsulting.app.box.com/folder/250947035298?s=lvpms07bmjs5jfgvrxjf469jw1yn6qjd,
Generation Interconnection,"Solvent Energy, Inc ",Champs Elysees Storage Project T1 - T1 ERCOT SS & FIS APPLICATION,Joelle Abi-Nahed,Joelle Abi-Nahed,Fixed,Can be Invoiced and Closed,"18,000",Lena Barakat,Dibakar Shil,21-May,31-May-24,,ERCOT,,BESS,,,
Generation Interconnection,"Solvent Energy, Inc ",Nouveau BESS T4 - T4 Project Interconnection Support,Joelle Abi-Nahed,Joelle Abi-Nahed,HNTE,Can be Invoiced and Closed,"10,000",Lena Barakat,Behzad Jandaghi,1-Jun,7-Jun-24,,ERCOT,,BESS,,combine nouveau and lonesome then close nouveau/ use all 10k,
Generation Interconnection,"Solvent Energy, Inc ",Champs Elysees Storage Project T5 - T5 ERCOT FIS UPDATE,Joelle Abi-Nahed,Joelle Abi-Nahed,Fixed,Can be Invoiced and Closed,"9,000",Lena Barakat,Dibakar Shil,28-Jun,5-Jul-24,,ERCOT,,BESS,,,
Generation Interconnection,"Solvent Energy, Inc ",Nouveau BESS TASK 1: ERCOT SS & FIS APPLICATION,Joelle Abi-Nahed,Joelle Abi-Nahed,Fixed,Can be Invoiced and Closed,"15,000",Yara Karam,Behzad Jandaghi,5-Jul,12-Jul-24,,ERCOT,,BESS,,,
Generation Interconnection,"Solvent Energy, Inc ",Ayass BESS T4 - T4 Project Interconnection Support,Joelle Abi-Nahed,Joelle Abi-Nahed,HNTE,Mark as Cancelled,"10,000",,,,1-Dec-25,,ERCOT,,BESS,,,
Generation Interconnection,"Solvent Energy, Inc ",Champs Elysees Solar Project T1 - T1 ERCOT SS & FIS APPLICATION,Joelle Abi-Nahed,Joelle Abi-Nahed,Fixed,Mark as Cancelled,"18,000",Lena Barakat,Bikram Bhandari,,1-Dec-24,,ERCOT,,BESS,,,
Generation Interconnection,"Solvent Energy, Inc ",Champs Elysees Solar Project T2 - T2 ERCOT PSS/E MODEL QUALITY TEST AND VRT TUNING,Joelle Abi-Nahed,Joelle Abi-Nahed,Fixed,Mark as Cancelled,"11,000",Lena Barakat,Bikram Bhandari,,1-Dec-24,,ERCOT,,solar,,,
Generation Interconnection,"Solvent Energy, Inc ",Champs Elysees Solar Project T3 - T3 GENERAL INTERCONNECTION SUPPORT,Joelle Abi-Nahed,Joelle Abi-Nahed,HNTE,Mark as Cancelled,"5,000",Lena Barakat,Bikram Bhandari,,1-Dec-24,,ERCOT,,solar,,,
Generation Interconnection,"Solvent Energy, Inc ",Champs Elysees Storage Project T2 - T2 ERCOT PSS/E MODEL QUALITY TEST AND VRT TUNING,Joelle Abi-Nahed,Joelle Abi-Nahed,Fixed,Mark as Cancelled,"11,000",Lena Barakat,Bikram Bhandari,,1-Dec-24,,ERCOT,,solar,,followup in December,
Generation Interconnection,"Solvent Energy, Inc ",Champs Elysees Storage Project T3 - T3 ERCOT PSS/E MODEL QUALITY TEST AND VRT TUNING – SOLAR+STORAGE,Joelle Abi-Nahed,Joelle Abi-Nahed,Fixed,Mark as Cancelled,"11,000",Lena Barakat,Bikram Bhandari,,1-Dec-24,,ERCOT,,BESS,,,
Generation Interconnection,"Solvent Energy, Inc ",Champs Elysees Storage Project T4 - T4 GENERAL INTERCONNECTION SUPPORT,Joelle Abi-Nahed,Joelle Abi-Nahed,HNTE,Mark as Cancelled,"5,000",Lena Barakat,Bikram Bhandari,,1-Dec-24,,ERCOT,,BESS,,,
Generation Interconnection,"Solvent Energy, Inc ",Litteken BESS T1 - T1 ERCOT FIS Application,Joelle Abi-Nahed,Joelle Abi-Nahed,Fixed,Mark as Cancelled,"17,500",,,,1-Dec-25,,ERCOT,,,,PM should be sibin,
Generation Interconnection,"Solvent Energy, Inc ",Litteken BESS T4 - T4 Project Interconnection Support,Joelle Abi-Nahed,Joelle Abi-Nahed,HNTE,Mark as Cancelled,"10,000",,,,1-Dec-25,,ERCOT,,,,PM should be sibin,
Generation Interconnection,"Solvent Energy, Inc ",Lonesome Dove BESS T2 - T2 ERCOT Model Quality Test and VRT Tuning,Joelle Abi-Nahed,Joelle Abi-Nahed,Fixed,Mark as Cancelled,"10,000",Lena Barakat,Yang Zhou,,1-Dec-24,,ERCOT,,BESS,,,
Generation Interconnection,"Solvent Energy, Inc ",Lonesome Dove BESS T4 - T4 Project Interconnection Support,Joelle Abi-Nahed,Joelle Abi-Nahed,HNTE,Mark as Cancelled,"10,000",,,,1-Dec-24,,ERCOT,,,,,
Generation Interconnection,"Solvent Energy, Inc ",Nouveau (leaning Tree) BESS T2 - T2 ERCOT Model Quality Test and VRT Tuning,Joelle Abi-Nahed,Joelle Abi-Nahed,Fixed,Mark as Cancelled,"10,000",Lena Barakat,Yang Zhou,,1-Dec-24,,ERCOT,,BESS,,,
Generation Interconnection,"Solvent Energy, Inc ",Nouveau BESS T2 - T2 ERCOT Model Quality Test and VRT Tuning,Joelle Abi-Nahed,Joelle Abi-Nahed,Fixed,Mark as Cancelled,"11,000",Yara Karam,Behzad Jandaghi,,1-Dec-24,,ERCOT,,BESS,,follow up on MQT nouveau / loneosme dove/leaning tree/champs elysee,
Generation Interconnection,"Solvent Energy, Inc ",Nouveau BESS T3 - T3 Project Interconnection Support,Joelle Abi-Nahed,Joelle Abi-Nahed,HNTE,Mark as Cancelled,"5,000",Yara Karam,Behzad Jandaghi,,1-Dec-24,,ERCOT,,BESS,,,
Generation Interconnection,"Solvent Energy, Inc ",Sleepy Hollow BESS T4 - T4 Project Interconnection Support,Joelle Abi-Nahed,Joelle Abi-Nahed,HNTE,Mark as Cancelled,"10,000",,,,1-Dec-24,,ERCOT,,BESS,,,
Generation Interconnection,SpaceX,Bastrop 1 Load T1- ERCOT PSSE Dynamic Load Model,Joelle Abi-Nahed,Joelle Abi-Nahed,Fixed,Can be Invoiced and Closed,"10,000",,Bikram Bhandari,4/27/2026,30-Apr-26,404707,ERCOT,,Load,,,
Generation Interconnection,SpaceX,Bastrop 1 Load T2 - PSCAD,Joelle Abi-Nahed,Joelle Abi-Nahed,Fixed,Hold (other reason),"15,000",,Bikram Bhandari,,1-Dec-26,404707,ERCOT,,Load,,,
Generation Interconnection,SpaceX,Bastrop 1 Load T3- PSSE MQT,Joelle Abi-Nahed,Joelle Abi-Nahed,Fixed,Hold (other reason),"11,000",,Bikram Bhandari,,1-Dec-26,404707,ERCOT,,Load,,,
Generation Interconnection,SpaceX,Bastrop 1 Load T4- PSCAD MQT,Joelle Abi-Nahed,Joelle Abi-Nahed,Fixed,Hold (other reason),"14,000",,Bikram Bhandari,,1-Dec-26,404707,ERCOT,,Load,,,
Generation Interconnection,SpaceX,Bastrop 1 Load T5- TSAT MQT,Joelle Abi-Nahed,Joelle Abi-Nahed,Fixed,Hold (other reason),"21,000",,Bikram Bhandari,,1-Dec-26,404707,ERCOT,,Load,,,
Generation Interconnection,SpaceX,Bastrop 1 Load T6- General Support,Joelle Abi-Nahed,Joelle Abi-Nahed,HNTE,Invoice time spent at end of month,"5,000",,Bikram Bhandari,,1-Dec-26,404707,ERCOT,,Load,,,
Generation Interconnection,Spearmint,Two Forks BESS - T30 Project Interconnection Support,Joelle Abi-Nahed,Lea El Khoury,HNTE,Invoice time spent at end of month,"20,000",,Lea El Khoury,,30-Dec-26,200786,ERCOT,,BESS,,power titan - grid forming (software update),
,,,,,,,,,,,,,,,,,Feb-28,
Generation Interconnection,Spearmint,Royal River BESS - T25 Project Interconnection Support,Joelle Abi-Nahed,Lea El Khoury,HNTE,Invoice time spent at end of month,"10,000",,Lea El Khoury,,30-Dec-26,200787,ERCOT,,BESS,,power titan - grid forming (software update),
,,,,,,,,,,,,,,,,,Aug-27,
Generation Interconnection,Spearmint,Desert Palm BESS - T1 Project Interconnection Support,Joelle Abi-Nahed,Lea El Khoury,HNTE,Invoice time spent at end of month,"10,000",,Lea El Khoury,,30-Dec-26,406086,ERCOT,,BESS,,,
Generation Interconnection,Spearmint Energy,Two Forks BESS T15 - Reactive Power Compensation Study,Joelle Abi-Nahed,Lea El Khoury,Fixed,Can be Invoiced and Closed,"15,000",Perla Boulos,Lea El Khoury,3/5/2026,30-Mar-26,200786,ERCOT,,BESS,Organic,,
Generation Interconnection,Spearmint Energy,Two Forks BESS T16 - PSCAD Plant Model Development - Power Titan 2,Joelle Abi-Nahed,Lea El Khoury,Fixed,Can be Invoiced - leave open,"11,000",Moussa Sarkis,Marise El Nacouzi,3/5/2026,30-Mar-26,200786,ERCOT,,BESS,Organic,nov 2026 qsa,
,,,,,,,,,,,,,,,,,psse assumed fast ppc,
,,,,,,,,,,,,,,,,,,
,,,,,,,,,,,,,,,,,revise HVRT lag run,
,,,,,,,,,,,,,,,,,comaprison with other LVRT preferred lag ?,
Generation Interconnection,Spearmint Energy,Two Forks BESS T17 - PSCAD Model Quality Test - Power Titan 2,Joelle Abi-Nahed,Lea El Khoury,Fixed,Can be Invoiced - leave open,"14,000",Moussa Sarkis,Marise El Nacouzi,3/5/2026,30-Mar-26,200786,ERCOT,,BESS,Organic,schedule may be pushed,
Generation Interconnection,Spearmint Energy,Two Forks BESS T6 - Planning Model RARF & QSA Requirements Support,Joelle Abi-Nahed,Lea El Khoury,Fixed,Can be Invoiced - leave open,"9,500",Elias Chedid,Perla Boulos,3/5/2026,30-Mar-26,200786,ERCOT,,BESS,Organic,,
Generation Interconnection,Spearmint Energy,Two Forks BESS T7 - Project Interconnection Support,Joelle Abi-Nahed,Lea El Khoury,HNTE,Invoice time spent at end of month,"20,000",Lea El Khoury,Lea El Khoury,,30-Dec-26,200786,ERCOT,,BESS,Organic,Client to confirm budget expansion (Nika following up),
,,,,,,,,,,,,,,,,,nov 2026 QSA (epe completed all - follow up),
Generation Interconnection,Spearmint Energy,Two Forks BESS T18- full reg,Joelle Abi-Nahed,Lea El Khoury,Fixed,Hold (other reason),"19,000",Lea El Khoury,Lea El Khoury,,30-Dec-27,200786,ERCOT,,BESS,Organic,,
Generation Interconnection,Spearmint Energy,Two Forks BESS T19-IFC,Joelle Abi-Nahed,Lea El Khoury,Fixed,Hold (other reason),"35,000",Lea El Khoury,Lea El Khoury,,30-Dec-27,200786,ERCOT,,BESS,Organic,,
Generation Interconnection,Spearmint Energy,Royal River BESS T6 - Planning Model RARF & QSA Requirements Support,Joelle Abi-Nahed,Lea El Khoury,Fixed,Can be Invoiced - leave open,"9,500",Elias Chedid,Perla Boulos,3/5/2026,30-Mar-26,200787,ERCOT,,BESS,Organic,August 2026 qsa,
Generation Interconnection,Spearmint Energy,Royal River BESS T13- Full Registration Data Submission,Joelle Abi-Nahed,Lea El Khoury,Fixed,In progress,"19,000",Perla Boulos,Lea El Khoury,,1-Feb-27,200787,ERCOT,,BESS,Organic,august 2026 qsa,
,,& Production Load Date Support,,,,,,,,,,,,,,,schedule may be pushed a year later /restudeis needed?,
Generation Interconnection,Spearmint Energy,Royal River BESS T14- Issue for Commissioning (IFC) PPC and Inverter Setting Study,Joelle Abi-Nahed,Lea El Khoury,Fixed,Hold (other reason),"35,000",Moussa Sarkis,Lea El Khoury,,1-Jun-27,200788,ERCOT,,BESS,Organic,,
Generation Interconnection,Spearmint Energy,Royal River BESS T7 - Project Interconnection Support,Joelle Abi-Nahed,Lea El Khoury,HNTE,Invoice time spent at end of month,"10,000",Lea El Khoury,,,30-Dec-26,200787,ERCOT,,BESS,Organic,,
Generation Interconnection,Spearmint Energy,Seven Flags BESS  T7 - Project Interconnection Support,Joelle Abi-Nahed,Lea El Khoury,HNTE,Invoice time spent at end of month,"15,000",Lea El Khoury,,,30-Dec-26,202616,ERCOT,,BESS,Organic,,
Generation Interconnection,Spearmint Energy,Tierra Seca BESS T10 General Interconnection Support,Joelle Abi-Nahed,Lea El Khoury,HNTE,Invoice time spent at end of month,"30,000",Lea El Khoury,,,30-Dec-26,202321,ERCOT,,BESS,Organic,,
Generation Interconnection,Strata Clean Energy ,Strata El Paso T2 - T2 General Support,Joelle Abi-Nahed,Joelle Abi-Nahed,HNTE,Mark as Cancelled,"5,000",,,,1-Dec-25,,ERCOT,,,,,
Generation Interconnection,"Strategic Project Management, Inc",Altair TASK 6: ERCOT MODEL QUALITY TEST,Joelle Abi-Nahed,Sonjoy Roy,Fixed,Can be Invoiced and Closed,"8,000",Ghida Hajj Hassan,Sonjoy Roy,9/25/2025,30-Sep-25,203268,ERCOT,,BESS,,,
Generation Interconnection,"Strategic Project Management, Inc",Altair TASK 7: PLANT ASPEN MODEL,Joelle Abi-Nahed,Sonjoy Roy,Fixed,Can be Invoiced and Closed,"7,000",Ghida Hajj Hassan,Sonjoy Roy,9/25/2025,30-Sep-25,203268,ERCOT,,BESS,,,
TPGEN,Strategic Project Managment Inc.,Altair TASK 1: FULL TRANSMISSION,Joelle Abi-Nahed,Joelle Abi-Nahed,Fixed,Can be Invoiced - leave open,"22,000",Behzad Jandaghi,Sonjoy Roy,1-Nov-24,8-Nov-24,,ERCOT,,BESS,,,
,,ANALYSIS,,,,,,,,,,,,,,,,
Generation Interconnection,Strategic Project Managment Inc.,Altair TASK 3: ERCOT EXPEDITED SS & FIS,Joelle Abi-Nahed,Joelle Abi-Nahed,Fixed,Can be Invoiced and Closed,"18,000",Ghida Hajj Hassan,Behzad Jandaghi,2/24/2025,26-Feb-25,203268 (altier),ERCOT,,BESS,,,
,,APPLICATION,,,,,,,,,,,,,,,,
Generation Interconnection,Strategic Project Managment Inc.,Altair TASK 5: INTERCONNECTION SUPPORT & MEETINGS,Joelle Abi-Nahed,Joelle Abi-Nahed,HNTE,Hold (other reason),"5,000",Ghida Hajj Hassan,Sonjoy Roy,,1-Dec-26,,ERCOT,,BESS,,follow up end of july to rescope,
Generation Interconnection,Strategic Project Managment Inc.,Altair TASK 4: ERCOT MODEL QUALITY,Joelle Abi-Nahed,Joelle Abi-Nahed,Fixed,Can be Invoiced and Closed,"3,630",Ghida Hajj Hassan,Sonjoy Roy,,30-Jun-25,,ERCOT,,BESS,,,
,,TEST,,,,,,,,,,,,,,,,
Generation Interconnection,Sunchase,TASK 1: MALEZA COMBINED STEADY STATE MODEL,Joelle Abi-Nahed,Joelle Abi-Nahed,Fixed,Can be Invoiced and Closed,"9,000",Anthony Saab,Behzad Jandaghi,3/17/2025,19-Mar-25,400700,,,,,,
Generation Interconnection,Sunchase,Austin Bayou Solar - TASK 4: ERCOT FIS MATERIAL & MODELS UPDATE -,Joelle Abi-Nahed,Joelle Abi-Nahed,Fixed,Can be Invoiced and Closed,"14,000",Ghida Hajj Hassan,Sonjoy Roy,4/17/2025,30-Apr-25,100515,ERCOT,,PV,,750 decreased to 500 / 3 MPTs*200 MVA,
Generation Interconnection,Sunchase,Austin Bayou Storage- TASK 5: ERCOT FIS MATERIAL & MODELS UPDATE -,Joelle Abi-Nahed,Joelle Abi-Nahed,Fixed,Can be Invoiced and Closed,"14,000",Ghida Hajj Hassan,Sonjoy Roy,4/17/2025,30-Apr-25,100515,ERCOT,,BESS,,3*150 -remaisn the same,
Generation Interconnection,"SunChase, LLC ",Twlevemile Energy II (GEN-2017-075) project T1 - T1 SPP SURPLUS INTERCONNECTION APPLICATION,Joelle Abi-Nahed,Joelle Abi-Nahed,Fixed,Can be Invoiced and Closed,"10,000",Anthony Saab,Dibakar Shil,,25-Jul-24,,SPP,SPP,wind,,revise also appendix 5 SUT as losseless,
,,,,,,,,,,,,,,,,,invoice only 10k and stop work,
Generation Interconnection,"SunChase, LLC ",Twelvemile II BESS T1 - T1 SPP SURPLUS INTERCONNECTION APPLICATION,Joelle Abi-Nahed,Joelle Abi-Nahed,Fixed,Can be Invoiced and Closed,"14,000",Anthony Saab,Yang Zhou,,28-Mar-24,,WECC,SPP,BESS,,34.8 / checklist/ implement comments we got from all others (application / vref0/fill out wind genertor),
Generation Interconnection,"SunChase, LLC ",201284 - Fly Gap BESS,Joelle Abi-Nahed,Joelle Abi-Nahed,Hourly,Mark as Cancelled,0,,,,1-Dec-25,,ERCOT,,,,,
Generation Interconnection,"SunChase, LLC ",201285 - Twelvemile II BESS,Joelle Abi-Nahed,Joelle Abi-Nahed,Hourly,Mark as Cancelled,0,,,,1-Dec-25,,ERCOT,,,,,
Generation Interconnection,"SunChase, LLC ",Schoolhouse Solar & Storage T2 - T2 ERCOT PSS/E MODEL QUALITY TEST AND VRT TUNING UPDATE - SOLAR,Joelle Abi-Nahed,Joelle Abi-Nahed,Fixed,Mark as Cancelled,"10,000",,,,1-Dec-24,,ERCOT,,Solar+BESS,,ask client to cancel,
Generation Interconnection,"SunChase, LLC ",Schoolhouse Solar & Storage T3 - T3 ERCOT PSS/E MODEL QUALITY TEST AND VRT TUNING UPDATE - BESS,Joelle Abi-Nahed,Joelle Abi-Nahed,Fixed,Mark as Cancelled,"10,000",,,,1-Dec-24,,ERCOT,,Solar+BESS,,ask client to cancel,
Generation Interconnection,"SunChase, LLC ",Schoolhouse Solar & Storage T4 - T4 COMBINED ERCOT PSS/E MODEL QUALITY TEST AND VRT TUNING UPDATE – SOLAR + BESS,Joelle Abi-Nahed,Joelle Abi-Nahed,Fixed,Mark as Cancelled,"10,000",,,,1-Dec-24,,ERCOT,,Solar+BESS,,ask client to cancel,
Generation Interconnection,"SunChase, LLC ",Sunchase 2024 Support T1 - T1 2024 PROJECT TECHNICAL SUPPORT & MEETINGS,Joelle Abi-Nahed,Joelle Abi-Nahed,Recurring With Cap,Mark as Cancelled,"84,000",,,,1-Dec-25,,ERCOT,,,,,
Generation Interconnection,Sunraycer,Lupinus Solar & Storage 1 T2 - ERCOT PSSE Model Quality Test & Tuning,Joelle Abi-Nahed,Lea El Khoury,Fixed,Can be Invoiced - leave open,"32,000",Moussa Sarkis,Bikram Bhandari,2/26/2026,27-Feb-26,402565 / 402840,ERCOT,,Solar + BESS,Organic,Nov 2026 QSA /storage IA executed/ MW is increased. amned IA before March ,
Generation Interconnection,Sunraycer,Lupinus Solar & Storage 1 T3 - PSCAD Plant Model Development,Joelle Abi-Nahed,Lea El Khoury,Fixed,Can be Invoiced and Closed,"20,000",Moussa Sarkis,Lea El Khoury,3/30/2026,27-Mar-26,402565 / 402840,ERCOT,,Solar + BESS,Organic,Nov 2026 QSA,
Generation Interconnection,Sunraycer,Lupinus Solar & Storage 1 T4 - PSCAD Model Quality Test,Joelle Abi-Nahed,Lea El Khoury,Fixed,Can be Invoiced and Closed,"42,000",Moussa Sarkis,Lea El Khoury,3/30/2026,27-Mar-26,402565 / 402840,ERCOT,,Solar + BESS,Organic,Nov 2026 QSA,
Generation Interconnection,Sunraycer,Lupinus Solar & Storage 1 T5 -PSSE and PSCAD Model Benchmarking Study,Joelle Abi-Nahed,Lea El Khoury,Fixed,Can be Invoiced and Closed,"6,000",Moussa Sarkis,Lea El Khoury,3/30/2026,27-Mar-26,402565 / 402840,ERCOT,,Solar + BESS,Organic,Nov 2026 QSA,
Generation Interconnection,Sunraycer,Lupinus Solar & Storage 1 T6 - Reactive Power Compensation Study,Joelle Abi-Nahed,Lea El Khoury,Fixed,Can be Invoiced and Closed,"36,000",Elias Chedid,Lea El Khoury,4/15/2026,29-Apr-26,402565 / 402840,ERCOT,,Solar + BESS,Organic,Nov 2026 QSA,
Generation Interconnection,Sunraycer,Lupinus Solar & Storage 1 T7 - Planning Model RARF & QSA Requirements Support,Joelle Abi-Nahed,Lea El Khoury,Fixed,Can be Invoiced - leave open,"18,000",Perla Boulos,Lea El Khoury,3/15/2026,30-Mar-26,402565 / 402840,ERCOT,,Solar + BESS,Organic,Nov 2026 QSA,
Generation Interconnection,Sunraycer,Lupinus Solar & Storage 1 T8 – Full Registration Data Submission & Production Load Date Support ,Joelle Abi-Nahed,Lea El Khoury,Fixed,In progress,"38,000",Perla Boulos,Lea El Khoury,11/15/2026,30-Nov-26,402565 / 402840,ERCOT,,Solar + BESS,Organic,,
Generation Interconnection,Sunraycer,Lupinus Solar & Storage 1 T9 – IFC PSCAD Plant Model Development and MQTs,Joelle Abi-Nahed,Lea El Khoury,Fixed,Hold (other reason),"75,000",Moussa Sarkis,,,1-Dec-26,402565 / 402840,ERCOT,,Solar + BESS,Organic,,
Generation Interconnection,Sunraycer,Lupinus Solar & Storage 2 T6 - Reactive Power Compensation Study,Joelle Abi-Nahed,Lea El Khoury,Fixed,Can be Invoiced and Closed,"26,000",Perla Boulos,Lea El Khoury,1/20/2026,30-Jan-26,402742 / 402841,ERCOT,,Solar + BESS,Organic,May 2026 QSA / MW increase by 2 MW?? amend his IA by end of March?,
Generation Interconnection,Sunraycer,Lupinus Solar & Storage 2 T7 - Planning Model RARF & QSA Requirements Support,Joelle Abi-Nahed,Lea El Khoury,Fixed,Can be Invoiced and Closed,"13,500",Perla Boulos,Lea El Khoury,2/15/2026,28-Feb-26,402742 / 402841,ERCOT,,Solar + BESS,Organic,,
Generation Interconnection,Sunraycer,Lupinus Solar & Storage 2 T8 – Full Registration Data Submission & Production Load Date Support ,Joelle Abi-Nahed,Lea El Khoury,Fixed,Can be Invoiced and Closed,"35,000",Perla Boulos,Lea El Khoury,6/12/2026,26-Jun-26,402742 / 402841,ERCOT,,Solar + BESS,Organic,7/1 for PLD of 11/4 (isd is 12/2026),
Generation Interconnection,Sunraycer,Lupinus Solar & Storage 2 T9 – IFC PSCAD Plant Model Development and MQTs,Joelle Abi-Nahed,Lea El Khoury,Fixed,Hold (other reason),"65,000",Moussa Sarkis,,,1-Sep-26,402742 / 402841,ERCOT,,Solar + BESS,Organic,,
Generation Interconnection,"SunShare, LLC ",DP.Sunshare.24001.DER SIS Support T1 - T1.DER SIS Support,Joelle Abi-Nahed,Joelle Abi-Nahed,HNTE,Mark as Cancelled,"12,000",,,,1-Dec-25,,WECC,,,,,
Generation Interconnection,Swift Current,Castle Load T3 - ERCOT TSAT Model Development ,Joelle Abi-Nahed,Sonjoy Roy,Fixed,Can be Invoiced - leave open,"10,000",Sonjoy Roy,Joelle Abi-Nahed,6/10/2026,24-Jun-26,404962,ERCOT,,Load,,,
Generation Interconnection,Swift Current,Castle Load T4- General Interconnection Support ,Joelle Abi-Nahed,Sonjoy Roy,HNTE,Invoice time spent at end of month,"5,000",,Sonjoy Roy,,1-Dec-26,404962,ERCOT,,Load,,,
Generation Interconnection,Swift Current,Castle Load T1-ERCOT DWG Survey Update,Joelle Abi-Nahed,Sonjoy Roy,Fixed,Can be Invoiced and Closed,"2,500",Yara Karam,Sonjoy Roy,5/15/2026,18-May-26,404962,ERCOT,,Load,,,
Generation Interconnection,Swift Current,Castle Load T2 - ERCOT PSSE Dynamic Load Model,Joelle Abi-Nahed,Sonjoy Roy,Fixed,Can be Invoiced and Closed,"12,000",Yara Karam,Sonjoy Roy,5/15/2026,18-May-26,404962,ERCOT,,Load,,,
Generation Interconnection,Terra Gen,Monte alto wind T12 ERCOT PSS/E MODEL QUALITY TEST AND TUNING UPDATE,Joelle Abi-Nahed,Lea El Khoury,Fixed,Can be Invoiced and Closed,"8,000",Moussa Sarkis,Marise El Nacouzi,4/5/2026,17-Apr-26,400484,ERCOT,,wind,,"we may change Energization Date to 4/15/2028; Synchronization Date to 4/30/2028; and COD to 12/31/2028. This would put us at QSA Entry of 11/1/2027, but we need to allow 45 days for ERCOT review/approval so we need to submit all QSA Entry pre-perquisites by 9/17/2027.",
,,,,,,,,,,,,,,,,,Please proceed with updating RIOO as needed to reflect the MPT change to 282 MVA,
Generation Interconnection,Terra Gen,Monte alto wind T13 PSCAD™ MODEL QUALITY TESTUPDATE,Joelle Abi-Nahed,Lea El Khoury,Fixed,Can be Invoiced and Closed,"11,000",Moussa Sarkis,Marise El Nacouzi,4/5/2026,17-Apr-26,400484,ERCOT,,wind,,,
Generation Interconnection,Terra Gen,Monte alto wind T14 TSAT MODEL QUALITY TEST UPDATE,Joelle Abi-Nahed,Lea El Khoury,Fixed,Can be Invoiced and Closed,"8,000",Moussa Sarkis,Marise El Nacouzi,4/5/2026,17-Apr-26,400484,ERCOT,,wind,,,
Generation Interconnection,Terra Gen,"Monte alto wind T15 PSSE, PSCAD, AND TSAT MODEL BENCHMARKING STUDY UPDATE",Joelle Abi-Nahed,Lea El Khoury,Fixed,Can be Invoiced and Closed,"5,000",Moussa Sarkis,Marise El Nacouzi,4/5/2026,17-Apr-26,400484,ERCOT,,wind,,,
Generation Interconnection,Terra Gen,Monte alto 2 wind T4  PROJECT INTERCONNECTION SUPPORT,Joelle Abi-Nahed,Lea El Khoury,HNTE,Invoice time spent at end of month,"10,000",,Lea El Khoury,,1-Dec-26,400484,ERCOT,,wind,,,
Generation Interconnection,Terra Gen,Monte Cristo II Wind T12 Project Interconnection Support,Joelle Abi-Nahed,Lea El Khoury,HNTE,Invoice time spent at end of month,,,,,1-Dec-26,,,,,,,
Generation Interconnection,Terra Gen,Gusty Windpower - T1 ERCOT FIS Material & Models Update,Joelle Abi-Nahed,Lea El Khoury,Fixed,Can be Invoiced and Closed,"15,000",Marise El Nacouzi,Lea El Khoury,5/25/2026,26-May-26,405738,ERCOT,,Wind,,"PG 6.9 met (SGIA in place), submit V36 before June 1st 2026?",
,,,,,,,,,,,,,,,,,ERCOT will more likely require full FIS restudy (or at least steady state and stability. We will know when WETT submit scope of work to ERCOT for review).,
,,,,,,,,,,,,,,,,,August 2027 QSA (synch in 3/2028),
Generation Interconnection,Terra Gen,Gusty Windpower - T2 ERCOT PSSE MQT & VRT Tuning,Joelle Abi-Nahed,Lea El Khoury,Fixed,Can be Invoiced and Closed,"16,000",Moussa Sarkis,Marise El Nacouzi,6/15/2026,28-Jun-26,405738,ERCOT,,Wind,,,
Generation Interconnection,Terra Gen,Gusty Windpower - T3 PSCAD Plant Model Development,Joelle Abi-Nahed,Lea El Khoury,Fixed,Can be Invoiced and Closed,"6,500",Perla Boulos,Marise El Nacouzi,6/15/2026,28-Jun-26,405738,ERCOT,,Wind,,,
Generation Interconnection,Terra Gen,Gusty Windpower - T4 PSCAD MQT,Joelle Abi-Nahed,Lea El Khoury,Fixed,Can be Invoiced and Closed,"12,500",Perla Boulos,Marise El Nacouzi,6/15/2026,28-Jun-26,405738,ERCOT,,Wind,,,
Generation Interconnection,Terra Gen,Gusty Windpower - T5 TSAT Plant Model Development,Joelle Abi-Nahed,Lea El Khoury,Fixed,Can be Invoiced and Closed,"6,000",Moussa Sarkis,Marise El Nacouzi,6/15/2026,28-Jun-26,405738,ERCOT,,Wind,,,
Generation Interconnection,Terra Gen,Gusty Windpower - T6 TSAT MQT- V35,Joelle Abi-Nahed,Lea El Khoury,Fixed,Can be Invoiced and Closed,"8,000",Moussa Sarkis,Marise El Nacouzi,6/15/2026,28-Jun-26,405738,ERCOT,,Wind,,,
Generation Interconnection,Terra Gen,"Gusty Windpower - T7 PSSE, PSCAD and TSAT Model Benchmarking Study- V35",Joelle Abi-Nahed,Lea El Khoury,Fixed,Can be Invoiced and Closed,"5,000",Moussa Sarkis,Marise El Nacouzi,6/15/2026,28-Jun-26,405738,ERCOT,,Wind,,,
Generation Interconnection,Terra Gen,Gusty Windpower - T8 Reactive Power Study,Joelle Abi-Nahed,Lea El Khoury,Fixed,Can be Invoiced and Closed,"11,000",Marise El Nacouzi,Lea El Khoury,6/15/2026,29-Jun-26,405738,ERCOT,,Wind,,282MVA MPT (on order) for a 252MW turbine gross output . MPT is good (lag check lead reduced),
,,,,,,,,,,,,,,,,,(282 MVA for 247 MW net),
Generation Interconnection,Terra Gen,Gusty Windpower - T9 Planning Model Data & QSA Requirements Support,Joelle Abi-Nahed,Lea El Khoury,Fixed,In progress,"8,000",,Lea El Khoury,,1-Jun-27,405738,ERCOT,,Wind,,aug 2027 qsa,
Generation Interconnection,Terra Gen,Gusty Windpower - T10 General Interconnection Support,Joelle Abi-Nahed,Lea El Khoury,HNTE,Invoice time spent at end of month,"10,000",,Lea El Khoury,,1-Dec-26,405738,ERCOT,,Wind,,,
Generation Interconnection,Terra Gen,Silver Hills Windpower - T5 ERCOT PSSE & VRT Tuning Update - V36,Joelle Abi-Nahed,Lea El Khoury,Fixed,Can be Invoiced and Closed,"8,000",Perla Boulos,Marise El Nacouzi,5/21/2026,21-May-26,401308,ERCOT,,Wind,,May 2028 qsa,
Generation Interconnection,Terra Gen,Windjammer Windpower-4 - T4 ERCOT FIS MATERIAL & MODELS UPDATE,Joelle Abi-Nahed,Sonjoy Roy,Fixed,Can be Invoiced and Closed,"15,000",Ghida Hajj Hassan,Sonjoy Roy,6/4/2026,29-Jun-26,203542,ERCOT,,Wind,,ERCOT will more likely require full FIS restudy (or at least steady state and stability. We will know when WETT submit scope of work to ERCOT for review).,
,,,,,,,,,,,,,,,,,August 2027 QSA (synch in 3/2028),
,,,,,,,,,,,,,,,,,"The other challenge here is SSR is required which will not start until stability is complete and need to account for any PSCAD tuning should there be any issues during SSR study, etc",
Generation Interconnection,Terra Gen,Windjammer Windpower-5 - T5 ERCOT PSSE MODEL QUALITY TEST AND TUNING UPDATE,Joelle Abi-Nahed,Sonjoy Roy,Fixed,Can be Invoiced and Closed,"16,000",Yara Karam,Sonjoy Roy,7/10/2026,30-Jul-26,203542,ERCOT,,Wind,,,
Generation Interconnection,Terra Gen,Windjammer Windpower-6 - T6 PSCAD™ PLANT MODEL DEVELOPMENT,Joelle Abi-Nahed,Sonjoy Roy,Fixed,Can be Invoiced and Closed,"6,500",Yara Karam,Sonjoy Roy,7/10/2026,30-Jul-26,203542,ERCOT,,Wind,,,
Generation Interconnection,Terra Gen,Windjammer Windpower-7 - T7 PSCAD™ MODEL QUALITY TEST,Joelle Abi-Nahed,Sonjoy Roy,Fixed,Can be Invoiced and Closed,"12,500",Yara Karam,Sonjoy Roy,7/10/2026,30-Jul-26,203542,ERCOT,,Wind,,,
Generation Interconnection,Terra Gen,Gusty Windpower - T6 TSAT MQT-V36,Joelle Abi-Nahed,Lea El Khoury,Fixed,In progress,"8,000",Elias Chedid,Marise El Nacouzi,8/15/2026,30-Aug-26,405738,ERCOT,,Wind,,,
Generation Interconnection,Terra Gen,"Gusty Windpower - T7 PSSE, PSCAD and TSAT Model Benchmarking Study-V36",Joelle Abi-Nahed,Lea El Khoury,Fixed,In progress,"5,000",Elias Chedid,Marise El Nacouzi,8/15/2026,30-Aug-26,405738,ERCOT,,Wind,,,
Generation Interconnection,Terra Gen,Windjammer Windpower-8 - T8 TSAT PLANT MODEL DEVELOPMENT,Joelle Abi-Nahed,Sonjoy Roy,Fixed,Can be Invoiced and Closed,"6,000",Yara Karam,Sonjoy Roy,7/10/2026,30-Jul-26,203542,ERCOT,,Wind,,,
Generation Interconnection,Terra Gen,Windjammer Windpower-9 - T9 TSAT MODEL QUALITY TEST V35,Joelle Abi-Nahed,Sonjoy Roy,Fixed,Can be Invoiced and Closed,8000,Yara Karam,Sonjoy Roy,7/10/2026,30-Jul-26,203542,ERCOT,,Wind,,,
Generation Interconnection,Terra Gen,"Windjammer Windpower-10 - T10 PSSE, PSCAD, AND TSAT MODEL BENCHMARKING STUDY V35",Joelle Abi-Nahed,Sonjoy Roy,Fixed,Can be Invoiced and Closed,5000,Yara Karam,Sonjoy Roy,7/10/2026,30-Jul-26,203542,ERCOT,,Wind,,,
Generation Interconnection,Terra Gen,Windjammer Windpower-9 - T9 TSAT MODEL QUALITY TEST V36,Joelle Abi-Nahed,Sonjoy Roy,Fixed,In progress,8000,Yara Karam,Sonjoy Roy,8/15/2026,30-Aug-26,203542,ERCOT,,Wind,,,
Generation Interconnection,Terra Gen,"Windjammer Windpower-10 - T10 PSSE, PSCAD, AND TSAT MODEL BENCHMARKING STUDY V36",Joelle Abi-Nahed,Sonjoy Roy,Fixed,In progress,5000,Yara Karam,Sonjoy Roy,8/15/2026,30-Aug-26,203542,ERCOT,,Wind,,,
Generation Interconnection,Terra Gen,Windjammer Windpower-11 - T11 REACTIVE POWER COMPENSATION STUDY,Joelle Abi-Nahed,Sonjoy Roy,Fixed,Can be Invoiced - leave open,11000,Yara Karam,Sonjoy Roy,6/24/2026,29-Jun-26,203542,ERCOT,,Wind,,"if the MPT is overloaded, let us know so we can check with the MPT manufacturer if based on turbine derate, loading above nameplate is acceptable. Otherwise, if no issue, you can continue with your process. We would like steps 1, 2, and 3 to be completed as soon as possible",
,,,,,,,,,,,,,,,,,MPT check (282 MVA for 242 MW net),
Generation Interconnection,Terra Gen,Windjammer Windpower-12 - T12 PLANNING MODEL DATA & QSA REQUIREMENTS SUPPORT,Joelle Abi-Nahed,Sonjoy Roy,Fixed,In progress,8000,,Sonjoy Roy,,1-Jun-27,203542,ERCOT,,Wind,,,
Generation Interconnection,Terra Gen,Windjammer Windpower-13 - T13 GENERAL INTERCONNECTION SUPPORT,Joelle Abi-Nahed,Sonjoy Roy,Fixed,Invoice time spent at end of month,10000,,Sonjoy Roy,,1-Dec-26,203542,ERCOT,,Wind,,,
Generation Interconnection,"Terra Gen Development Company, LLC",Monte Alto Wind 2 - TASK 17: REACTIVE POWER COMPENSATION STUDY UPDATE,Joelle Abi-Nahed,Lea El Khoury,Fixed,Can be Invoiced - leave open,"9,000",Marise El Nacouzi,Lea El Khoury,5/20/2026,29-May-26,400484,ERCOT,,Wind,,with 282 MVA revised model,
,,,,,,,,,,,,,,,,,"• We are discussing internally to cancel/terminate Monte Alto I (19INR0022). We will reach out to AEP (TSP) to amend the SGIA accordingly to reflect Monte Alto 2 Wind (202.5 MW gross output, remove any turbine reference that is not Vestas V163-4.5,…) and eliminate Monte Alto I from the SGIA.",
,,,,,,,,,,,,,,,,,"• I believe completing the FIS restudy, reactive power study, and amending the SGIA should complete the required QSA Entry pre-requisites",
Generation Interconnection,"Terra Gen Development Company, LLC",Monte Alto Wind 2 - TASK 18 ERCOT PSSE MODEL QUALITY TEST AND TUNING UPDATE,Joelle Abi-Nahed,Lea El Khoury,Fixed,Can be Invoiced and Closed,"8,000",Moussa Sarkis,Perla Boulos,6/15/2026,25-Jun-26,400484,ERCOT,,Wind,,"We should do everything we can to avoid affecting the dynamic model that was submitted a few weeks ago to ERCOT/AEP that reflected MPT change. This will enable us to avoid pausing dynamics study if it has started and resume when we provide the revised model should any parameter change. This is critical as Monte Alto 2 Wind requires SSR study, which will not start until stability/dynamics study is complete",
,,,,,,,,,,,,,,,,,"AEP will send us the scope this week for review before sending it to ERCOT for review/approval due to MPT and milestone date change. Once approved by ERCOT, AEP will resume stability study. AEP said they believe only stability restudy is warranted at this time unless ERCOT requires full restudy. ",
Generation Interconnection,"Terra Gen Development Company, LLC",Monte Alto Wind 2 - TASK 19 TSAT MODEL QUALITY TEST,Joelle Abi-Nahed,Lea El Khoury,Fixed,In progress,"8,000",Elias Chedid,Perla Boulos,8/15/2026,30-Aug-26,400484,ERCOT,,Wind,,Nov 2027 qsa,
Generation Interconnection,"Terra Gen Development Company, LLC","Monte Alto Wind 2 - TASK 20 PSSE, PSCAD, AND TSAT MODEL BENCHMARKING STUDY",Joelle Abi-Nahed,Lea El Khoury,Fixed,In progress,"5,000",Elias Chedid,Perla Boulos,8/15/2026,30-Aug-26,400484,ERCOT,,Wind,,,
Generation Interconnection,"Terra Gen Development Company, LLC",Monte Cristo II Wind - TASK 13 ERCOT PSSE MODEL QUALITY TEST AND TUNING UPDATE,Joelle Abi-Nahed,Joelle Abi-Nahed,Fixed,Can be Invoiced and Closed,"8,000",Georgette Khanfour,Bikram Bhandari,6/29/2026,2-Jul-26,202161,ERCOT,,Wind,,"We should do everything we can to avoid affecting the dynamic model that was submitted for FIS restudy. This will enable us to avoid pausing dynamics study if it has started and resume when we provide the revised model should any parameter change. This is critical as Monte Cristo II Wind requires SSR study, which will not start until stability/dynamics study is complete",
,,,,,,,,,,,,,,,,,"• Steady state and SC study: completed, with ERCOT for review/approval before posting to MIS",
,,,,,,,,,,,,,,,,,"• Stability Study: has not started, but will start once steady state is approved by ERCOT",
,,,,,,,,,,,,,,,,,• SSR: will start once stability is completed and approved by ERCOT,
Generation Interconnection,"Terra Gen Development Company, LLC",Monte Cristo II Wind - TASK 14 TSAT MODEL QUALITY TEST,Joelle Abi-Nahed,Joelle Abi-Nahed,Fixed,In progress,"8,000",Georgette Khanfour,Bikram Bhandari,8/15/2026,30-Aug-26,202161,ERCOT,,Wind,,Nov 2027 qsa,
Generation Interconnection,"Terra Gen Development Company, LLC","Monte Cristo II Wind - TASK 15 PSSE, PSCAD, AND TSAT MODEL BENCHMARKING STUDY",Joelle Abi-Nahed,Joelle Abi-Nahed,Fixed,In progress,"5,000",Georgette Khanfour,Bikram Bhandari,8/15/2026,30-Aug-26,202161,ERCOT,,Wind,,,
Generation Interconnection,"Terra Gen Development Company, LLC",Vista Bluff Wind - TASK 6: ERCOT PSS/E MODEL QUALITY TEST AND TUNING UDPATE – V36,Joelle Abi-Nahed,Lea El Khoury,Fixed,Can be Invoiced and Closed,"15,000",Elias Chedid,Marise El Nacouzi,6/15/2026,30-Jun-26,203532,ERCOT,,Wind,,nov 2028 qsa,
TPGEN,TerraForm,RattleSnake Den WInd Far T1 ERCOT transmission Analysis - SP,Joelle Abi-Nahed,Joelle Abi-Nahed,Fixed,Can be Invoiced - leave open,"18,000",Behzad Jandaghi,Bikram Bhandari,10/24/2025,31-Oct-25,402985,ERCOT,,,,POI bearkat,
,,,,,,,,,,,,,,,,,2029 SP case JJ: PO on file JJ: pending to approve time entries 11/6,
Generation Interconnection,TerraGen,Monte Alto 2 Wind - T4 Project Interconnection Support,Joelle Abi-Nahed,Lea El Khoury,HNTE,Invoice time spent at end of month,"15,000",Marise El Nacouzi,Lea El Khoury,,30-Dec-26,202161,ERCOT,,,,Update reactive study appendix analysis to reflect 40C turbine hub height temp,
TPGEN,"Tokyo Gas America, Ltd.",ERCOT Load Interconnection Support Task 1: ERCOT Transmission Analysis –Summer Peak Conditions,Joelle Abi-Nahed,Joelle Abi-Nahed,Fixed,Can be Invoiced - leave open,"23,000",Bikram Bhandari,Joelle Abi-Nahed,11/28/2025,30-Nov-25,402653,ERCOT,,load,,JJ: 11/26 WO on file ,
Generation Interconnection,"Tokyo Gas America, Ltd.",ERCOT Load Interconnection Support Task 2: Load Interconnection Support,Joelle Abi-Nahed,Joelle Abi-Nahed,Fixed,Invoice time spent at end of month,"10,000",Bikram Bhandari,Joelle Abi-Nahed,,1-Dec-26,402653,ERCOT,,load,,,
Generation Interconnection,Total,RedBarn SPP Load Dyanmic Model,Joelle Abi-Nahed,Sonjoy Roy,Fixed,Can be Invoiced and Closed,"7,000",Yara Karam,Sonjoy Roy,5/5/2026,12-May-26,404731,Other,,,,,
Generation Interconnection,Total Renewables,Tanglewood (brazoria I)  Task 1: Reactive Power Compensation Study,Joelle Abi-Nahed,Joelle Abi-Nahed,Fixed,Can be Invoiced and Closed,"4,144",Anthony Saab,Bikram Bhandari,9/18/2024,20-Sep-24,,ERCOT,,Solar,,,
Generation Interconnection,Total Renewables,Tanglewood (brazoria I) Task 2: Planning Model Data & QSA Requirements Support,Joelle Abi-Nahed,Joelle Abi-Nahed,Fixed,Can be Invoiced and Closed,"8,000",Anthony Saab,Bikram Bhandari,9/26/2024,30-Sep-24,,ERCOT,,Solar,,,
Generation Interconnection,Total Renewables,Tanglewood (brazoria I)  Task 5: PSCAD™ Plant Model Development,Joelle Abi-Nahed,Joelle Abi-Nahed,Fixed,Can be Invoiced and Closed,"12,500",Anthony Saab,Bikram Bhandari,10/15/2024,23-Oct-24,,ERCOT,,,,telling ercot and follow up on QSA every 2 days,
Generation Interconnection,Total Renewables,Tanglewood (brazoria I) Task 6: PSCAD™ Model Quality Test,Joelle Abi-Nahed,Joelle Abi-Nahed,Fixed,Can be Invoiced and Closed,"16,000",Anthony Saab,Bikram Bhandari,10/15/2024,23-Oct-24,,ERCOT,,,,,
Generation Interconnection,Total Renewables,Wichita Aspen Model,Joelle Abi-Nahed,Joelle Abi-Nahed,Fixed,Can be Invoiced and Closed,"15,000",Anthony Saab,Behzad Jandaghi,18-Nov,22-Nov-24,,ERCOT,,PV+BESS,,Follow-up on RFI (Nov 8th),
Generation Interconnection,Total Renewables,Tanglewood (brazoria I) TASK 5: FULL REGISTRATION DATA & ERCOT  REGISTRATION SUPPORT,Joelle Abi-Nahed,Joelle Abi-Nahed,Fixed,Can be Invoiced - leave open,"17,500",Anthony Saab,Bikram Bhandari,12/9/2024,10-Dec-24,,ERCOT,,Solar,,Re registration,
Generation Interconnection,Total Renewables,Pinewood (brazoria II) solar Task 1: ERCOT FIS Application Update,Joelle Abi-Nahed,Joelle Abi-Nahed,Fixed,Mark as Cancelled,"12,000",Lena Barakat,Bikram Bhandari,,13-Oct-25,,ERCOT,,Solar,,follow up end of August,
Generation Interconnection,Total Renewables,Pinewood (brazoria II) solar Task 2: ERCOT PSSE Model Quality Test,Joelle Abi-Nahed,Joelle Abi-Nahed,Fixed,Mark as Cancelled,"10,000",Lena Barakat,Bikram Bhandari,,13-Oct-25,,ERCOT,,Solar,,,
Generation Interconnection,Total Renewables,Pinewood (brazoria II) solar Task 3: PSCAD™ Plant Model Development,Joelle Abi-Nahed,Joelle Abi-Nahed,Fixed,Mark as Cancelled,"10,000",Lena Barakat,Bikram Bhandari,,13-Oct-25,,ERCOT,,Solar,,,
Generation Interconnection,Total Renewables,Pinewood (brazoria II) solar Task 4: PSCAD™ Model Quality Test,Joelle Abi-Nahed,Joelle Abi-Nahed,Fixed,Mark as Cancelled,"10,000",Lena Barakat,Bikram Bhandari,,13-Oct-25,,ERCOT,,Solar,,,
Generation Interconnection,Total Renewables,Pinewood (brazoria II) solar Task 5: Reactive Power Compensation Study,Joelle Abi-Nahed,Joelle Abi-Nahed,Fixed,Mark as Cancelled,"14,000",Lena Barakat,Bikram Bhandari,,13-Oct-25,,ERCOT,,Solar,,,
Generation Interconnection,Total Renewables,Pinewood (brazoria II) solar Task 6: Planning Model Data & QSA Requirements Suppor,Joelle Abi-Nahed,Joelle Abi-Nahed,Fixed,Mark as Cancelled,"8,000",Lena Barakat,Bikram Bhandari,,13-Oct-25,,ERCOT,,Solar,,,
Generation Interconnection,Total Renewables,Pinewood (brazoria II) solar Task 8: Interconnection Support & Meetings,Joelle Abi-Nahed,Joelle Abi-Nahed,HNTE,Mark as Cancelled,"10,000",Lena Barakat,Bikram Bhandari,,13-Oct-25,,ERCOT,,Solar,,,
Generation Interconnection,Total Renewables,Pinewood (brazoria II) Stoarge Task 1: ERCOT FIS Application Update,Joelle Abi-Nahed,Joelle Abi-Nahed,Fixed,Mark as Cancelled,"12,000",Lena Barakat,Bikram Bhandari,,13-Oct-25,,ERCOT,,Storage,,follow up end of August,
Generation Interconnection,Total Renewables,Pinewood (brazoria II) Stoarge Task 11: Interconnection Support & Meetings,Joelle Abi-Nahed,Joelle Abi-Nahed,HNTE,Mark as Cancelled,"10,000",Lena Barakat,Bikram Bhandari,,13-Oct-25,,ERCOT,,Storage,,,
Generation Interconnection,Total Renewables,Pinewood (brazoria II) Stoarge Task 3: ERCOT Combined PSSE Model Quality Test AND VRT Tuning –Solar+BESS,Joelle Abi-Nahed,Joelle Abi-Nahed,Fixed,Mark as Cancelled,"10,000",Lena Barakat,Bikram Bhandari,,13-Oct-25,,ERCOT,,Storage,,,
Generation Interconnection,Total Renewables,Pinewood (brazoria II) Stoarge Task 5: PSCAD™ Model Quality Test,Joelle Abi-Nahed,Joelle Abi-Nahed,Fixed,Mark as Cancelled,"10,000",Lena Barakat,Bikram Bhandari,,13-Oct-25,,ERCOT,,Storage,,,
Generation Interconnection,Total Renewables,Pinewood (brazoria II) Stoarge Task 8: Reactive Power Compensation Study – Solar + BESS,Joelle Abi-Nahed,Joelle Abi-Nahed,Fixed,Mark as Cancelled,"14,000",Lena Barakat,Bikram Bhandari,,13-Oct-25,,ERCOT,,Storage,,,
Generation Interconnection,Total Renewables,Pinewood (brazoria II) Stoarge Task 9: Planning Model Data & QSA Requirements Suppor,Joelle Abi-Nahed,Joelle Abi-Nahed,Fixed,Mark as Cancelled,"8,000",Lena Barakat,Bikram Bhandari,,13-Oct-25,,ERCOT,,Storage,,,
Generation Interconnection,Total Renewables,Pinewood (brazoria II) StoargeTask 2: ERCOT PSSE Model Quality Test,Joelle Abi-Nahed,Joelle Abi-Nahed,Fixed,Mark as Cancelled,"10,000",Lena Barakat,Bikram Bhandari,,13-Oct-25,,ERCOT,,Storage,,,
Generation Interconnection,Total Renewables,Pinewood (brazoria II) StoargeTask 4: PSCAD™ Plant Model Development,Joelle Abi-Nahed,Joelle Abi-Nahed,Fixed,Mark as Cancelled,"10,000",Lena Barakat,Bikram Bhandari,,13-Oct-25,,ERCOT,,Storage,,,
Generation Interconnection,Total Renewables,Pinewood (brazoria II) StoargeTask 6: PSCAD™ Model Quality Test – Solar + BESS,Joelle Abi-Nahed,Joelle Abi-Nahed,Fixed,Mark as Cancelled,"10,000",Lena Barakat,Bikram Bhandari,,13-Oct-25,,ERCOT,,Storage,,,
Generation Interconnection,Total Renewables,Pinewood (brazoria II) StoargeTask 7: Reactive Power Compensation Study,Joelle Abi-Nahed,Joelle Abi-Nahed,Fixed,Mark as Cancelled,"14,000",Lena Barakat,Bikram Bhandari,,13-Oct-25,,ERCOT,,Storage,,,
Generation Interconnection,Total Renewables,Tanglewood (brazoria I) Task 4: Interconnection Support & Meetings ,Joelle Abi-Nahed,Joelle Abi-Nahed,HNTE,Mark as Cancelled,"10,000",Anthony Saab,Bikram Bhandari,,1-Dec-25,,ERCOT,,Solar,,,
Generation Interconnection,Union Bank of Switzerland (UBS) ,SMT Ironman BESS (24INR0265) T6 - T6 Planning Model RARF & QSA Requirements Support,Joelle Abi-Nahed,Joelle Abi-Nahed,Fixed,Can be Invoiced and Closed,"8,500",Bikram Bhandari,Joelle Abi Nahed,,8-Apr-24,,ERCOT,ERCOT,BESS,,,
Generation Interconnection,Union Bank of Switzerland (UBS) ,SMT Ironman BESS (24INR0265) T7 - T7 Full Registration RARF,Joelle Abi-Nahed,Joelle Abi-Nahed,Fixed,Can be Invoiced and Closed,"15,000",Bikram Bhandari,Joelle Abi Nahed,,21-May-24,,ERCOT,ERCOT,BESS,,,
Generation Interconnection,Union Bank of Switzerland (UBS) ,Carambola BESS Task 1: ERCOT FIS Application Update ,Joelle Abi-Nahed,Joelle Abi-Nahed,Fixed,Can be Invoiced and Closed,"26,000",Ghida Hajj Hassan,Sonjoy Roy,7-Feb,21-Feb-25,,ERCOT,,BESS,,august 2025 QSA,
Generation Interconnection,Union Bank of Switzerland (UBS) ,Backbone BESS Task 1: ERCOT FIS Application Update ,Joelle Abi-Nahed,Joelle Abi-Nahed,Fixed,Can be Invoiced and Closed,"18,000",Ghida Hajj Hassan,Sonjoy Roy,7-Jan,21-Jan-25,,ERCOT,,BESS,,august  2025 QSA,
Generation Interconnection,Union Bank of Switzerland (UBS) ,Carambola BESS Task 2: ERCOT FIS Application Update ,Joelle Abi-Nahed,Joelle Abi-Nahed,Fixed,Mark as Cancelled,"11,000",Ghida Hajj Hassan,Sonjoy Roy,,1-Dec-25,,ERCOT,,BESS,,duplicate entry,
Generation Interconnection,Union Bank of Switzerland (UBS) ,Al Pastor BESS (24INR0273) T6 - T6 Project Interconnection Support,Joelle Abi-Nahed,Joelle Abi-Nahed,HNTE,Mark as Cancelled,"5,000",,,,1-Dec-25,,ERCOT,,BESS,,PM should be revised to SIbin,
Generation Interconnection,Union Bank of Switzerland (UBS) ,Backbone BESS Task 7: Full Registration Data & ERCOT,Joelle Abi-Nahed,Joelle Abi-Nahed,Fixed,Can be Invoiced - leave open,"15,000",Yara Karam,Sonjoy Roy,11/5/2025,20-Nov-25,202772 T7,ERCOT,,BESS,,4/1/2026 PLD with 12/1/25 Deadline.,
,,Registration Support,,,,,,,,,,,,,,,call with ercot? JJ: APPROVE TIME ENTRIES 11/26,
Generation Interconnection,Union Bank of Switzerland (UBS) ,Backbone BESS Task 8: Interconnection Support & Meetings,Joelle Abi-Nahed,Joelle Abi-Nahed,HNTE,Hold (other reason),"10,000",Lena Barakat,Sonjoy Roy,,1-Dec-26,,ERCOT,,BESS,,,
Generation Interconnection,Union Bank of Switzerland (UBS) ,Carambola  BESS Task 6: Reactive Power Compensation Study ,Joelle Abi-Nahed,Joelle Abi-Nahed,Fixed,Can be Invoiced and Closed,"15,000",Georgette Khanfour,Bikram Bhandari,23-May,30-May-25,,ERCOT,,Solar,,august  2025 QSA (use qmin/qmax from dyr),
Generation Interconnection,Union Bank of Switzerland (UBS) ,Carambola BESS Task 3: ERCOT PSSE Model Quality Test,Joelle Abi-Nahed,Joelle Abi-Nahed,Fixed,Can be Invoiced and Closed,"11,000",Yara Karam,Sonjoy Roy,31-Mar,31-Mar-25,,ERCOT,,BESS,,aug qsa- restudies needed,
Generation Interconnection,Union Bank of Switzerland (UBS) ,Carambola BESS Task 4: PSCAD™ Plant Model Development ,Joelle Abi-Nahed,Joelle Abi-Nahed,Fixed,Can be Invoiced and Closed,"11,000",Sonjoy Roy,Joelle Abi-Nahed,25-May-25,30-May-25,,ERCOT,,BESS,,aug qsa- restudies needed,
Generation Interconnection,Union Bank of Switzerland (UBS) ,Carambola BESS Task 5: PSCAD™ Model Quality Test,Joelle Abi-Nahed,Joelle Abi-Nahed,Fixed,Can be Invoiced and Closed,"14,000",Sonjoy Roy,Joelle Abi-Nahed,25-May-25,30-May-25,,ERCOT,,BESS,,aug qsa- restudies needed,
Generation Interconnection,Union Bank of Switzerland (UBS) ,SMT Ironman BESS (24INR0265) T8 - T8 Project Interconnection Support,Joelle Abi-Nahed,Joelle Abi-Nahed,HNTE,Mark as Cancelled,"13,000",,,,1-Dec-25,,ERCOT,,BESS,,,
Generation Interconnection,Union Bank of Switzerland (UBS) ,Wigeon Whistle BESS (24INR0312) T6 - T6 Project Interconnection Support,Joelle Abi-Nahed,Joelle Abi-Nahed,HNTE,Mark as Cancelled,"10,000",,,,1-Dec-25,,ERCOT,,BESS,,complete 16.5 compliance,
Generation Interconnection,Union Bank of Switzerland (UBS) ,Backbone BESS Task 2: ERCOT PSSE Model Quality Test,Joelle Abi-Nahed,Joelle Abi-Nahed,Fixed,Can be Invoiced and Closed,"11,000",Lena Barakat,Sonjoy Roy,21-Mar-25,31-Mar-25,,ERCOT,,BESS,,,
Generation Interconnection,Union Bank of Switzerland (UBS) ,Backbone BESS Task 5: Reactive Power Compensation Study ,Joelle Abi-Nahed,Joelle Abi-Nahed,Fixed,Can be Invoiced and Closed,"15,000",Georgette Khanfour,Bikram Bhandari,13-Jun,19-Jun-25,,ERCOT,,BESS,,November2025 QSA,
Generation Interconnection,Union Bank of Switzerland (UBS) ,Carambola  BESS Task 7: Planning Model Data & QSA,Joelle Abi-Nahed,Joelle Abi-Nahed,Fixed,Can be Invoiced and Closed,"9,500",Yara Karam,Sonjoy Roy,4-Jun,16-Jun-25,,ERCOT,,BESS,,45 day checklist,
,,Requirements Support,,,,,,,,,,,,,,,,
Generation Interconnection,Union Bank of Switzerland (UBS) ,Backbone BESS Task 3: PSCAD™ Plant Model Development ,Joelle Abi-Nahed,Joelle Abi-Nahed,Fixed,Can be Invoiced and Closed,"11,000",Sonjoy Roy,Joelle Abi-Nahed,16-Jun-25,19-Jun-25,,ERCOT,,BESS,,November2025 QSA- no restudies needed,
Generation Interconnection,Union Bank of Switzerland (UBS) ,Backbone BESS Task 4: PSCAD™ Model Quality Test,Joelle Abi-Nahed,Joelle Abi-Nahed,Fixed,Can be Invoiced and Closed,"14,000",Sonjoy Roy,Joelle Abi-Nahed,16-Jun-25,19-Jun-25,,ERCOT,,BESS,,November2025 QSA- no restudies needed,
Generation Interconnection,Union Bank of Switzerland (UBS) ,Backbone BESS Task 10: PSCAD™ Model Quality Test budget expansion,Joelle Abi-Nahed,Joelle Abi-Nahed,Fixed,Can be Invoiced and Closed,"6,000",Sonjoy Roy,Joelle Abi-Nahed,16-Jun-25,19-Jun-25,,ERCOT,,BESS,,November2025 QSA- no restudies needed,
Generation Interconnection,Union Bank of Switzerland (UBS) ,Backbone BESS Task 6: Planning Model Data & QSA,Joelle Abi-Nahed,Joelle Abi-Nahed,Fixed,Can be Invoiced - leave open,"9,500",Yara Karam,Sonjoy Roy,22-Jul,29-Jul-25,,ERCOT,,BESS,,November2025 QSA,
,,Requirements Support,,,,,,,,,,,,,,,follow up in august on restudies with LCRA/ 45 day checklist,
Generation Interconnection,Union Bank of Switzerland (UBS) ,Carambola  BESS Task 8: Full Registration Data & ERCOT,Joelle Abi-Nahed,Joelle Abi-Nahed,Fixed,Can be Invoiced - leave open,"15,000",Yara Karam,Sonjoy Roy,18-Jul,28-Jul-25,,ERCOT,,BESS,,"12/3 PLD for 1/13 energization, deadline is 8/1/2025",
,,Registration Support,,,,,,,,,,,,,,,tsp POI/node,
,,,,,,,,,,,,,,,,,send sow for IFC + tetsing,
Generation Interconnection,Union Bank of Switzerland (UBS) ,Carambola T9: Aspen Model,Joelle Abi-Nahed,Sonjoy Roy,Fixed,Can be Invoiced and Closed,"5,000",Yara Karam,Bikram Bhandari,3/25/2025,31-Mar-25,,ERCOT,,BESS,,,
Generation Interconnection,Union Bank of Switzerland (UBS) ,Backbone T9: Aspen Model,Joelle Abi-Nahed,Sonjoy Roy,Fixed,Can be Invoiced and Closed,"5,000",Yara Karam,Bikram Bhandari,3/25/2025,31-Mar-25,,ERCOT,,BESS,,TO,
Generation Interconnection,Valor Infrastructure Partners (pelion),TASK 1: GENERAL INTERCONNECTION SUPPORT,Joelle Abi-Nahed,Joelle Abi-Nahed,HNTE,Invoice time spent at end of month,"10,000",,Behzad Jandaghi,,1-Dec-26,404986,ERCOT,,BESS,,,
Generation Interconnection,Viridity,Saguaro project TASK 1: SRP INTERCONNECTION APPLICATION(400004),Joelle Abi-Nahed,Joelle Abi-Nahed,Fixed,Can be Invoiced and Closed,"16,000",Georgette Khanfour,Bikram Bhandari,1/24/2025,31-Jan-25,400004,WECC,SRP,,,,
Generation Interconnection,Viridity,Saguaro project TASK 2: PSCAD™ PLANT MODEL DEVELOPMENT,Joelle Abi-Nahed,Joelle Abi-Nahed,Fixed,Can be Invoiced and Closed,"15,000",Georgette Khanfour,Bikram Bhandari,1/24/2025,31-Jan-25,400004,WECC,SRP,,,,
Generation Interconnection,Viridity,Saguaro project TASK 3: PSLF & PSCAD™BENCHMARKING STUDY,Joelle Abi-Nahed,Joelle Abi-Nahed,Fixed,Can be Invoiced and Closed,"8,000",Georgette Khanfour,Bikram Bhandari,1/24/2025,31-Jan-25,400004,WECC,SRP,,,,
Generation Interconnection,Viridity,Saguaro project TASK 4: PLANT ASPEN MODEL,Joelle Abi-Nahed,Joelle Abi-Nahed,Fixed,Can be Invoiced and Closed,"5,000",Georgette Khanfour,Bikram Bhandari,1/24/2025,31-Jan-25,400004,WECC,SRP,,,,
Generation Interconnection,Viridity,Saguaro project TASK 5: PROJECT INTERCONNECTION,Joelle Abi-Nahed,Joelle Abi-Nahed,HNTE,Invoice time spent at end of month,"5,000",Georgette Khanfour,Bikram Bhandari,,1-Dec-26,,WECC,SRP,,,,
,,SUPPORT ,,,,,,,,,,,,,,,,
Generation Interconnection,Viridity,SRP (saguro) TASK 6: SRP INTERCONNECTION,Joelle Abi-Nahed,Joelle Abi-Nahed,Fixed,Can be Invoiced and Closed,"9,000",Bikram Bhandari,Joelle Abi-Nahed,,14-Apr-25,,WECC,SRP,BESS,,SCR=2 worked. wasn't reading the protection setting scorrectly,
,,APPLICATION UPDATE ,,,,,,,,,,,,,,,,
Generation Interconnection,Viridity,SRP (saguro) TASK 7: PSCAD™ PLANT MODEL,Joelle Abi-Nahed,Joelle Abi-Nahed,Fixed,Can be Invoiced and Closed,"9,000",Bikram Bhandari,Joelle Abi-Nahed,,14-Apr-25,,WECC,SRP,BESS,,,
,,DEVELOPMENT UPDATE ,,,,,,,,,,,,,,,,
Generation Interconnection,Viridity,SRP (saguro) TASK 8: PSLF & PSCAD™ TESTS UPDATE ,Joelle Abi-Nahed,Joelle Abi-Nahed,Fixed,Can be Invoiced and Closed,"8,000",Bikram Bhandari,Joelle Abi-Nahed,,14-Apr-25,,WECC,SRP,BESS,,,
Generation Interconnection,Viridity,SRP (saguro) TASK 9: PLANT ASPEN MODEL UPDATE ,Joelle Abi-Nahed,Joelle Abi-Nahed,Fixed,Can be Invoiced and Closed,"5,000",Bikram Bhandari,Joelle Abi-Nahed,,14-Apr-25,,WECC,SRP,BESS,,,
Generation Interconnection,Viridity,SRP (saguro) TASK 10: PROJECT INTERCONNECTION,Joelle Abi-Nahed,Joelle Abi-Nahed,HNTE,In progress,"5,000",Bikram Bhandari,Joelle Abi-Nahed,,30-Dec-26,,WECC,SRP,BESS,,,
,,SUPPORT ,,,,,,,,,,,,,,,,
Generation Interconnection,"Viridity Energy Solutions, Inc. ",Harper Energy Storage T10 - T10 Dynamic model support,Joelle Abi-Nahed,Joelle Abi-Nahed,Fixed,Can be Invoiced and Closed,"7,000",Bikram Bhandari,Joelle Abi Nahed,,19-Mar-24,,ERCOT,,BESS,,,
Generation Interconnection,"Viridity Energy Solutions, Inc. ",Lower Rio T8 - T8 Planning Model RARF & QSA Requirements Support,Joelle Abi-Nahed,Joelle Abi-Nahed,Fixed,Can be Invoiced and Closed,"9,500",Yang Zhou,Joelle Abi Nahed,,19-Mar-24,,ERCOT,,BESS,,studies / IA / models,
Generation Interconnection,"Viridity Energy Solutions, Inc. ",Bird dog BESS T1 - T1: ERCOT FIS RARF & Plant Model Update,Joelle Abi-Nahed,Joelle Abi-Nahed,Fixed,Can be Invoiced and Closed,"16,000",Anthony Saab,Bikram Bhandari,30-May,31-May-24,,ERCOT,,BESS,,revsie PM to joelle instead of rebecca,
Generation Interconnection,"Viridity Energy Solutions, Inc. ",Bird dog BESS T2 - T2: ERCOT Model Quality Test and VRT  Tuning ,Joelle Abi-Nahed,Joelle Abi-Nahed,Fixed,Can be Invoiced and Closed,"10,000",Anthony Saab,Bikram Bhandari,16-Jul,22-Jul-24,,ERCOT,,BESS,,revsie PM to joelle instead of rebecca,
Generation Interconnection,"Viridity Energy Solutions, Inc. ",Bird dog BESS T4 - T4: PSCAD™ Plant Model Development,Joelle Abi-Nahed,Joelle Abi-Nahed,Fixed,Can be Invoiced and Closed,"11,000",Anthony Saab,Bikram Bhandari,16-Jul,22-Jul-24,,ERCOT,,BESS,,revsie PM to joelle instead of rebecca,
Generation Interconnection,"Viridity Energy Solutions, Inc. ",Bird dog BESS T5 - T5: PSCAD™ Model Quality Test,Joelle Abi-Nahed,Joelle Abi-Nahed,Fixed,Can be Invoiced and Closed,"14,000",Anthony Saab,Bikram Bhandari,16-Jul,22-Jul-24,,ERCOT,,BESS,,revsie PM to joelle instead of rebecca,
Generation Interconnection,"Viridity Energy Solutions, Inc. ",Lower Rio T16 - T16 Full Registration Support,Joelle Abi-Nahed,Joelle Abi-Nahed,Fixed,Can be Invoiced and Closed,"17,500",Georgette Khanfour,Dibakar Shil,12-Jul,26-Jul-24,,ERCOT,,BESS,,8/1/2024 deadline for 11/1 PLD,
,,,,,,,,,,,,,,,,,move it to Amir after completion of full reg,
,,,,,,,,,,,,,,,,,16.5 compliance sheet,
Generation Interconnection,"Viridity Energy Solutions, Inc. ",Bird dog BESS T3 - T3: Reactive Power Compensation Study,Joelle Abi-Nahed,Joelle Abi-Nahed,Fixed,Can be Invoiced and Closed,"16,500",Anthony Saab,Bikram Bhandari,25-Sep,30-Sep-24,,ERCOT,,BESS,,revsie PM to joelle instead of rebecca,
Generation Interconnection,"Viridity Energy Solutions, Inc. ",Bird dog BESS T6 - T6: Planning Model RARF & QSA Requirements Support,Joelle Abi-Nahed,Joelle Abi-Nahed,Fixed,Can be Invoiced - leave open,"10,000",Anthony Saab,Bikram Bhandari,26-Nov,27-Nov-24,,ERCOT,,BESS,,RFI 11/7,
Generation Interconnection,"Viridity Energy Solutions, Inc. ",Lower Rio T25 - T25 PSSE & PSCAD model preparation & MQT,Joelle Abi-Nahed,Joelle Abi-Nahed,Fixed,Can be Invoiced and Closed,"45,000",Anthony Saab,Behzad Jandaghi,12-May,22-May-25,,ERCOT,,BESS,,.,
Generation Interconnection,"Viridity Energy Solutions, Inc. ", Joliba Energy Storage T2 - T2 Project Interconnection Support,Joelle Abi-Nahed,Joelle Abi-Nahed,HNTE,Mark as Cancelled,"10,000",,,,1-Dec-25,,ERCOT,,BESS,,,
Generation Interconnection,"Viridity Energy Solutions, Inc. ",Bird dog BESS T7 - T7: Project Interconnection Support,Joelle Abi-Nahed,Joelle Abi-Nahed,Hourly,Mark as Cancelled,"10,000",Anthony Saab,Bikram Bhandari,,1-Dec-25,,ERCOT,,,,The next step would be Full registration by and IFC models by March 2025,
Generation Interconnection,"Viridity Energy Solutions, Inc. ",Lower Rio T15 - T15 Project Interconnection Support,Joelle Abi-Nahed,Joelle Abi-Nahed,HNTE,Invoice time spent at end of month,"20,000",,,,1-Dec-26,,ERCOT,,BESS,,bess rfi,
Generation Interconnection,"Viridity Energy Solutions, Inc. ",Bird Dog Task 9 - IFC PSCAD and PSSE Model + MQT,Joelle Abi-Nahed,Joelle Abi-Nahed,Fixed,Can be Invoiced and Closed,"45,000",Behzad Jandaghi,Joelle Abi-Nahed,12/15/2025,30-Jan-26,400394 T9,ERCOT,,BESS,,use asbuilt from lower in IFC bird dog,
Generation Interconnection,"Viridity Energy Solutions, Inc. ",Lower Rio Task 26: ERCOT NOGRR-245 RFI DocuSign Technical,Joelle Abi-Nahed,Joelle Abi-Nahed,HNTE,Can be Invoiced and Closed,"7,000",Anthony Saab,Behzad Jandaghi,,30-Mar-25,100674,ERCOT,,BESS,,,
,,Support,,,,,,,,,,,,,,,,
Generation Interconnection,"Viridity Energy Solutions, Inc. ",Bird dog BESS TASK 19: PSCAD AND PSSE PLANT MODEL,Joelle Abi-Nahed,Joelle Abi-Nahed,Fixed,Can be Invoiced - leave open,"30,000",Behzad Jandaghi,Joelle Abi-Nahed,4/17/2025,21-Apr-25,400394,ERCOT,,BESS,,august qsa,
,,UPDATE AND MODEL QUALITY TESTS – 21 INVERTERS ,,,,,,,,,,,,,,,,
Generation Interconnection,"Viridity Energy Solutions, Inc. ",Bird dog BESS TASK 20: REACTIVE POWER,Joelle Abi-Nahed,Joelle Abi-Nahed,Fixed,Mark as Cancelled,"15,000",Anthony Saab,Behzad Jandaghi,,21-Apr-25,400394,ERCOT,,BESS,,detailed model/eq model,
,,COMPENSATION STUDY – 21 INVERTERS ,,,,,,,,,,,,,,,,
Generation Interconnection,"Viridity Energy Solutions, Inc. ",Bird dog BESS Task 21: ERCOT NOGRR-245 RFI DocuSign Technical Support,Joelle Abi-Nahed,Joelle Abi-Nahed,HNTE,Can be Invoiced and Closed,"7,000",Bikram Bhandari,Joelle Abi-Nahed,,30-Mar-25,400394,ERCOT,,BESS,,,
Generation Interconnection,"Viridity Energy Solutions, Inc. ",PGE projects T2 - T2 Project Interconnection and General Consulting Support,Joelle Abi-Nahed,Joelle Abi-Nahed,HNTE,Mark as Cancelled,"5,000",,,,1-Dec-25,,WECC,,,,,
Generation Interconnection,"Viridity Energy Solutions, Inc. ",Bird Dog  Task 8 - Full Registration Data & ERCOT Registration Support,Joelle Abi-Nahed,Joelle Abi-Nahed,Fixed,Can be Invoiced - leave open,"17,500",Behzad Jandaghi,Bikram Bhandari,8/7/2025,18-Aug-25,400394,ERCOT,,BESS,,1/7/2026 PLD (9/1/2025 deadline),
,,,,,,,,,,,,,,,,,follow up sow with additional inverter,
Generation Interconnection,Vistra,Comanche peak Nuclear+ load reactive study,Joelle Abi-Nahed,Lea El Khoury,Fixed,Can be Invoiced - leave open,"30,000",Perla Boulos,Lea El Khoury,4/23/2026,30-Apr-26,404366,ERCOT,,Nuclear+load,,,
Generation Interconnection,Vistra,Permian Basin Task 1: Planning Model Data & QSA Requirements,Joelle Abi-Nahed,Sonjoy Roy,Fixed,Can be Invoiced - leave open,"15,000",Ghida Hajj Hassan,Sonjoy Roy,2/20/2026,10-Apr-26,401787,ERCOT,,Gas,,nov 2026 QSA per 5/27 synch,
,,Support ,,,,,,,,,,,,,,,reactive study pending,
,,,,,,,,,,,,,,,,,fis studies are completed (oncor),
,,,,,,,,,,,,,,,,,"IA completed, executed",
Generation Interconnection,Vistra,Permian Basin Task 2: Full Registration Data Submission & Production,Joelle Abi-Nahed,Sonjoy Roy,Fixed,In progress,"25,000",Ghida Hajj Hassan,Sonjoy Roy,10/1/2026,12-Oct-26,401787,ERCOT,,Gas,,12/1/2026 deadline for april 2027 PLD ,
,,Load Date Support ,,,,,,,,,,,,,,,,
TPGEN,Vistra,Midlothian Power Plant Large Load Task 1: ERCOT Transmission Analysis – Summer Peak Conditions,Joelle Abi-Nahed,Sonjoy Roy,Fixed,Can be Invoiced and Closed,"20,000",Lena Barakat,Sonjoy Roy,4/23/2025,30-Apr-25,401071,ERCOT,,Load,,,
TPGEN,Vistra,Hays Power Plant Large Load Task 1: ERCOT Transmission Analysis – Summer Peak Conditions,Joelle Abi-Nahed,Sonjoy Roy,Fixed,Can be Invoiced and Closed,"20,000",Sonjoy Roy,Joelle Abi-Nahed,5/13/2025,27-May-25,,ERCOT,,Load,,,
Generation Interconnection,Vistra,Dry Creek Solar II TASK 1.1: PSSE PLANT MODEL DEVELOPMENT &,Joelle Abi-Nahed,Joelle Abi-Nahed,Fixed,In progress,"30,000",,Bikram Bhandari,,1-Dec-26,405471,ERCOT,,PV,,PO/,
,,MODEL QUALITY TEST AND TUNING - OPTIONAL,,,,,,,,,,,,,,,,
Generation Interconnection,Vistra,Dry Creek Solar II TASK 1: PSCAD™ PLANT MODEL DEVELOPMENT,Joelle Abi-Nahed,Joelle Abi-Nahed,Fixed,In progress,"10,000",,Bikram Bhandari,,1-Dec-26,405471,ERCOT,,PV,,,
Generation Interconnection,Vistra,Dry Creek Solar II TASK 2: PSCAD™ MODEL QUALITY TEST,Joelle Abi-Nahed,Joelle Abi-Nahed,Fixed,In progress,"28,000",,Bikram Bhandari,,2-Dec-26,405471,ERCOT,,PV,,,
Generation Interconnection,Vistra,Dry Creek Solar II TASK 3: PSS®E AND PSCADTM MODEL,Joelle Abi-Nahed,Joelle Abi-Nahed,Fixed,In progress,"6,000",,Bikram Bhandari,,3-Dec-26,405471,ERCOT,,PV,,,
,,BENCHMARKING STUDY ,,,,,,,,,,,,,,,,
Generation Interconnection,Vistra,Dry Creek Solar II TASK 4: PLANNING MODEL DATA & QSA,Joelle Abi-Nahed,Joelle Abi-Nahed,Fixed,Hold (other reason),"8,000",,Bikram Bhandari,,1-Dec-26,405471,ERCOT,,PV,,,
,,REQUIREMENTS SUPPORT,,,,,,,,,,,,,,,,
Generation Interconnection,Vistra,Dry Creek Solar II TASK 5: FULL REGISTRATION DATA SUBMISSION &,Joelle Abi-Nahed,Joelle Abi-Nahed,Fixed,Hold (other reason),"19,000",,Bikram Bhandari,,2-Dec-26,405471,ERCOT,,PV,,,
,,PRODUCTION LOAD DATE SUPPORT ,,,,,,,,,,,,,,,,
Generation Interconnection,Vistra,Dry Creek Solar II TASK 6: IFC INVERTER AND CONTROL PARAMETER,Joelle Abi-Nahed,Joelle Abi-Nahed,Fixed,Hold (other reason),"30,000",,Bikram Bhandari,,3-Dec-26,405471,ERCOT,,PV,,,
,,SETTINGS ,,,,,,,,,,,,,,,,
Generation Interconnection,Vistra,Dry Creek Solar II TASK 19: ADDITIONAL TECHNICAL SUPPORT & MEETINGS,Joelle Abi-Nahed,Joelle Abi-Nahed,HNTE,Invoice time spent at end of month,"15,000",,Bikram Bhandari,,4-Dec-26,405471,ERCOT,,PV,,milestone tracker,
Generation Interconnection,Vitis - Eagle Claw Energy Center LLC,Eagle Claw Project T1- FIS,Joelle Abi-Nahed,Sonjoy Roy,Fixed,Can be Invoiced and Closed,"16,000",Mary Fadlallah,Sonjoy Roy,4/22/2026,30-Apr-26,403801,ERCOT,,bess,,IA showed 200.8 but studies will get with previosu mdoel to 200 Net, 
,,,,,,,,,,,,,,,,,we re now at 200 Net with 205 gross ( to compensate losses),
Generation Interconnection,Voltedge,Load TASK 1: LOAD INTERCONNECTION SUPPORT ,Joelle Abi-Nahed,Sonjoy Roy,HNTE,Invoice time spent at end of month,"10,000",,Sonjoy Roy,,1-Dec-26,404543,ERCOT,,load,,,
Generation Interconnection,Voltedge,Load TASK 2: PSS®E MODEL DEVELOPMENT,Joelle Abi-Nahed,Sonjoy Roy,Fixed,In progress,"23,000",Wissam Estephan,Sonjoy Roy,,1-Dec-26,404543,ERCOT,,load,,,
Generation Interconnection,W.T. Waggoner Estate Inc.,Waggoner Ranch Task 6: ERCOT SS & FIS Interconnection Application – Conventional Generation,Joelle Abi-Nahed,Joelle Abi-Nahed,Fixed,Can be Invoiced and Closed,"13,000",Siddhesh Thorat,Behzad Jandaghi,6/12/2026,23-Jun-26,403819,ERCOT,,Conventional,,"• 2,000MW load application into Ferranti (Riley 2.0) with matching 2000MW for new natural gas generation.",
,,,,,,,,,,,,,,,,,do we need more than 1 INR? if so repeat for 10k,
Generation Interconnection,W.T. Waggoner Estate Inc.,Waggoner Ranch Task 7: ERCOT PSS/E Model Quality Test and Tuning – Conventional Generation,Joelle Abi-Nahed,Joelle Abi-Nahed,Fixed,Can be Invoiced and Closed,"7,500",Shiva Amini,Behzad Jandaghi,7/24/2026,31-Jul-26,403819,ERCOT,,Conventional,,do we need more than 1 INR? if so repeat for 6k,
Generation Interconnection,W.T. Waggoner Estate Inc.,Waggoner Ranch Task 8: General interconnection support,Joelle Abi-Nahed,Joelle Abi-Nahed,HNTE,Invoice time spent at end of month,"5,000",Siddhesh Thorat,Behzad Jandaghi,,1-Dec-26,403819,ERCOT,,Conventional,,do we need more than 1 INR? if so repeat for 5k,
Generation Interconnection,W.T. Waggoner Estate Inc.,Waggoner Ranch TASK 9: Load Interconnection Support,Joelle Abi-Nahed,Joelle Abi-Nahed,HNTE,Invoice time spent at end of month,"10,000",Shiva Amini,Behzad Jandaghi,,1-Dec-26,403819,ERCOT,,load,,"• 2,000MW load application into Ferranti (Riley 2.0)",
Generation Interconnection,W.T. Waggoner Estate Inc.,Waggoner Ranch TASK 10: PSS®E Model Development and Dynamics,Joelle Abi-Nahed,Joelle Abi-Nahed,Fixed,Can be Invoiced and Closed,"16,000",Siddhesh Thorat,Behzad Jandaghi,6/12/2026,23-Jun-26,403819,ERCOT,,load,,,
Generation Interconnection,W.T. Waggoner Estate Inc.,Waggoner Ranch TASK 11: Dynamic Load Model –Combined Conventional and Datacenter,Joelle Abi-Nahed,Joelle Abi-Nahed,Fixed,Can be Invoiced and Closed,"7,500",Shiva Amini,Behzad Jandaghi,7/24/2026,31-Jul-26,403819,ERCOT,,load,,,
Generation Interconnection,W.T. Waggoner Estate Inc.,Waggoner Ranch  Project3INR2 Task 1: ERCOT SS & FIS Interconnection Application – Conventional Generation,Joelle Abi-Nahed,Joelle Abi-Nahed,Fixed,Can be Invoiced and Closed,"10,000",Siddhesh Thorat,Behzad Jandaghi,6/12/2026,23-Jun-26,405886,ERCOT,,Conventional,,"• 2,000MW load application into Ferranti (Riley 2.0) with matching 2000MW for new natural gas generation.",
,,,,,,,,,,,,,,,,,do we need more than 1 INR? if so repeat for 10k,
Generation Interconnection,W.T. Waggoner Estate Inc.,Waggoner Ranch  Project3INR2  Task 2: ERCOT PSS/E Model Quality Test and Tuning – Conventional Generation,Joelle Abi-Nahed,Joelle Abi-Nahed,Fixed,Can be Invoiced and Closed,"6,000",Shiva Amini,Behzad Jandaghi,7/24/2026,31-Jul-26,405886,ERCOT,,Conventional,,do we need more than 1 INR? if so repeat for 6k,
Generation Interconnection,W.T. Waggoner Estate Inc.,Waggoner Ranch  Project3INR2 Task 3: General interconnection support,Joelle Abi-Nahed,Joelle Abi-Nahed,HNTE,Invoice time spent at end of month,"5,000",Siddhesh Thorat,Behzad Jandaghi,,1-Dec-26,405886,ERCOT,,Conventional,,do we need more than 1 INR? if so repeat for 5k,
Generation Interconnection,W.T. Waggoner Estate Inc.,Waggoner Ranch Project3INR2 TASK 4: PSS®E Model Development and Dynamics,Joelle Abi-Nahed,Joelle Abi-Nahed,Fixed,Can be Invoiced and Closed,"16,000",Siddhesh Thorat,Behzad Jandaghi,6/12/2026,23-Jun-26,405886,ERCOT,,load,,,
Generation Interconnection,W.T. Waggoner Estate Inc.,Waggoner Ranch Project3INR2 TASK 5: Dynamic Load Model –Combined Conventional and Datacenter,Joelle Abi-Nahed,Joelle Abi-Nahed,Fixed,Can be Invoiced and Closed,"6,000",Shiva Amini,Behzad Jandaghi,7/24/2026,31-Jul-26,405886,ERCOT,,load,,,
Generation Interconnection,W.T. Waggoner Estate Inc.,Waggoner Ranch Project 4 load (riley 1.0) TASK 1: Load PSSE Model,Joelle Abi-Nahed,Joelle Abi-Nahed,Fixed,Can be Invoiced - leave open,"16,000",Siddhesh Thorat,Behzad Jandaghi,6/12/2026,23-Jun-26,405889,ERCOT,,load,,,
Generation Interconnection,W.T. Waggoner Estate Inc.,Waggoner Ranch Project 1 load (riley 2.0) TASK 1: Load PSSE Model,Joelle Abi-Nahed,Joelle Abi-Nahed,Fixed,Can be Invoiced - leave open,"21,000",Siddhesh Thorat,Behzad Jandaghi,6/12/2026,23-Jun-26,405887,ERCOT,,load,,,
Generation Interconnection,W.T. Waggoner Estate Inc.,Waggoner Ranch Project 2 load (riley 2.0) TASK 1: Load PSSE Model,Joelle Abi-Nahed,Joelle Abi-Nahed,Fixed,Can be Invoiced - leave open,"16,000",Siddhesh Thorat,Behzad Jandaghi,6/12/2026,23-Jun-26,405888,ERCOT,,load,,,
Generation Interconnection,Wartsila,ERCOT Gas-fired Gen T2: ERCOT Expedited FIS Application,Joelle Abi-Nahed,Joelle Abi-Nahed,Fixed,Can be Invoiced and Closed,"17,500",Anthony Saab,Dibakar Shil,11-Jun,18-Jun-24,,ERCOT,,,,,
Generation Interconnection,Wartsila,ERCOT Gas-fired Gen T3:ERCOT Model Quality Test and VRT Tuning,Joelle Abi-Nahed,Joelle Abi-Nahed,Fixed,Can be Invoiced and Closed,"10,000",Anthony Saab,Sonjoy Roy,12-Aug,16-Aug-24,,ERCOT,,,,,
Generation Interconnection,Wartsila,ERCOT Gas-fired Gen T4: FIS scoping meeting & Assistacne in negotiation of scope,Joelle Abi-Nahed,Joelle Abi-Nahed,Fixed,Can be Invoiced and Closed,"3,000",Anthony Saab,Sonjoy Roy,13-Aug,27-Sep-24,,ERCOT,,,,revise models and swap MPTs,
,,,,,,,,,,,,,,,,,follow up end of december,
,,,,,,,,,,,,,,,,,revise MQT??,
Generation Interconnection,WEST TEXAS SOLAR PROJECT II LLC ,FR Longbow Solar project T1 - T1 Interconnection Support,Joelle Abi-Nahed,Joelle Abi-Nahed,HNTE,Mark as Cancelled,"10,000",,,,1-Dec-25,,ERCOT,,,,,
Generation Interconnection,"Wise Asset No. 4, Ltd. ",El Paso Application T2 - T2 Project Interconnection Support,Joelle Abi-Nahed,Joelle Abi-Nahed,HNTE,Mark as Cancelled,"10,000",,,,1-Dec-25,,WECC,,BESS,,,
Generation Interconnection,Wise Energy Resources,Maypearl Energy Center T4- General Support,Joelle Abi-Nahed,Sonjoy Roy,HNTE,In progress,"10,000",Mary Fadlallah,Sonjoy Roy,11/28/2025,1-Dec-26,400733 T4,ERCOT,,Load,,oncor<75,
,,,,,,,,,,,,,,,,,keep in mind T1 is for 800 MW phase 1,
Generation Interconnection,Wise Energy Resources,Maypearl Energy Center T5- PSSE steady state & Dynamic Model,Joelle Abi-Nahed,Sonjoy Roy,Fixed,Can be Invoiced and Closed,"20,000",Mary Fadlallah,Sonjoy Roy,11/28/2025,27-Nov-25,400733 T5,ERCOT,,Load,,JJ: TO 13 on file ready in CORE - NO TIME ENTRIES*,
Generation Interconnection,"Wise Energy Resources, Ltd.",johnson county ERCOT Gas-fired Gen IX T1: ERCOT Expedited SS & FIS Application,Joelle Abi-Nahed,Joelle Abi-Nahed,Fixed,Can be Invoiced and Closed,"1,100",Georgette Khanfour,Sonjoy Roy,,7-Nov-25,203569 T1,ERCOT,,,,Rfi Sent on Nov-8. to be cancelled? JJ_ task invoiced and tobe closed 11/26,
Generation Interconnection,"Wise Energy Resources, Ltd.",johnson count ERCOT Gas-fired Gen IX T2: ERCOT MQT,Joelle Abi-Nahed,Joelle Abi-Nahed,Fixed,Mark as Cancelled,"11,000",Lena Barakat,Sonjoy Roy,,7-Nov-25,,ERCOT,,,,,
Generation Interconnection,"Wise Energy Resources, Ltd.",johnson count ERCOT Gas-fired Gen IX T3: Interconnection Support,Joelle Abi-Nahed,Joelle Abi-Nahed,HNTE,Mark as Cancelled,"5,000",Lena Barakat,Sonjoy Roy,,7-Nov-25,,ERCOT,,,,,
Generation Interconnection,"Wise Energy Resources, Ltd.",Maypearl  ERCOT Gas-fired Gen IX T2: ERCOT MQT,Joelle Abi-Nahed,Joelle Abi-Nahed,Fixed,Mark as Cancelled,"11,000",Yara Karam,Sonjoy Roy,,1-Dec-25,,ERCOT,,,,,
Generation Interconnection,"Wise Energy Resources, Ltd.",Maypearl  ERCOT Gas-fired Gen IX T3: Interconnection Support,Joelle Abi-Nahed,Joelle Abi-Nahed,HNTE,Mark as Cancelled,"5,000",Yara Karam,Sonjoy Roy,,1-Dec-25,,ERCOT,,,,,
Generation Interconnection,"Wise Energy Resources, Ltd.",Maypearl ERCOT Load IX T1: Load Interconnection Support,Joelle Abi-Nahed,Joelle Abi-Nahed,Fixed,Can be Invoiced and Closed,"5,000",Ghida Hajj Hassan,Sonjoy Roy,,31-Jul-25,,ERCOT,,,,800,
,,,,,,,,,,,,,,,,,1200,
,,,,,,,,,,,,,,,,,60,
Generation Interconnection,"Wise Energy Resources, Ltd.",johnson count ERCOT Load IX T1: Load Interconnection Support,Joelle Abi-Nahed,Joelle Abi-Nahed,HNTE,Invoice time spent at end of month,"10,000",Ghida Hajj Hassan,Sonjoy Roy,,1-Dec-26,,ERCOT,,,,,
Generation Interconnection,"Wise Energy Resources, Ltd.",Maypearl  ERCOT Gas-fired Gen IX T1: ERCOT Expedited SS & FIS Application,Joelle Abi-Nahed,Joelle Abi-Nahed,Fixed,Can be Invoiced and Closed,"12,000",Yara Karam,Sonjoy Roy,,8-Jul-25,,ERCOT,,,,invoice and cancel,
Generation Interconnection,"Wise Energy Resources, Ltd.",Maypearl  ERCOT Load IX T2: PSSE Model Development,Joelle Abi-Nahed,Joelle Abi-Nahed,Fixed,Can be Invoiced and Closed,"8,000",Ghida Hajj Hassan,Sonjoy Roy,7/25/2025,31-Jul-25,,ERCOT,,,,,
Generation Interconnection,"Wise Energy Resources, Ltd.",Maypearl  ERCOT Load IX T3: Dynamic Load Model,Joelle Abi-Nahed,Joelle Abi-Nahed,Fixed,Can be Invoiced and Closed,"13,000",Ghida Hajj Hassan,Sonjoy Roy,7/25/2025,31-Jul-25,,ERCOT,,,,,
Generation Interconnection,"Wise Energy Resources, Ltd.",johnson count ERCOT Load IX T2: PSSE Model Development,Joelle Abi-Nahed,Joelle Abi-Nahed,Fixed,Can be Invoiced and Closed,"8,000",Georgette Khanfour,Bikram Bhandari,7/25/2025,31-Jul-25,,ERCOT,,,,,
Generation Interconnection,"Wise Energy Resources, Ltd.",johnson coun ERCOT Load IX T3: Dynamic Load Model,Joelle Abi-Nahed,Joelle Abi-Nahed,Fixed,Can be Invoiced and Closed,"13,000",Georgette Khanfour,Bikram Bhandari,7/25/2025,31-Jul-25,,ERCOT,,,,,
Generation Interconnection,Wise_Cocanougher ,Fannin Valley T1 LOAD INTERCONNECTION SUPPORT,Joelle Abi-Nahed,Sonjoy Roy,HNTE,Invoice time spent at end of month,"10,000",Yara Karam,Sonjoy Roy,,30-Dec-30,400732,ERCOT,,load,,,
Generation Interconnection,Wise_Cocanougher ,Maypearl Energy Center T1 LOAD INTERCONNECTION SUPPORT,Joelle Abi-Nahed,Sonjoy Roy,HNTE,Invoice time spent at end of month,"10,000",Ghida Hajj Hassan,Sonjoy Roy,,30-Dec-30,400733,ERCOT,,load,,1200,
Generation Interconnection,Wise_Cocanougher ,Cecil Lee T1 LOAD INTERCONNECTION SUPPORT,Joelle Abi-Nahed,Sonjoy Roy,HNTE,Invoice time spent at end of month,"10,000",Ghida Hajj Hassan,Sonjoy Roy,,30-Dec-30,400727,ERCOT,,load,,,
Generation Interconnection,Wise_Cocanougher ,Houston Load Project CenterPoint - T1 General Interconnection Support - Load,Joelle Abi-Nahed,Sonjoy Roy,HNTE,Invoice time spent at end of month,"10,000",Ghida Hajj Hassan,Sonjoy Roy,,31-Dec-26,403463,ERCOT,CenterPoint,Load,,maypearl 1 800,
,,,,,,,,,,,,,,,,,maypearl 2 1200 MW sam epoi as 1,
,,,,,,,,,,,,,,,,,maypearl 3 CNP <75 (69 kV poi),
Generation Interconnection,Wise_Cocanougher ,Rustler Ranch T1 LOAD INTERCONNECTION SUPPORT,Joelle Abi-Nahed,Sonjoy Roy,HNTE,Mark as Cancelled,"10,000",Yara Karam,Sonjoy Roy,,30-Dec-30,400729,ERCOT,,load,,,
Generation Interconnection,Wise_Cocanougher ,Rustler Ranch T2 PSS®E MODEL DEVELOPMENT,Joelle Abi-Nahed,Sonjoy Roy,Fixed,Mark as Cancelled,"8,000",Yara Karam,Sonjoy Roy,,30-Dec-30,400729,ERCOT,,load,,,
Generation Interconnection,Wise_Cocanougher ,Rustler Ranch T3 DYNAMIC LOAD MODEL,Joelle Abi-Nahed,Sonjoy Roy,Fixed,Mark as Cancelled,"13,000",Yara Karam,Sonjoy Roy,,30-Dec-30,400729,ERCOT,,load,,,
Generation Interconnection,Wise_Cocanougher ,Delaware Ranch T1 LOAD INTERCONNECTION SUPPORT,Joelle Abi-Nahed,Sonjoy Roy,HNTE,Mark as Cancelled,"10,000",Yara Karam,Sonjoy Roy,,30-Dec-30,400730,ERCOT,,load,,,
Generation Interconnection,Wise_Cocanougher ,Delaware Ranch T2 PSS®E MODEL DEVELOPMENT,Joelle Abi-Nahed,Sonjoy Roy,Fixed,Mark as Cancelled,"8,000",Yara Karam,Sonjoy Roy,,30-Dec-30,400730,ERCOT,,load,,,
Generation Interconnection,Wise_Cocanougher ,Delaware Ranch T3 DYNAMIC LOAD MODEL,Joelle Abi-Nahed,Sonjoy Roy,Fixed,Mark as Cancelled,"13,000",Yara Karam,Sonjoy Roy,,30-Dec-30,400730,ERCOT,,load,,,
Generation Interconnection,Wise_Cocanougher ,Fannin Valley T2 PSS®E MODEL DEVELOPMENT,Joelle Abi-Nahed,Sonjoy Roy,Fixed,Hold (other reason),"8,000",Yara Karam,Sonjoy Roy,,30-Dec-30,400732,ERCOT,,load,,,
Generation Interconnection,Wise_Cocanougher ,Fannin Valley T3 DYNAMIC LOAD MODEL,Joelle Abi-Nahed,Sonjoy Roy,Fixed,Hold (other reason),"13,000",Yara Karam,Sonjoy Roy,,30-Dec-30,400732,ERCOT,,load,,,
Generation Interconnection,Wise_Cocanougher ,Rabbs Bayou T1 LOAD INTERCONNECTION SUPPORT,Joelle Abi-Nahed,Sonjoy Roy,HNTE,Mark as Cancelled,"10,000",Sonjoy Roy,,,30-Dec-30,400734,ERCOT,,load,,,
Generation Interconnection,Wise_Cocanougher ,Rabbs Bayou T2 PSS®E MODEL DEVELOPMENT,Joelle Abi-Nahed,Sonjoy Roy,Fixed,Mark as Cancelled,"8,000",Sonjoy Roy,,5/1/2026,30-Dec-30,400734,ERCOT,,load,,,
Generation Interconnection,Wise_Cocanougher ,Rabbs Bayou T3 DYNAMIC LOAD MODEL,Joelle Abi-Nahed,Sonjoy Roy,Fixed,Mark as Cancelled,"13,000",Sonjoy Roy,,,30-Dec-30,400734,ERCOT,,load,,,
Generation Interconnection,Wise_Cocanougher ,Smithers T1 LOAD INTERCONNECTION SUPPORT,Joelle Abi-Nahed,Sonjoy Roy,HNTE,Mark as Cancelled,"10,000",,,,1-Dec-26,,ERCOT,,,,,
Generation Interconnection,Wise_Cocanougher ,Smithers T2 PSS®E MODEL DEVELOPMENT,Joelle Abi-Nahed,Sonjoy Roy,Fixed,Mark as Cancelled,"8,000",,,,1-Dec-26,,ERCOT,,,,,
Generation Interconnection,Wise_Cocanougher ,Smithers T3 DYNAMIC LOAD MODEL,Joelle Abi-Nahed,Sonjoy Roy,Fixed,Mark as Cancelled,"13,000",,,,1-Dec-26,,ERCOT,,,,,
Generation Interconnection,Wise_Cocanougher ,Maypearl Energy Center T2 PSS®E MODEL DEVELOPMENT,Joelle Abi-Nahed,Sonjoy Roy,Fixed,Can be Invoiced and Closed,"8,000",Ghida Hajj Hassan,Georgette Khanfour,7/25/2025,31-Jul-25,400733,ERCOT,,load,,,
Generation Interconnection,Wise_Cocanougher ,Maypearl Energy Center T3 DYNAMIC LOAD MODEL,Joelle Abi-Nahed,Sonjoy Roy,Fixed,Can be Invoiced and Closed,"13,000",Ghida Hajj Hassan,Georgette Khanfour,7/25/2025,31-Jul-25,400733,ERCOT,,load,,,
Generation Interconnection,Wise_Cocanougher ,Houston Load Load Project CenterPoint - T2 PSSE Steadystate & Dynamic Model - Load,Joelle Abi-Nahed,Sonjoy Roy,Fixed,Can be Invoiced - leave open,"20,000",Ghida Hajj Hassan,Sonjoy Roy,29-Oct-25,31-Oct-25,403463,ERCOT,CenterPoint,Load,,Client requested to submit early Nov with 74.9 MW to avoid ERCOT Large Load Requirements. JJ: pending approve tie entries 11/6,
Generation Interconnection,Wise_Cocanougher ,Cecil Lee T2 PSS®E MODEL DEVELOPMENT,Joelle Abi-Nahed,Sonjoy Roy,Fixed,Can be Invoiced - leave open,"8,000",Ghida Hajj Hassan,Sonjoy Roy,5/8/2026,18-May-26,400727,ERCOT,,load,,load questionnaire was sent by client. follow up on models??,
Generation Interconnection,Wise_Cocanougher ,Cecil Lee T3 DYNAMIC LOAD MODEL,Joelle Abi-Nahed,Sonjoy Roy,Fixed,Can be Invoiced - leave open,"13,000",Yara Karam,Sonjoy Roy,5/8/2026,18-May-26,400727,ERCOT,,load,,,
Generation Interconnection,"Wise Asset No. 4, Ltd. ",TASK 1: GENERAL INTERCONNECTION SUPPORT - LOAD ,Joelle Abi-Nahed,Sonjoy Roy,HNTE,Invoice time spent at end of month,"10,000",,Sonjoy Roy,,1-Dec-26,406634,ERCOT,,Load,,,
Generation Interconnection,"Wise Asset No. 4, Ltd. ",TASK 2: PSS®E STEADY STATE & DYNAMIC MODEL - LOAD ,Joelle Abi-Nahed,Sonjoy Roy,Fixed,In progress,"21,000",,Sonjoy Roy,,1-Dec-26,406634,ERCOT,,Load,,,
Energy Market Analysis,X-Elio North America Inc ,Meadow Ridge Solar and BESS T2 - T2 Project Interconnection Support,Joelle Abi-Nahed,Joelle Abi-Nahed,Fixed,Mark as Cancelled,"8,000",,,,1-Dec-25,,ERCOT,,,,,
Generation Interconnection,X-Elio North America Inc ,Wylie Solar T4 - T4 Project Interconnection Support,Joelle Abi-Nahed,Joelle Abi-Nahed,HNTE,Mark as Cancelled,"5,000",,,,1-Dec-25,,ERCOT,,BESS,,,
Generation Interconnection,XGS Energy Inc.,"TASK 3: XGS RED HILLS INFRASTRUCTURE, LLC WDAT INTERCONNECTION  APPLICATION FOR PROJECT TO PG&E",Joelle Abi-Nahed,Joelle Abi-Nahed,Fixed,Can be Invoiced - leave open,"17,000",Georgette Khanfour,Bikram Bhandari,9/12/2025,18-Sep-25,401784,WECC,,Geothermal,,,
Generation Interconnection,Zelestra,Crossroads Wind Project T1- General Support,Joelle Abi-Nahed,Sonjoy Roy,HNTE,Invoice time spent at end of month,"5,000",Ghida Hajj Hassan,Sonjoy Roy,,1-Dec-26,406019,ERCOT,,,,,
Generation Interconnection,Zelestra,"Crossroads Wind Project T2-ERCOT PSSE MODEL, MQT AND  TUNING UPDATE – V36 ",Joelle Abi-Nahed,Sonjoy Roy,Fixed,In progress,"8,000",Ghida Hajj Hassan,Sonjoy Roy,16-Sep,23-Sep-26,406019,ERCOT,,,,,
Generation Interconnection,Zelestra,Crossroads Wind Project T3-ERCOT PSS/E MODEL QUALITY TEST,Joelle Abi-Nahed,Sonjoy Roy,Fixed,In progress,"10,000",Ghida Hajj Hassan,Sonjoy Roy,16-Sep,23-Sep-26,406019,ERCOT,,,,,
,,AND TUNING -V35 UPDATE ,,,,,,,,,,,,,,,,
Generation Interconnection,Zelestra,Crossroads Wind Project T4-PSCAD™ MODEL QUALITY TEST – V35,Joelle Abi-Nahed,Sonjoy Roy,Fixed,In progress,"12,500",Ghida Hajj Hassan,Sonjoy Roy,16-Sep,23-Sep-26,406019,ERCOT,,,,,
,,UPDATE ,,,,,,,,,,,,,,,,
Generation Interconnection,Zelestra,Crossroads Wind Project T5-TSAT MODEL QUALITY TEST – V35,Joelle Abi-Nahed,Sonjoy Roy,Fixed,In progress,"10,000",Ghida Hajj Hassan,Sonjoy Roy,16-Sep,23-Sep-26,406019,ERCOT,,,,,
,,UPDATE ,,,,,,,,,,,,,,,,
Generation Interconnection,Zelestra,"Crossroads Wind Project T6-PSS®E, PSCADTM AND TSAT MODEL",Joelle Abi-Nahed,Sonjoy Roy,Fixed,In progress,"10,000",Ghida Hajj Hassan,Sonjoy Roy,16-Sep,23-Sep-26,406019,ERCOT,,,,,
,,BENCHMARKING STUDY – V35 ,,,,,,,,,,,,,,,,
Generation Interconnection,Zelestra,Crossroads Wind Project T7-REACTIVE POWER COMPENSATION,Joelle Abi-Nahed,Sonjoy Roy,Fixed,In progress,"11,000",Ghida Hajj Hassan,Sonjoy Roy,16-Sep,23-Sep-26,406019,ERCOT,,,,,
,,STUDY UPDATE ,,,,,,,,,,,,,,,,
Generation Interconnection,Zelestra,Crossroads Wind Project T8-ERCOT FIS Material & Models Update ,Joelle Abi-Nahed,Sonjoy Roy,Fixed,In progress,"15,000",Ghida Hajj Hassan,Sonjoy Roy,21-Aug,26-Aug-26,406019,ERCOT,,,,,
Generation Interconnection,Zelestra,Crossroads Wind Project T9-Plant Aspen Model (New or Update) – If,Joelle Abi-Nahed,Sonjoy Roy,Fixed,In progress,"3,500",Ghida Hajj Hassan,Sonjoy Roy,16-Sep,23-Sep-26,406019,ERCOT,,,,,
,,Required by TSP ,,,,,,,,,,,,,,,,
Generation Interconnection,Zelestra,Crossroads Wind Project T10-Planning Model Data & QSA,Joelle Abi-Nahed,Sonjoy Roy,Fixed,In progress,"8,000",Ghida Hajj Hassan,Sonjoy Roy,,1-Dec-26,406019,ERCOT,,,,,
,,Requirements Support ,,,,,,,,,,,,,,,,
Generation Interconnection,Zelestra,Crossroads Wind Project T11-Full Registration Data Submission &,Joelle Abi-Nahed,Sonjoy Roy,Fixed,In progress,"19,000",Ghida Hajj Hassan,Sonjoy Roy,,1-Dec-26,406019,ERCOT,,,,,
,,Production Load Date Support ,,,,,,,,,,,,,,,,
Generation Interconnection,baywa,Alton BESS T1-MISO PSSE MODEL DEVELOPMENT ,Joelle Abi-Nahed,Joelle Abi-Nahed,Fixed,In progress,"7,000",Marise El Nacouzi,Bikram Bhandari,24-Aug-26,31-Aug-26,406596,Other,,BESS,,,
Generation Interconnection,baywa,Alton BESS T2- MISO TSAT MODEL DEVELOPMENT,Joelle Abi-Nahed,Joelle Abi-Nahed,Fixed,In progress,"7,000",Georgette Khanfour,Bikram Bhandari,24-Aug-26,31-Aug-26,406596,Other,,BESS,,,
Generation Interconnection,baywa,Alton BESS T3-PSCAD™ PLANT MODEL DEVELOPMENT,Joelle Abi-Nahed,Joelle Abi-Nahed,Fixed,In progress,"7,000",Marise El Nacouzi,Bikram Bhandari,24-Aug-26,31-Aug-26,406596,Other,,BESS,,,
Generation Interconnection,baywa,Alton BESS T4-MISO PSSE DYNAMIC MODEL QUALITY TESTS ,Joelle Abi-Nahed,Joelle Abi-Nahed,Fixed,In progress,"10,000",Marise El Nacouzi,Bikram Bhandari,24-Aug-26,31-Aug-26,406596,Other,,BESS,,,
Generation Interconnection,baywa,Alton BESS T5-MISO TSAT UDM MODEL QUALITY TESTS ,Joelle Abi-Nahed,Joelle Abi-Nahed,Fixed,In progress,"14,500",Georgette Khanfour,Bikram Bhandari,24-Aug-26,31-Aug-26,406596,Other,,BESS,,,
Generation Interconnection,baywa,Alton BESS T6- MISO PSCAD™ MODEL QUALITY TEST,Joelle Abi-Nahed,Joelle Abi-Nahed,Fixed,In progress,"17,500",Marise El Nacouzi,Bikram Bhandari,24-Aug-26,31-Aug-26,406596,Other,,BESS,,,
Generation Interconnection,baywa,Alton BESS T7-MODEL TROUBLESHOOTING ,Joelle Abi-Nahed,Joelle Abi-Nahed,HNTE,Invoice time spent at end of month,"5,000",Marise El Nacouzi,Bikram Bhandari,10-Aug-26,31-Aug-26,406596,Other,,,,,
Generation Interconnection,baywa,Alton BESS T8-MISO DPP 2026 INTERCONNECTION APPLICATION,Joelle Abi-Nahed,Joelle Abi-Nahed,Fixed,In progress,"10,500",Marise El Nacouzi,Bikram Bhandari,24-Aug-26,31-Aug-26,406596,Other,,BESS,,,
Generation Interconnection,baywa,Alton BESS T9-MISO DPP INTERCONNECTION SUPPORT,Joelle Abi-Nahed,Joelle Abi-Nahed,HNTE,Invoice time spent at end of month,"5,000",Marise El Nacouzi,Bikram Bhandari,10-Aug-26,1-Dec-26,406596,Other,,,,,
Generation Interconnection,Zelestra,Smokey Willie Storage T1- ERCOT FIS Material & Models Update,Joelle Abi-Nahed,Lea El Khoury,Fixed,In progress,"14,000",Shiva Amini,Lea El Khoury,14-Aug,21-Aug-26,406642,ERCOT,,BESS,,TO,
Generation Interconnection,Zelestra,Smokey Willie Storage T2- BESS ERCOT PSS/E MODEL QUALITY TEST AND TUNING –V35 ,Joelle Abi-Nahed,Lea El Khoury,Fixed,In progress,"11,813",Elias Chedid,Lea El Khoury,11-Sep,18-Sep-26,406642,ERCOT,,BESS,,,
Generation Interconnection,Zelestra,Smokey Willie Storage T3- COMBINED SOLAR + STORAGE ERCOT PSS/E MODEL QUALITY TEST AND TUNING – V35,Joelle Abi-Nahed,Lea El Khoury,Fixed,In progress,"11,813",Elias Chedid,Lea El Khoury,11-Sep,18-Sep-26,406642,ERCOT,,BESS,,,
Generation Interconnection,Zelestra,Smokey Willie Storage T4- General Interconnection Support,Joelle Abi-Nahed,Lea El Khoury,HNTE,Invoice time spent at end of month,"7,500",,Lea El Khoury,,1-Dec-26,406642,ERCOT,,BESS,,,
Generation Interconnection,Elawan,Neutron Storage  T18-Support,Joelle Abi-Nahed,Joelle Abi-Nahed,HNTE,Invoice time spent at end of month,"15,000",,Bikram Bhandari,,1-Dec-26,201719,ERCOT,,BESS,,,
Generation Interconnection,Zeus,Armstrong BESS Task 4: ERCOT FIS Material & Models update,Joelle Abi-Nahed,Joelle Abi-Nahed,Fixed,Can be Invoiced and Closed,"7,500",Ghida Hajj Hassan,Behzad Jandaghi,4/22/2025,30-Apr-25,,ERCOT,,BESS,,after 10% design,
Generation Interconnection,Zeus,Mitchell BESS FIS udpate,Joelle Abi-Nahed,Sonjoy Roy,Fixed,Can be Invoiced and Closed,"7,500",Lena Barakat,Sonjoy Roy,5/7/2025,19-May-25,,ERCOT,,BESS,,INR,
Generation Interconnection,"Zeus Renewable Energy Development, LLC",TASK 1: ERCOT PLACEHOLDER FIS APPLICATION ON RIOO – Spade Wind,Joelle Abi-Nahed,Joelle Abi-Nahed,Fixed,Can be Invoiced and Closed,"9,000",Georgette Khanfour,Bikram Bhandari,12/16/2024,20-Dec-24,203607,ERCOT,,,,in progress on rioo - site control issue,
Generation Interconnection,"Zeus Renewable Energy Development, LLC",TASK 1: ERCOT PLACEHOLDER FIS APPLICATION ON RIOO – Spade BESS,Joelle Abi-Nahed,Joelle Abi-Nahed,Fixed,Can be Invoiced and Closed,"9,000",Georgette Khanfour,Bikram Bhandari,12/16/2024,20-Dec-24,203798,ERCOT,,,,do not link to any other INR,
Generation Interconnection,"Zeus Renewable Energy Development, LLC",TASK 1: PROJECT REVIEW AND MILESTONE IDENTIFICATION,Joelle Abi-Nahed,Joelle Abi-Nahed,Fixed,Can be Invoiced and Closed,"7,000",Georgette Khanfour,Sonjoy Roy,27-Aug,28-Aug-24,,ERCOT,,,,,
Generation Interconnection,"Zeus Renewable Energy Development, LLC",Armstrong SolarTASK 3: INTERCONNECTION SUPPORT & MEETINGS,Joelle Abi-Nahed,Joelle Abi-Nahed,HNTE,Mark as Cancelled,0,Shiva Amini,Lena Barakat,,20-Dec-25,,ERCOT,,Solar,,solar and storage and load each has separate station/pending kevin's team design,
,,,,,,,,,,,,,,,,,new design same as Mitchell BESS -> same model?,
,,,,,,,,,,,,,,,,,5000 inital budget,
Generation Interconnection,"Zeus Renewable Energy Development, LLC",Mitchell SolarTASK 3: INTERCONNECTION SUPPORT & MEETINGS,Joelle Abi-Nahed,Joelle Abi-Nahed,HNTE,Mark as Cancelled,0,Shiva Amini,Lena Barakat,,20-Dec-25,,ERCOT,,Solar,,solar and storage and load each has separate station/pending kevin's team design,
,,,,,,,,,,,,,,,,,5000 inital budget,
Generation Interconnection,"Zeus Renewable Energy Development, LLC",Armstrong BESS TASK 3: INTERCONNECTION SUPPORT & MEETINGS,Joelle Abi-Nahed,Joelle Abi-Nahed,HNTE,Mark as Cancelled,0,Shiva Amini,Lena Barakat,,20-Dec-25,,ERCOT,,Solar,,solar and storage and load each has separate station/pending kevin's team design,
Generation Interconnection,"Zeus Renewable Energy Development, LLC",Armstrong Solar TASK 1: ERCOT FIS application,Joelle Abi-Nahed,Joelle Abi-Nahed,Fixed,Can be Invoiced and Closed,"12,500",Shiva Amini,Behzad Jandaghi,2/11/2025,18-Feb-25,,ERCOT,,Solar,,solar and storage and load each has separate station/pending kevin's team design,
Generation Interconnection,"Zeus Renewable Energy Development, LLC",Armstrong BESS TASK 1: ERCOT FIS application,Joelle Abi-Nahed,Joelle Abi-Nahed,Fixed,Can be Invoiced and Closed,"12,500",Shiva Amini,Behzad Jandaghi,2/26/2025,28-Feb-25,,ERCOT,,BESS,,solar and storage and load each has separate station/pending kevin's team design,
,,,,,,,,,,,,,,,,,new design same as Mitchell BESS -> same model?,
Generation Interconnection,"Zeus Renewable Energy Development, LLC",Mitchell Solar TASK 1: ERCOT FIS application,Joelle Abi-Nahed,Joelle Abi-Nahed,Fixed,Can be Invoiced and Closed,"12,500",Ghida Hajj Hassan,Behzad Jandaghi,3/18/2025,28-Mar-25,,ERCOT,,Solar,,separate detailed model,
,,,,,,,,,,,,,,,,,combined equivalent model,
Generation Interconnection,"Zeus Renewable Energy Development, LLC",Mitchell   BESS TASK 1: ERCOT FIS application,Joelle Abi-Nahed,Joelle Abi-Nahed,Fixed,Can be Invoiced and Closed,"12,500",Ghida Hajj Hassan,Behzad Jandaghi,3/18/2025,28-Mar-25,,ERCOT,,BESS,,separate detailed model,
,,,,,,,,,,,,,,,,,combined equivalent model,
Generation Interconnection,"Zeus Renewable Energy Development, LLC",Rusk Solar TASK 1: ERCOT PLACEHOLDER FIS APPLICATION ON RIOO,Joelle Abi-Nahed,Joelle Abi-Nahed,Fixed,Can be Invoiced and Closed,"2,000",Lena Barakat,,,16-Dec-24,,ERCOT,,Solar,,in progress on rioo - site control issue,
Generation Interconnection,"Zeus Renewable Energy Development, LLC",Rusk BESS TASK 1: ERCOT PLACEHOLDER FIS APPLICATION ON RIOO,Joelle Abi-Nahed,Joelle Abi-Nahed,Fixed,Can be Invoiced and Closed,"2,000",Lena Barakat,,,16-Dec-24,,ERCOT,,Solar,,site ocntrol from client,
Generation Interconnection,"Zeus Renewable Energy Development, LLC",Scurry Solar TASK 1: ERCOT FIS application,Joelle Abi-Nahed,Joelle Abi-Nahed,Fixed,Can be Invoiced - leave open,"17,000",Ghida Hajj Hassan,Lena Barakat,5/4/2025,19-May-25,,ERCOT,,Solar,,solar and storage and load each has separate station/pending kevin's team design,
Generation Interconnection,"Zeus Renewable Energy Development, LLC",Scurry  BESS TASK 1: ERCOT FIS application,Joelle Abi-Nahed,Joelle Abi-Nahed,Fixed,Can be Invoiced - leave open,"17,000",Ghida Hajj Hassan,Lena Barakat,5/4/2025,19-May-25,,ERCOT,,BESS,,solar and storage and load each has separate station/pending kevin's team design,
Generation Interconnection,"Zeus Renewable Energy Development, LLC",Armstrong Solar TASK 2: ERCOT MODEL QUALITY,Joelle Abi-Nahed,Joelle Abi-Nahed,Fixed,Can be Invoiced and Closed,"9,000",Abraham Reveles,Behzad Jandaghi,23-May,30-May-25,203602,ERCOT,,Solar,,combined mqt,
,,TEST,,,,,,,,,,,,,,,,
Generation Interconnection,"Zeus Renewable Energy Development, LLC",Armstrong BESS TASK 2: ERCOT MODEL QUALITY,Joelle Abi-Nahed,Joelle Abi-Nahed,Fixed,Can be Invoiced and Closed,"19,000",Abraham Reveles,Behzad Jandaghi,23-May,30-May-25,203608,ERCOT,,BESS,,combined mqt,
,,TEST,,,,,,,,,,,,,,,,
Generation Interconnection,"Zeus Renewable Energy Development, LLC",Armstrong load TASK 8 : LOAD PSS®E MODEL,Joelle Abi-Nahed,Joelle Abi-Nahed,Fixed,Can be Invoiced and Closed,"6,000",Anthony Saab,Behzad Jandaghi,2/25/2025,28-Feb-25,,ERCOT,,load,,solar and storage and load each has separate station/pending kevin's team design,
,,DEVELOPMENT ,,,,,,,,,,,,,,,,
Generation Interconnection,"Zeus Renewable Energy Development, LLC",Armstrong load  TASK 9 : DYNAMIC LOAD MODEL ,Joelle Abi-Nahed,Joelle Abi-Nahed,Fixed,Can be Invoiced - leave open,"10,000",Anthony Saab,Behzad Jandaghi,2/25/2025,28-Feb-25,,ERCOT,,load,,,
Generation Interconnection,"Zeus Renewable Energy Development, LLC",Mitchell  load TASK 1 : LOAD PSS®E MODEL DEVELOPMENT ,Joelle Abi-Nahed,Joelle Abi-Nahed,Fixed,Can be Invoiced - leave open,"8,000",Ghida Hajj Hassan,Behzad Jandaghi,3/14/2025,28-Mar-25,,ERCOT,,load,,sepaarte models,
Generation Interconnection,"Zeus Renewable Energy Development, LLC",Mitchell  load  TASK 2 : DYNAMIC LOAD MODEL ,Joelle Abi-Nahed,Joelle Abi-Nahed,Fixed,Can be Invoiced - leave open,"13,000",Ghida Hajj Hassan,Behzad Jandaghi,3/14/2025,28-Mar-25,,ERCOT,,load,,sepaarte models,
Generation Interconnection,"Zeus Renewable Energy Development, LLC",Scurry  load TASK 8 : LOAD PSS®E MODEL DEVELOPMENT ,Joelle Abi-Nahed,Joelle Abi-Nahed,Fixed,Can be Invoiced and Closed,"6,000",Ghida Hajj Hassan,Sonjoy Roy,5/4/2025,12-May-25,,ERCOT,,load,,solar and storage and load each has separate station/pending kevin's team design,
Generation Interconnection,"Zeus Renewable Energy Development, LLC",Scurry load  TASK 9 : DYNAMIC LOAD MODEL ,Joelle Abi-Nahed,Joelle Abi-Nahed,Fixed,Can be Invoiced and Closed,"10,000",Ghida Hajj Hassan,Sonjoy Roy,5/4/2025,12-May-25,,ERCOT,,load,,,
Generation Interconnection,"Zeus Renewable Energy Development, LLC",Mitchell  Solar TASK 2: ERCOT MODEL QUALITY TEST,Joelle Abi-Nahed,Joelle Abi-Nahed,Fixed,Can be Invoiced and Closed,"9,000",Ghida Hajj Hassan,Sonjoy Roy,13-Jun,24-Jun-25,,ERCOT,,Solar,,combined mqt,
Generation Interconnection,"Zeus Renewable Energy Development, LLC",Mitchell   BESS TASK 2: ERCOT MODEL QUALITY TEST,Joelle Abi-Nahed,Joelle Abi-Nahed,Fixed,Can be Invoiced and Closed,"19,000",Ghida Hajj Hassan,Sonjoy Roy,13-Jun,24-Jun-25,203609,ERCOT,,BESS,,combined mqt,
Generation Interconnection,"Zeus Renewable Energy Development, LLC",Scurry  Solar TASK 2: ERCOT MODEL QUALITY TEST,Joelle Abi-Nahed,Joelle Abi-Nahed,Fixed,Can be Invoiced and Closed,"16,500",Shiva Amini,Behzad Jandaghi,13-Jun,20-Jun-25,203603,ERCOT,,Solar,,combined MQT,
Generation Interconnection,"Zeus Renewable Energy Development, LLC",Scurry BESS TASK 2: ERCOT MODEL QUALITY TEST,Joelle Abi-Nahed,Joelle Abi-Nahed,Fixed,Can be Invoiced and Closed,"16,500",Shiva Amini,Behzad Jandaghi,13-Jun,20-Jun-25,203610,ERCOT,,BESS,,combined MQT,
Generation Interconnection,"ZeusRED, LLC",TASK 1: PROJECT REVIEW AND MILESTONE IDENTIFICATION,Joelle Abi-Nahed,Joelle Abi-Nahed,Fixed,Can be Invoiced and Closed,"10,500",Georgette Khanfour,Sonjoy Roy,27-Aug,28-Aug-24,,ERCOT,,,,,
,,,,,,,,,,,,,,,,,,
,,,,,,,,,,,,,,,,,,
,,,,,,,,,,,,,,,,,,
,,,,,,,,,,,,,,,,,,
,,,,,,,,,,,,,,,,,,
,,,,,,,,,,,,,,,,,,
,,,,,,,,,,,,,,,,,,
,,,,,,,,,,,,,,,,,,
,,,,,,,,,,,,,,,,,,
